Action,Date,Time,Sheet,ExcelRow,SessionId,SaheliCard,Name,Detail
INSERT_BOOKING,2024-07-01,10:30:00-11:30:00,July 24,4,13152,84,Anser Begum,Attended=No
INSERT_BOOKING,2024-07-01,10:30:00-11:30:00,July 24,5,13152,134,Shukri Yusuf,Attended=No
INSERT_BOOKING,2024-07-02,12:00:00-13:00:00,July 24,20,13154,90,Farzana Saleem,Attended=No
INSERT_BOOKING,2024-07-02,12:00:00-13:00:00,July 24,22,13154,118,Saira Zulffkar,Attended=No
INSERT_BOOKING,2024-07-02,12:00:00-13:00:00,July 24,23,13154,123,Yasmin Begum,Attended=No
INSERT_BOOKING,2024-07-04,10:00:00-11:00:00,July 24,29,13155,84,Anser Begum,Attended=No
INSERT_BOOKING,2024-07-08,10:30:00-11:30:00,July 24,57,13158,87,Ghazala Bibi,Attended=No
INSERT_BOOKING,2024-07-08,10:30:00-11:30:00,July 24,58,13158,27,Sajida Mahmood,Attended=No
INSERT_BOOKING,2024-07-08,10:30:00-11:30:00,July 24,59,13158,1,Parveen Akhtar,Attended=No
INSERT_BOOKING,2024-07-08,10:30:00-11:30:00,July 24,60,13158,8,Tahira Shamim,Attended=No
INSERT_BOOKING,2024-07-08,10:30:00-11:30:00,July 24,62,13158,84,Anser Begum,Attended=No
INSERT_BOOKING,2024-07-08,10:30:00-11:30:00,July 24,64,13158,141,Adeela Saeed,Attended=No
INSERT_BOOKING,2024-07-11,12:30:00-13:30:00,July 24,92,13162,13,Sughra Begum,Attended=Blank
INSERT_BOOKING,2024-07-11,12:30:00-13:30:00,July 24,95,13162,83,Larisa Dumitru,Attended=Blank
INSERT_BOOKING,2024-07-15,12:30:00-13:30:00,July 24,119,13165,146,Rabeena Shaheen,Attended=No
INSERT_BOOKING,2024-07-15,18:45:00-19:45:00,July 24,128,13166,111,Ghiyas-ul-Haq Ahmed,Attended=No
INSERT_BOOKING,2024-07-18,10:00:00-11:00:00,July 24,146,13168,91,Rubina Amar,Attended=No
INSERT_BOOKING,2024-07-18,10:00:00-11:00:00,July 24,147,13168,152,Jennifer Mason,Attended=No
INSERT_BOOKING,2024-07-18,10:00:00-11:00:00,July 24,150,13168,83,Larisa Dumitru,Attended=No
INSERT_BOOKING,2024-07-20,10:30:00-11:30:00,July 24,164,13170,161,Shamsa Saddique,Attended=No
INSERT_BOOKING,2024-07-20,10:30:00-11:30:00,July 24,168,13170,169,Maqsood Begum,Attended=No
INSERT_BOOKING,2024-07-22,18:45:00-19:45:00,July 24,191,13173,147,Arshad Mahmood,Attended=No
INSERT_BOOKING,2024-07-25,10:00:00-11:00:00,July 24,219,13176,153,Valerie Joan Fitt,Attended=No
INSERT_BOOKING,2024-07-25,10:00:00-11:00:00,July 24,221,13176,91,Rubina Amar,Attended=No
INSERT_BOOKING,2024-07-25,10:00:00-11:00:00,July 24,222,13176,173,Janat Iqbal,Attended=No
INSERT_BOOKING,2024-07-25,12:30:00-13:30:00,July 24,227,13177,31,Nazia Bi,Attended=No
INSERT_BOOKING,2024-07-25,12:30:00-13:30:00,July 24,230,13177,93,Inaam Hasballa,Attended=No
INSERT_BOOKING,2024-07-27,10:30:00-11:30:00,July 24,248,13179,178,Munir Akhtar Hussain,Attended=No
INSERT_BOOKING,2024-07-27,10:30:00-11:30:00,July 24,249,13179,13,Sughra Begum,Attended=No
INSERT_BOOKING,2024-07-29,18:45:00-19:45:00,July 24,272,13182,37,Malik Khan,Attended=No
INSERT_BOOKING,2024-08-01,10:00:00-11:00:00,August 24,3,13185,65,Tasleem Akhtar,Attended=No
INSERT_BOOKING,2024-08-02,14:30:00-15:30:00,August 24,20,13187,176,Noel Mcmanamon,Attended=Blank
INSERT_BOOKING,2024-08-03,10:30:00-11:30:00,August 24,30,13188,159,Shabeena Kausar,Attended=No
INSERT_BOOKING,2024-08-03,10:30:00-11:30:00,August 24,31,13188,187,Fathiya Mohamed,Attended=No
INSERT_BOOKING,2024-08-05,10:30:00-11:30:00,August 24,44,13189,185,Uzma Saeed,Attended=No
INSERT_BOOKING,2024-08-12,10:30:00-11:30:00,August 24,124,13198,138,Hafiza Saddique,Attended=No
INSERT_BOOKING,2024-08-12,10:30:00-11:30:00,August 24,127,13198,7,Kowsar Rukhsana,Attended=No
INSERT_BOOKING,2024-10-03,12:30:00-13:30:00,October 24,29,13230,232,Joanne Carey,Attended=No
INSERT_BOOKING,2024-10-03,12:30:00-13:30:00,October 24,31,13230,238,Nasim Ali,Attended=No
INSERT_BOOKING,2024-10-04,14:30:00-15:30:00,October 24,41,13231,147,Arshad Mahmood,Attended=Blank
INSERT_BOOKING,2024-10-07,18:45:00-19:45:00,October 24,76,13235,242,Karamat Hussain,Attended=No
INSERT_BOOKING,2024-10-07,18:45:00-19:45:00,October 24,78,13235,195,azhar iqbal,Attended=Blank
INSERT_BOOKING,2024-10-09,09:45:00-10:45:00,October 24,113,13239,195,azhar iqbal,Attended=No
INSERT_BOOKING,2024-10-11,14:30:00-15:30:00,October 24,137,13242,242,Karamat Hussain,Attended=No
INSERT_BOOKING,2024-10-14,10:30:00-11:30:00,October 24,156,13244,232,Joanne Carey,Attended=No
INSERT_BOOKING,2024-10-14,10:30:00-11:30:00,October 24,157,13244,145,Nighat Noreen,Attended=No
INSERT_BOOKING,2024-10-14,10:30:00-11:30:00,October 24,159,13244,250,Fareeda Bi,Attended=No
INSERT_BOOKING,2024-10-14,10:30:00-11:30:00,October 24,160,13244,251,Khalida Begum,Attended=No
INSERT_BOOKING,2024-10-14,10:30:00-11:30:00,October 24,161,13244,231,Aisha Siddiqa,Attended=No
INSERT_BOOKING,2024-10-14,10:30:00-11:30:00,October 24,162,13244,261,Yasmin Begum,Attended=No
INSERT_BOOKING,2024-10-16,09:45:00-10:45:00,October 24,209,13250,242,Karamat Hussain,Attended=No
INSERT_BOOKING,2024-10-16,09:45:00-10:45:00,October 24,212,13250,195,azhar iqbal,Attended=No
INSERT_BOOKING,2024-10-16,09:45:00-10:45:00,October 24,213,13250,259,Abdul Majid,Attended=No
INSERT_BOOKING,2024-10-17,12:30:00-13:30:00,October 24,227,13252,85,Naseem Hussain,Attended=No
INSERT_BOOKING,2024-10-17,12:30:00-13:30:00,October 24,229,13252,170,Sughra Bibi,Attended=No
INSERT_BOOKING,2024-10-17,12:30:00-13:30:00,October 24,231,13252,189,Shabana Iqbal,Attended=No
INSERT_BOOKING,2024-10-18,14:30:00-15:30:00,October 24,236,13253,195,azhar iqbal,Attended=Blank
INSERT_BOOKING,2024-10-18,14:30:00-15:30:00,October 24,237,13253,147,Arshad Mahmood,Attended=Blank
INSERT_BOOKING,2024-10-18,14:30:00-15:30:00,October 24,238,13253,259,Abdul Majid,Attended=Blank
INSERT_BOOKING,2024-10-21,18:45:00-19:45:00,October 24,272,13257,147,Arshad Mahmood,Attended=No
INSERT_BOOKING,2024-10-21,18:45:00-19:45:00,October 24,274,13257,188,Baljinder Ghataore,Attended=No
INSERT_BOOKING,2024-10-24,10:00:00-11:00:00,October 24,321,13262,266,Nadia Khan,Attended=No
INSERT_BOOKING,2024-10-25,14:30:00-15:30:00,October 24,336,13264,147,Arshad Mahmood,Attended=No
INSERT_BOOKING,2024-10-25,14:30:00-15:30:00,October 24,337,13264,195,azhar iqbal,Attended=No
INSERT_BOOKING,2024-10-25,14:30:00-15:30:00,October 24,338,13264,259,Abdul Majid,Attended=No
INSERT_BOOKING,2024-10-25,14:30:00-15:30:00,October 24,339,13264,242,Karamat Hussain,Attended=No
INSERT_BOOKING,2024-10-31,10:00:00-11:00:00,October 24,416,13273,232,Joanne Carey,Attended=No
INSERT_BOOKING,2024-10-31,10:00:00-11:00:00,October 24,419,13273,237,Tamsila Hanif,Attended=No
INSERT_BOOKING,2024-10-31,12:30:00-13:30:00,October 24,425,13274,65,Tasleem Akhtar,Attended=No
INSERT_BOOKING,2024-10-31,12:30:00-13:30:00,October 24,426,13274,31,Nazia Bi,Attended=No
INSERT_BOOKING,2024-11-04,10:30:00-11:30:00,November 24,21,13277,204,Tyra Rehman,Attended=No
INSERT_BOOKING,2024-11-04,10:30:00-11:30:00,November 24,23,13277,1,Parveen Akhtar,Attended=No
INSERT_BOOKING,2024-11-04,10:30:00-11:30:00,November 24,27,13277,245,Fayaz Begum,Attended=No
INSERT_BOOKING,2024-11-04,18:45:00-19:45:00,November 24,40,13279,176,Noel Mcmanamon,Attended=No
INSERT_BOOKING,2024-11-04,18:45:00-19:45:00,November 24,41,13279,288,Mansoor Malik,Attended=No
INSERT_BOOKING,2024-11-05,08:00:00-09:00:00,November 24,47,13280,190,Suleman Muhammad,Attended=No
INSERT_BOOKING,2024-11-07,10:00:00-11:00:00,November 24,83,13284,355,Safraz Bibi,Attended=No
INSERT_BOOKING,2024-11-07,10:00:00-11:00:00,November 24,84,13284,356,Ishrat parveen,Attended=No
INSERT_BOOKING,2024-11-07,10:00:00-11:00:00,November 24,86,13284,153,Valerie Joan Fitt,Attended=No
INSERT_BOOKING,2024-11-07,12:30:00-13:30:00,November 24,99,13285,145,Nighat Noreen,Attended=No
INSERT_BOOKING,2024-11-11,10:30:00-11:30:00,November 24,123,13288,465,Noreen Kauser,Attended=No
INSERT_BOOKING,2024-11-11,10:30:00-11:30:00,November 24,126,13288,2,Riffat Mughal,Attended=No
INSERT_BOOKING,2024-11-12,08:00:00-09:00:00,November 24,146,13290,277,Zubair Khan,Attended=No
INSERT_BOOKING,2024-11-12,08:00:00-09:00:00,November 24,147,13290,147,Arshad Mahmood,Attended=No
INSERT_BOOKING,2024-11-14,10:00:00-11:00:00,November 24,185,13292,353,Nadeema Rana,Attended=No
INSERT_BOOKING,2024-11-18,10:30:00-11:30:00,November 24,224,13295,204,Tyra Rehman,Attended=No
INSERT_BOOKING,2024-11-18,10:30:00-11:30:00,November 24,226,13295,191,Saba Bibi,Attended=No
INSERT_BOOKING,2024-11-19,08:00:00-09:00:00,November 24,245,13298,311,Zed Khan,Attended=No
INSERT_BOOKING,2024-11-19,12:00:00-13:00:00,November 24,263,13300,268,Yasmin Nisar,Attended=No
INSERT_BOOKING,2024-11-19,12:00:00-13:00:00,November 24,265,13300,318,Asia Begum,Attended=No
INSERT_BOOKING,2024-11-19,12:00:00-13:00:00,November 24,266,13300,85,Naseem Hussain,Attended=No
INSERT_BOOKING,2024-11-19,12:00:00-13:00:00,November 24,267,13300,320,Nasreen Akhtar,Attended=No
INSERT_BOOKING,2024-11-21,10:00:00-11:00:00,November 24,288,13302,142,Azra Bibi,Attended=No
INSERT_BOOKING,2024-11-21,12:30:00-13:30:00,November 24,291,13303,189,Shabana Iqbal,Attended=Blank
INSERT_BOOKING,2024-11-21,12:30:00-13:30:00,November 24,295,13303,7,Kowsar Rukhsana,Attended=Blank
INSERT_BOOKING,2024-11-21,12:30:00-13:30:00,November 24,296,13303,321,Zareena Yasmin,Attended=Blank
INSERT_BOOKING,2024-11-25,10:30:00-11:30:00,November 24,319,13306,1014,Farhat Nisa,Attended=Blank
INSERT_BOOKING,2024-11-26,09:30:00-10:30:00,November 24,353,13310,328,Husnain Ali,Attended=Blank
INSERT_BOOKING,2024-11-26,09:30:00-10:30:00,November 24,354,13310,172,Mazhar Iqbal,Attended=Blank
INSERT_BOOKING,2024-11-26,09:30:00-10:30:00,November 24,355,13310,160,Mark Reid,Attended=Blank
INSERT_BOOKING,2024-11-26,09:30:00-10:30:00,November 24,356,13310,176,Noel Mcmanamon,Attended=Blank
INSERT_BOOKING,2024-11-26,09:30:00-10:30:00,November 24,357,13310,309,Bernard McLaughlin,Attended=Blank
INSERT_BOOKING,2024-11-26,09:30:00-10:30:00,November 24,358,13310,111,Ghiyas-ul-Haq Ahmed,Attended=Blank
INSERT_BOOKING,2024-11-27,09:45:00-10:45:00,November 24,371,13312,328,Husnain Ali,Attended=Blank
INSERT_BOOKING,2024-11-27,09:45:00-10:45:00,November 24,372,13312,304,benny chan,Attended=Blank
INSERT_BOOKING,2024-11-27,09:45:00-10:45:00,November 24,373,13312,,Mohammed Saleem,Attended=Blank
INSERT_BOOKING,2024-11-27,09:45:00-10:45:00,November 24,374,13312,111,Ghiyas-ul-Haq Ahmed,Attended=Blank
INSERT_BOOKING,2024-11-27,09:45:00-10:45:00,November 24,375,13312,139,Mohammed Ashraf,Attended=Blank
INSERT_BOOKING,2024-11-27,09:45:00-10:45:00,November 24,376,13312,269,Abdul Wahid Ashraf,Attended=Blank
INSERT_BOOKING,2024-11-28,10:00:00-11:00:00,November 24,386,13313,353,Nadeema Rana,Attended=No
INSERT_BOOKING,2024-11-28,12:30:00-13:30:00,November 24,392,13314,189,Shabana Iqbal,Attended=No
INSERT_BOOKING,2024-12-02,10:30:00-11:30:00,December 24,4,13316,315,Fatima Bibi,Attended=No
INSERT_BOOKING,2024-12-05,12:30:00-13:30:00,December 24,66,13323,40,Fozia Hafiz,Attended=No
INSERT_BOOKING,2024-12-05,12:30:00-13:30:00,December 24,73,13323,1,Parveen Akhtar,Attended=Blank
INSERT_BOOKING,2024-12-09,19:00:00-20:00:00,December 24,101,13327,195,azhar iqbal,Attended=No
INSERT_BOOKING,2024-12-14,10:30:00-11:30:00,December 24,164,13334,174,Sajida Syed,Attended=No
INSERT_BOOKING,2024-12-14,10:30:00-11:30:00,December 24,166,13334,314,Najabat Bibi,Attended=Blank
INSERT_BOOKING,2024-12-16,10:30:00-11:30:00,December 24,173,13335,87,Ghazala Bibi,Attended=No
INSERT_BOOKING,2024-12-16,10:30:00-11:30:00,December 24,175,13335,189,Shabana Iqbal,Attended=No
INSERT_BOOKING,2024-12-16,10:30:00-11:30:00,December 24,179,13335,1014,Farhat Nisa,Attended=No
INSERT_BOOKING,2024-12-16,10:30:00-11:30:00,December 24,180,13335,315,Fatima Bibi,Attended=No
INSERT_BOOKING,2025-01-16,09:30:00-10:30:00,January 25,78,13349,170,Sughra Bibi,Attended=No
INSERT_BOOKING,2025-01-16,11:00:00-12:00:00,January 25,89,13351,232,Joanne Carey,Attended=No
INSERT_BOOKING,2025-01-16,11:00:00-12:00:00,January 25,90,13351,142,Azra Bibi,Attended=No
INSERT_BOOKING,2025-01-20,10:00:00-11:00:00,January 25,129,13357,84,Anser Begum,Attended=No
INSERT_BOOKING,2025-01-20,10:00:00-11:00:00,January 25,133,13357,159,Shabeena Kausar,Attended=No
INSERT_BOOKING,2025-01-21,08:00:00-09:00:00,January 25,164,13361,311,Zed Khan,Attended=No
INSERT_BOOKING,2025-01-21,08:00:00-09:00:00,January 25,166,13361,172,Mazhar Iqbal,Attended=No
INSERT_BOOKING,2025-01-21,09:30:00-10:30:00,January 25,174,13362,1075,Edna Gilika,Attended=No
INSERT_BOOKING,2025-01-23,09:30:00-10:30:00,January 25,201,13369,146,Rabeena Shaheen,Attended=No
INSERT_BOOKING,2025-01-23,11:00:00-12:00:00,January 25,210,13371,1080,Asma Bibi,Attended=No
INSERT_BOOKING,2025-01-23,11:00:00-12:00:00,January 25,212,13371,270,Brooke Kelly,Attended=No
INSERT_BOOKING,2025-01-24,10:00:00-11:00:00,January 25,218,13373,1079,Jugraj Singh,Attended=No
INSERT_BOOKING,2025-01-24,10:00:00-11:00:00,January 25,222,13373,142,Azra Bibi,Attended=Blank
INSERT_BOOKING,2025-01-24,10:00:00-11:00:00,January 25,225,13373,7,Kowsar Rukhsana,Attended=No
INSERT_BOOKING,2025-01-25,11:00:00-12:00:00,January 25,249,13376,1049,Mohammed Hanif Moosa,Attended=No
INSERT_BOOKING,2025-01-27,10:00:00-11:00:00,January 25,254,13377,320,Nasreen Akhtar,Attended=No
INSERT_BOOKING,2025-01-28,08:00:00-09:00:00,January 25,290,13381,190,Suleman Muhammad,Attended=No
INSERT_BOOKING,2025-01-28,09:30:00-10:30:00,January 25,299,13382,40,Fozia Hafiz,Attended=No
INSERT_BOOKING,2025-01-28,09:30:00-10:30:00,January 25,301,13382,1051,Shazia Tasleem,Attended=No
INSERT_BOOKING,2025-01-28,09:30:00-10:30:00,January 25,302,13382,231,Aisha Siddiqa,Attended=No
INSERT_BOOKING,2025-01-28,09:30:00-10:30:00,January 25,304,13382,1077,Sahira Parveen,Attended=No
INSERT_BOOKING,2025-01-28,09:30:00-10:30:00,January 25,306,13382,270,Brooke Kelly,Attended=No
INSERT_BOOKING,2025-01-30,09:30:00-10:30:00,January 25,326,13389,223,Shahida Begum,Attended=No
INSERT_BOOKING,2025-01-30,09:30:00-10:30:00,January 25,328,13389,320,Nasreen Akhtar,Attended=No
INSERT_BOOKING,2025-01-30,11:00:00-12:00:00,January 25,335,13391,1091,Noreen Nazlee,Attended=No
INSERT_BOOKING,2025-01-30,11:00:00-12:00:00,January 25,339,13391,1062,Juhena Begum,Attended=No
INSERT_BOOKING,2025-01-30,11:00:00-12:00:00,January 25,340,13391,153,Valerie Joan Fitt,Attended=No
INSERT_BOOKING,2025-01-30,11:00:00-12:00:00,January 25,342,13391,1078,Angela Cross,Attended=No
INSERT_BOOKING,2025-01-31,10:00:00-11:00:00,January 25,344,13393,153,Valerie Joan Fitt,Attended=No
INSERT_BOOKING,2025-01-31,10:00:00-11:00:00,January 25,347,13393,1044,Zainab Moosa,Attended=No
INSERT_BOOKING,2025-01-31,10:00:00-11:00:00,January 25,350,13393,1091,Noreen Nazlee,Attended=No
INSERT_BOOKING,2025-02-04,09:30:00-10:30:00,February 25,66,13402,145,Nighat Noreen,Attended=No
INSERT_BOOKING,2025-02-04,09:30:00-10:30:00,February 25,67,13402,1093,Abida Bi,Attended=No
INSERT_BOOKING,2025-02-06,09:30:00-10:30:00,February 25,94,13409,1092,Hinda Ibrahim,Attended=No
INSERT_BOOKING,2025-02-06,09:30:00-10:30:00,February 25,95,13409,1009,Rayna Begum,Attended=No
INSERT_BOOKING,2025-02-06,11:00:00-12:00:00,February 25,107,13411,1078,Angela Cross,Attended=Blank
INSERT_BOOKING,2025-02-07,10:00:00-11:00:00,February 25,113,13413,142,Azra Bibi,Attended=No
INSERT_BOOKING,2025-02-08,11:00:00-12:00:00,February 25,142,13416,195,azhar iqbal,Attended=Blank
INSERT_BOOKING,2025-02-10,10:00:00-11:00:00,February 25,148,13417,1095,Sadaf Baloch,Attended=No
INSERT_BOOKING,2025-02-10,19:00:00-20:00:00,February 25,173,13420,195,azhar iqbal,Attended=No
INSERT_BOOKING,2025-02-11,08:00:00-09:00:00,February 25,182,13421,190,Suleman Muhammad,Attended=No
INSERT_BOOKING,2025-02-11,09:30:00-10:30:00,February 25,191,13422,189,Shabana Iqbal,Attended=No
INSERT_BOOKING,2025-02-11,09:30:00-10:30:00,February 25,195,13422,100,Kaniz Bibi,Attended=No
INSERT_BOOKING,2025-02-11,09:30:00-10:30:00,February 25,196,13422,1099,Sayda Khan,Attended=No
INSERT_BOOKING,2025-02-11,09:30:00-10:30:00,February 25,198,13422,224,Saida Sharif,Attended=No
INSERT_BOOKING,2025-02-13,09:30:00-10:30:00,February 25,218,13429,223,Shahida Begum,Attended=No
INSERT_BOOKING,2025-02-14,10:00:00-11:00:00,February 25,238,13433,1077,Sahira Parveen,Attended=No
INSERT_BOOKING,2025-02-15,11:00:00-12:00:00,February 25,267,13436,1076,Latif Akhtar,Attended=No
INSERT_BOOKING,2025-02-15,11:00:00-12:00:00,February 25,268,13436,172,Mazhar Iqbal,Attended=No
INSERT_BOOKING,2025-02-17,10:00:00-11:00:00,February 25,275,13437,104,Nazia Ahmed,Attended=No
INSERT_BOOKING,2025-02-17,11:30:00-12:30:00,February 25,281,13438,292,Rukhsana Saeed,Attended=No
INSERT_BOOKING,2025-02-17,11:30:00-12:30:00,February 25,282,13438,1038,Saima Ghani,Attended=No
INSERT_BOOKING,2025-02-17,11:30:00-12:30:00,February 25,285,13438,7,Kowsar Rukhsana,Attended=No
INSERT_BOOKING,2025-02-17,19:00:00-20:00:00,February 25,299,13440,277,Zubair Khan,Attended=Blank
INSERT_BOOKING,2025-02-17,19:00:00-20:00:00,February 25,300,13440,195,azhar iqbal,Attended=Blank
INSERT_BOOKING,2025-02-18,08:00:00-09:00:00,February 25,308,13441,1107,Mohammed Sajjad,Attended=No
INSERT_BOOKING,2025-02-18,09:30:00-10:30:00,February 25,319,13442,146,Rabeena Shaheen,Attended=No
INSERT_BOOKING,2025-02-20,11:00:00-12:00:00,February 25,353,13450,1082,Fleur Bano Maqsood,Attended=No
INSERT_BOOKING,2025-02-20,11:00:00-12:00:00,February 25,354,13450,169,Maqsood Begum,Attended=No
INSERT_BOOKING,2025-02-20,11:00:00-12:00:00,February 25,356,13450,320,Nasreen Akhtar,Attended=No
INSERT_BOOKING,2025-02-20,11:00:00-12:00:00,February 25,357,13450,189,Shabana Iqbal,Attended=No
INSERT_BOOKING,2025-02-20,11:00:00-12:00:00,February 25,358,13450,168,Janet Corlis,Attended=No
INSERT_BOOKING,2025-02-21,10:00:00-11:00:00,February 25,363,13451,142,Azra Bibi,Attended=No
INSERT_BOOKING,2025-02-21,10:00:00-11:00:00,February 25,367,13451,1076,Latif Akhtar,Attended=No
INSERT_BOOKING,2025-02-21,14:00:00-15:00:00,February 25,372,13452,242,Karamat Hussain,Attended=No
INSERT_BOOKING,2025-02-21,14:00:00-15:00:00,February 25,373,13452,259,Abdul Majid,Attended=No
INSERT_BOOKING,2025-02-21,14:00:00-15:00:00,February 25,376,13452,195,azhar iqbal,Attended=No
INSERT_BOOKING,2025-02-21,14:00:00-15:00:00,February 25,378,13452,172,Mazhar Iqbal,Attended=No
INSERT_BOOKING,2025-02-22,09:45:00-10:45:00,February 25,382,13453,1078,Angela Cross,Attended=No
INSERT_BOOKING,2025-02-22,09:45:00-10:45:00,February 25,386,13453,231,Aisha Siddiqa,Attended=No
INSERT_BOOKING,2025-02-24,19:00:00-20:00:00,February 25,426,13458,1108,Arfan Ali,Attended=No
INSERT_BOOKING,2025-02-28,10:00:00-11:00:00,February 25,493,13471,306,Sandra Coleman,Attended=Blank
INSERT_BOOKING,2025-03-01,11:00:00-12:00:00,March 25,13,13474,1108,Arfan Ali,Attended=No
INSERT_BOOKING,2025-03-03,12:00:00-13:00:00,March 25,31,13476,1,Parveen Akhtar,Attended=No
INSERT_BOOKING,2025-03-03,12:00:00-13:00:00,March 25,32,13476,7,Kowsar Rukhsana,Attended=No
INSERT_BOOKING,2025-03-03,12:00:00-13:00:00,March 25,33,13476,174,Sajida Syed,Attended=No
INSERT_BOOKING,2025-03-03,12:00:00-13:00:00,March 25,34,13476,138,Hafiza Saddique,Attended=No
INSERT_BOOKING,2025-03-04,07:15:00-08:00:00,March 25,57,13479,1108,Arfan Ali,Attended=Blank
INSERT_BOOKING,2025-03-06,11:00:00-12:00:00,March 25,96,13484,156,Sana Hanif,Attended=No
INSERT_BOOKING,2025-03-06,11:00:00-12:00:00,March 25,97,13484,40,Fozia Hafiz,Attended=No
INSERT_BOOKING,2025-03-10,11:00:00-12:00:00,March 25,148,13491,315,Fatima Bibi,Attended=No
INSERT_BOOKING,2025-03-11,07:15:00-08:00:00,March 25,182,13495,190,Suleman Muhammad,Attended=Blank
INSERT_BOOKING,2025-03-11,07:15:00-08:00:00,March 25,183,13495,277,Zubair Khan,Attended=Blank
INSERT_BOOKING,2025-03-11,11:00:00-12:00:00,March 25,191,13497,141,Adeela Saeed,Attended=No
INSERT_BOOKING,2025-03-11,11:00:00-12:00:00,March 25,197,13497,1046,Farzana Khattak,Attended=No
INSERT_BOOKING,2025-03-13,11:00:00-12:00:00,March 25,223,13501,177,Gulshan Begum,Attended=No
INSERT_BOOKING,2025-03-13,11:00:00-12:00:00,March 25,226,13501,1009,Rayna Begum,Attended=No
INSERT_BOOKING,2025-03-13,12:00:00-13:00:00,March 25,232,13502,157,Zahreen Khalil,Attended=No
INSERT_BOOKING,2025-03-14,10:00:00-11:00:00,March 25,237,13504,190,Suleman Muhammad,Attended=No
INSERT_BOOKING,2025-03-17,12:00:00-13:00:00,March 25,282,13509,1095,Sadaf Baloch,Attended=No
INSERT_BOOKING,2025-03-17,12:00:00-13:00:00,March 25,284,13509,306,Sandra Coleman,Attended=No
INSERT_BOOKING,2025-03-18,07:15:00-08:00:00,March 25,308,13513,190,Suleman Muhammad,Attended=No
INSERT_BOOKING,2025-03-18,07:15:00-08:00:00,March 25,310,13513,259,Abdul Majid,Attended=No
INSERT_BOOKING,2025-03-18,11:00:00-12:00:00,March 25,321,13516,177,Gulshan Begum,Attended=No
INSERT_BOOKING,2025-03-20,12:00:00-13:00:00,March 25,357,13521,1009,Rayna Begum,Attended=No
INSERT_BOOKING,2025-03-21,10:30:00-11:30:00,March 25,367,13522,305,Fatima Tariq,Attended=No
INSERT_BOOKING,2025-03-21,10:30:00-11:30:00,March 25,368,13522,177,Gulshan Begum,Attended=No
INSERT_BOOKING,2025-03-24,12:00:00-13:00:00,March 25,409,13527,1044,Zainab Moosa,Attended=No
INSERT_BOOKING,2025-03-25,07:15:00-08:00:00,March 25,435,13530,190,Suleman Muhammad,Attended=No
INSERT_BOOKING,2025-03-25,11:00:00-12:00:00,March 25,443,13532,245,Fayaz Begum,Attended=No
INSERT_BOOKING,2025-03-25,11:00:00-12:00:00,March 25,447,13532,1046,Farzana Khattak,Attended=No
INSERT_BOOKING,2025-03-25,11:00:00-12:00:00,March 25,448,13532,1141,Kausar Bibi,Attended=No
INSERT_BOOKING,2025-03-27,11:00:00-12:00:00,March 25,472,13535,152,Jennifer Mason,Attended=No
INSERT_BOOKING,2025-03-27,11:00:00-12:00:00,March 25,473,13535,355,Safraz Bibi,Attended=No
INSERT_BOOKING,2025-03-27,11:00:00-12:00:00,March 25,474,13535,356,Ishrat parveen,Attended=No
INSERT_BOOKING,2025-03-27,11:00:00-12:00:00,March 25,475,13535,1095,Sadaf Baloch,Attended=No
INSERT_BOOKING,2025-03-27,11:00:00-12:00:00,March 25,476,13535,270,Brooke Kelly,Attended=No
INSERT_BOOKING,2025-03-27,11:00:00-12:00:00,March 25,477,13535,206,Jaslyne Richards,Attended=No
INSERT_BOOKING,2025-03-27,12:00:00-13:00:00,March 25,486,13536,40,Fozia Hafiz,Attended=No
INSERT_BOOKING,2025-03-27,12:00:00-13:00:00,March 25,487,13536,1009,Rayna Begum,Attended=No
INSERT_BOOKING,2025-03-29,11:00:00-12:00:00,March 25,516,13540,1108,Arfan Ali,Attended=No
INSERT_BOOKING,2025-03-29,11:00:00-12:00:00,March 25,521,13540,1139,Warren Browne,Attended=No
INSERT_BOOKING,2025-04-01,11:00:00-12:00:00,April 25,4,13545,189,Shabana Iqbal,Attended=No
INSERT_BOOKING,2025-04-01,11:00:00-12:00:00,April 25,5,13545,1151,Nagina Naveed,Attended=No
INSERT_BOOKING,2025-04-03,12:00:00-13:00:00,April 25,39,13549,320,Nasreen Akhtar,Attended=No
INSERT_BOOKING,2025-04-03,12:00:00-13:00:00,April 25,42,13549,237,Tamsila Hanif,Attended=No
INSERT_BOOKING,2025-04-04,15:00:00-16:00:00,April 25,65,13552,1140,Mohnir Akhtar,Attended=No
INSERT_BOOKING,2025-04-04,15:00:00-16:00:00,April 25,69,13552,1111,Basharat Hussain,Attended=No
INSERT_BOOKING,2025-04-07,11:00:00-12:00:00,April 25,78,13553,100,Kaniz Bibi,Attended=No
INSERT_BOOKING,2025-04-07,11:00:00-12:00:00,April 25,79,13553,1135,Yasmeen Akhtar,Attended=No
INSERT_BOOKING,2025-04-07,17:45:00-18:45:00,April 25,112,13557,237,Tamsila Hanif,Attended=Blank
INSERT_BOOKING,2025-04-07,17:45:00-18:45:00,April 25,113,13557,1163,Mary Marimba,Attended=Blank
INSERT_BOOKING,2025-04-08,07:15:00-08:00:00,April 25,119,13558,277,Zubair Khan,Attended=No
INSERT_BOOKING,2025-04-08,07:15:00-08:00:00,April 25,120,13558,1066,Noor Begum,Attended=No
INSERT_BOOKING,2025-04-11,15:00:00-16:00:00,April 25,209,13569,1140,Mohnir Akhtar,Attended=No
INSERT_BOOKING,2025-04-14,11:00:00-12:00:00,April 25,237,13573,1066,Noor Begum,Attended=No
INSERT_BOOKING,2025-04-16,10:00:00-11:00:00,April 25,318,13583,288,Mansoor Malik,Attended=No
INSERT_BOOKING,2025-04-17,12:00:00-13:00:00,April 25,345,13586,1148,Nooshan Ara,Attended=No
INSERT_BOOKING,2025-04-17,12:00:00-13:00:00,April 25,351,13586,1082,Fleur Bano Maqsood,Attended=No
INSERT_BOOKING,2025-04-19,11:00:00-12:00:00,April 25,368,13588,172,Mazhar Iqbal,Attended=No
INSERT_BOOKING,2025-04-22,12:00:00-13:00:00,April 25,389,13592,227,Shamim Akhtar,Attended=No
INSERT_BOOKING,2025-04-22,12:00:00-13:00:00,April 25,392,13592,300,Uzma Javid,Attended=No
INSERT_BOOKING,2025-04-22,12:00:00-13:00:00,April 25,396,13592,237,Tamsila Hanif,Attended=No
INSERT_BOOKING,2025-04-23,10:00:00-11:00:00,April 25,407,13594,225,Mohammed Khalil,Attended=No
INSERT_BOOKING,2025-04-23,10:00:00-11:00:00,April 25,408,13594,288,Mansoor Malik,Attended=No
INSERT_BOOKING,2025-04-23,10:00:00-11:00:00,April 25,410,13594,259,Abdul Majid,Attended=No
INSERT_BOOKING,2025-04-24,12:00:00-13:00:00,April 25,437,13597,1170,Sameena Kauser,Attended=No
INSERT_BOOKING,2025-04-24,12:00:00-13:00:00,April 25,440,13597,318,Asia Begum,Attended=No
INSERT_BOOKING,2025-04-24,12:00:00-13:00:00,April 25,441,13597,145,Nighat Noreen,Attended=No
INSERT_BOOKING,2025-04-24,12:00:00-13:00:00,April 25,442,13597,320,Nasreen Akhtar,Attended=No
INSERT_BOOKING,2025-04-25,15:00:00-16:00:00,April 25,461,13600,1140,Mohnir Akhtar,Attended=No
INSERT_BOOKING,2025-04-25,15:00:00-16:00:00,April 25,462,13600,259,Abdul Majid,Attended=No
INSERT_BOOKING,2025-04-25,15:00:00-16:00:00,April 25,463,13600,288,Mansoor Malik,Attended=No
INSERT_BOOKING,2025-04-25,15:00:00-16:00:00,April 25,464,13600,195,azhar iqbal,Attended=No
INSERT_BOOKING,2025-04-25,15:00:00-16:00:00,April 25,465,13600,1012,Abdul Rehman,Attended=Blank
INSERT_BOOKING,2025-04-26,11:00:00-12:00:00,April 25,484,13602,1142,Mohammed Mumtaz,Attended=No
INSERT_BOOKING,2025-04-28,11:00:00-12:00:00,April 25,488,13603,1174,Azra Rehman,Attended=No
INSERT_BOOKING,2025-04-28,11:00:00-12:00:00,April 25,490,13603,1083,Khursheed Anjum,Attended=No
INSERT_BOOKING,2025-04-28,11:00:00-12:00:00,April 25,495,13603,170,Sughra Bibi,Attended=No
INSERT_BOOKING,2025-04-28,11:00:00-12:00:00,April 25,496,13603,31,Nazia Bi,Attended=No
INSERT_BOOKING,2025-04-28,12:30:00-13:30:00,April 25,497,13604,1171,Fatima Mohammed,Attended=Blank
INSERT_BOOKING,2025-04-28,12:30:00-13:30:00,April 25,498,13604,1071,Zahida Akhtar,Attended=Blank
INSERT_BOOKING,2025-04-28,12:30:00-13:30:00,April 25,499,13604,1035,Barkat Begum,Attended=Blank
INSERT_BOOKING,2025-04-28,12:30:00-13:30:00,April 25,500,13604,1152,Fatima Ntin,Attended=Blank
INSERT_BOOKING,2025-04-28,12:30:00-13:30:00,April 25,503,13604,6,Mahroof Bibi,Attended=Blank
INSERT_BOOKING,2025-04-30,11:00:00-12:00:00,April 25,556,13610,192,Fozia Ali,Attended=No
INSERT_BOOKING,2025-04-30,11:00:00-12:00:00,April 25,557,13610,182,Shakila Bibi,Attended=No
INSERT_BOOKING,2025-04-30,11:00:00-12:00:00,April 25,558,13610,1148,Nooshan Ara,Attended=No
INSERT_BOOKING,2025-05-01,10:30:00-11:30:00,May 25,2,13611,1169,Nasim Akhtar,Attended=No
INSERT_BOOKING,2025-05-01,10:30:00-11:30:00,May 25,7,13611,1009,Rayna Begum,Attended=No
INSERT_BOOKING,2025-05-06,09:30:00-10:30:00,May 25,79,13619,1179,Ghazala Bi,Attended=No
INSERT_BOOKING,2025-05-06,09:30:00-10:30:00,May 25,80,13619,1135,Yasmeen Akhtar,Attended=No
INSERT_BOOKING,2025-05-06,12:00:00-13:00:00,May 25,83,13621,1178,Yasmeen Khalid,Attended=No
INSERT_BOOKING,2025-05-06,12:00:00-13:00:00,May 25,89,13621,1148,Nooshan Ara,Attended=Blank
INSERT_BOOKING,2025-05-07,11:00:00-12:00:00,May 25,115,13624,1108,Arfan Ali,Attended=No
INSERT_BOOKING,2025-05-07,11:00:00-12:00:00,May 25,116,13624,190,Suleman Muhammad,Attended=No
INSERT_BOOKING,2025-05-10,09:45:00-10:45:00,May 25,171,13630,274,Samina Javed,Attended=No
INSERT_BOOKING,2025-05-10,11:00:00-12:00:00,May 25,177,13631,1159,Jaseem Khan,Attended=No
INSERT_BOOKING,2025-05-10,11:00:00-12:00:00,May 25,178,13631,225,Mohammed Khalil,Attended=No
INSERT_BOOKING,2025-05-12,11:00:00-12:00:00,May 25,182,13632,1171,Fatima Mohammed,Attended=No
INSERT_BOOKING,2025-05-12,11:00:00-12:00:00,May 25,185,13632,1152,Fatima Ntin,Attended=No
INSERT_BOOKING,2025-05-12,14:30:00-15:30:00,May 25,200,13634,225,Mohammed Khalil,Attended=Blank
INSERT_BOOKING,2025-05-12,14:30:00-15:30:00,May 25,201,13634,1142,Mohammed Mumtaz,Attended=Blank
INSERT_BOOKING,2025-05-12,14:30:00-15:30:00,May 25,202,13634,243,Zafar iqbal,Attended=Blank
INSERT_BOOKING,2025-05-12,14:30:00-15:30:00,May 25,203,13634,1146,Mohammed Nawaz,Attended=Blank
INSERT_BOOKING,2025-05-12,14:30:00-15:30:00,May 25,204,13634,288,Mansoor Malik,Attended=Blank
INSERT_BOOKING,2025-05-12,14:30:00-15:30:00,May 25,205,13634,259,Abdul Majid,Attended=Blank
INSERT_BOOKING,2025-05-12,14:30:00-15:30:00,May 25,206,13634,277,Zubair Khan,Attended=Blank
INSERT_BOOKING,2025-05-12,14:30:00-15:30:00,May 25,207,13634,1000,Sajjad Nawaz,Attended=Blank
INSERT_BOOKING,2025-05-12,14:30:00-15:30:00,May 25,208,13634,307,Mohammed Saghir,Attended=Blank
INSERT_BOOKING,2025-05-13,07:15:00-08:00:00,May 25,227,13637,277,Zubair Khan,Attended=Blank
INSERT_BOOKING,2025-05-13,07:15:00-08:00:00,May 25,228,13637,190,Suleman Muhammad,Attended=Blank
INSERT_BOOKING,2025-05-13,07:15:00-08:00:00,May 25,229,13637,172,Mazhar Iqbal,Attended=Blank
INSERT_BOOKING,2025-05-13,07:15:00-08:00:00,May 25,230,13637,259,Abdul Majid,Attended=Blank
INSERT_BOOKING,2025-05-17,11:00:00-12:00:00,May 25,326,13648,1146,Mohammed Nawaz,Attended=No
INSERT_BOOKING,2025-05-19,17:45:00-18:45:00,May 25,378,13653,159,Shabeena Kausar,Attended=No
INSERT_BOOKING,2025-05-20,07:15:00-08:00:00,May 25,381,13654,190,Suleman Muhammad,Attended=No
INSERT_BOOKING,2025-05-20,07:15:00-08:00:00,May 25,383,13654,259,Abdul Majid,Attended=No
INSERT_BOOKING,2025-05-20,12:00:00-13:00:00,May 25,398,13657,1184,Zatoon Begum,Attended=No
INSERT_BOOKING,2025-05-21,11:00:00-12:00:00,May 25,412,13658,1146,Mohammed Nawaz,Attended=No
INSERT_BOOKING,2025-05-21,11:00:00-12:00:00,May 25,413,13658,243,Zafar iqbal,Attended=No
INSERT_BOOKING,2025-05-23,10:30:00-11:30:00,May 25,442,13661,1049,Mohammed Hanif Moosa,Attended=Blank
INSERT_BOOKING,2025-05-24,11:00:00-12:00:00,May 25,470,13665,1042,Isaac Egbulefu,Attended=No
INSERT_BOOKING,2025-05-24,11:00:00-12:00:00,May 25,475,13665,1201,Kenny Onakoya,Attended=No
INSERT_BOOKING,2025-05-27,07:15:00-08:00:00,May 25,518,13670,259,Abdul Majid,Attended=No
INSERT_BOOKING,2025-05-27,07:15:00-08:00:00,May 25,519,13670,1156,Michael Brewster,Attended=No
INSERT_BOOKING,2025-05-27,07:15:00-08:00:00,May 25,520,13670,1203,Sabir Hussain,Attended=No
INSERT_BOOKING,2025-05-27,12:00:00-13:00:00,May 25,543,13674,1161,Zarqa Shah,Attended=No
INSERT_BOOKING,2025-05-27,12:00:00-13:00:00,May 25,544,13674,1168,Yasmin Aslam,Attended=No
INSERT_BOOKING,2025-05-27,12:00:00-13:00:00,May 25,548,13674,182,Shakila Bibi,Attended=No
INSERT_BOOKING,2025-05-27,12:00:00-13:00:00,May 25,549,13674,1171,Fatima Mohammed,Attended=No
INSERT_BOOKING,2025-06-02,14:15:00-15:15:00,June 25,20,13684,225,Mohammed Khalil,Attended=No
INSERT_BOOKING,2025-06-02,14:15:00-15:15:00,June 25,25,13684,195,azhar iqbal,Attended=No
INSERT_BOOKING,2025-06-02,14:15:00-15:15:00,June 25,26,13684,304,benny chan,Attended=No
INSERT_BOOKING,2025-06-02,17:45:00-18:45:00,June 25,39,13686,1091,Noreen Nazlee,Attended=No
INSERT_BOOKING,2025-06-02,17:45:00-18:45:00,June 25,40,13686,268,Yasmin Nisar,Attended=No
INSERT_BOOKING,2025-06-03,07:15:00-08:00:00,June 25,47,13687,277,Zubair Khan,Attended=No
INSERT_BOOKING,2025-06-03,07:15:00-08:00:00,June 25,48,13687,190,Suleman Muhammad,Attended=No
INSERT_BOOKING,2025-06-03,07:15:00-08:00:00,June 25,50,13687,259,Abdul Majid,Attended=No
INSERT_BOOKING,2025-06-03,07:15:00-08:00:00,June 25,51,13687,1156,Michael Brewster,Attended=No
INSERT_BOOKING,2025-06-03,07:15:00-08:00:00,June 25,52,13687,1203,Sabir Hussain,Attended=No
INSERT_BOOKING,2025-06-03,08:00:00-09:00:00,June 25,56,13688,304,benny chan,Attended=Blank
INSERT_BOOKING,2025-06-05,12:00:00-13:00:00,June 25,103,13694,268,Yasmin Nisar,Attended=No
INSERT_BOOKING,2025-06-05,12:00:00-13:00:00,June 25,106,13694,1208,Nasreen Bibi,Attended=Blank
INSERT_BOOKING,2025-06-09,14:15:00-15:15:00,June 25,116,13695,1172,Thomas Walker,Attended=No
INSERT_BOOKING,2025-06-10,07:15:00-08:00:00,June 25,130,13697,172,Mazhar Iqbal,Attended=No
INSERT_BOOKING,2025-06-10,07:15:00-08:00:00,June 25,131,13697,259,Abdul Majid,Attended=No
INSERT_BOOKING,2025-06-10,07:15:00-08:00:00,June 25,132,13697,1156,Michael Brewster,Attended=No
INSERT_BOOKING,2025-06-10,07:15:00-08:00:00,June 25,133,13697,1203,Sabir Hussain,Attended=No
INSERT_BOOKING,2025-06-10,09:30:00-10:30:00,June 25,141,13698,69,Ghulab Zara,Attended=No
INSERT_BOOKING,2025-06-12,10:30:00-11:30:00,June 25,166,13702,1191,Hamza Mobeen,Attended=No
INSERT_BOOKING,2025-06-14,11:00:00-12:00:00,June 25,217,13707,259,Abdul Majid,Attended=No
INSERT_BOOKING,2025-06-16,11:00:00-12:00:00,June 25,223,13708,1160,Nazmeen Bi,Attended=No
INSERT_BOOKING,2025-06-16,11:00:00-12:00:00,June 25,224,13708,1075,Edna Gilika,Attended=No
INSERT_BOOKING,2025-06-16,11:00:00-12:00:00,June 25,226,13708,189,Shabana Iqbal,Attended=No
INSERT_BOOKING,2025-06-16,12:30:00-13:30:00,June 25,227,13709,1091,Noreen Nazlee,Attended=No
INSERT_BOOKING,2025-06-16,12:30:00-13:30:00,June 25,228,13709,1219,Safina Kausar,Attended=No
INSERT_BOOKING,2025-06-16,12:30:00-13:30:00,June 25,229,13709,1218,Rehana kausar,Attended=No
INSERT_BOOKING,2025-06-16,14:15:00-15:15:00,June 25,237,13710,1000,Sajjad Nawaz,Attended=No
INSERT_BOOKING,2025-06-16,14:15:00-15:15:00,June 25,238,13710,1139,Warren Browne,Attended=No
INSERT_BOOKING,2025-06-16,14:15:00-15:15:00,June 25,240,13710,307,Mohammed Saghir,Attended=No
INSERT_BOOKING,2025-06-20,15:00:00-16:00:00,June 25,327,13721,195,azhar iqbal,Attended=No
INSERT_BOOKING,2025-06-20,15:00:00-16:00:00,June 25,330,13721,1146,Mohammed Nawaz,Attended=No
INSERT_BOOKING,2025-06-20,15:00:00-16:00:00,June 25,331,13721,1156,Michael Brewster,Attended=No
INSERT_BOOKING,2025-06-21,09:45:00-10:45:00,June 25,340,13722,91,Rubina Amar,Attended=No
INSERT_BOOKING,2025-06-21,11:00:00-12:00:00,June 25,346,13723,1146,Mohammed Nawaz,Attended=No
INSERT_BOOKING,2025-06-23,12:30:00-13:30:00,June 25,362,13725,355,Safraz Bibi,Attended=No
INSERT_BOOKING,2025-06-23,14:15:00-15:15:00,June 25,372,13726,1000,Sajjad Nawaz,Attended=No
INSERT_BOOKING,2025-06-23,14:15:00-15:15:00,June 25,373,13726,1139,Warren Browne,Attended=No
INSERT_BOOKING,2025-06-23,14:15:00-15:15:00,June 25,374,13726,1146,Mohammed Nawaz,Attended=No
INSERT_BOOKING,2025-06-23,14:15:00-15:15:00,June 25,375,13726,307,Mohammed Saghir,Attended=No
INSERT_BOOKING,2025-06-23,14:15:00-15:15:00,June 25,377,13726,1142,Mohammed Mumtaz,Attended=No
INSERT_BOOKING,2025-06-24,12:00:00-13:00:00,June 25,416,13732,1193,Rohela Afzal,Attended=Blank
INSERT_BOOKING,2025-06-27,15:00:00-16:00:00,June 25,468,13737,1081,Ahmed Maqsood,Attended=No
INSERT_BOOKING,2025-06-28,11:00:00-12:00:00,June 25,480,13739,190,Suleman Muhammad,Attended=No
INSERT_BOOKING,2025-06-30,14:15:00-15:15:00,June 25,506,13742,1000,Sajjad Nawaz,Attended=Blank
INSERT_BOOKING,2025-06-30,14:15:00-15:15:00,June 25,507,13742,1139,Warren Browne,Attended=Blank
INSERT_BOOKING,2025-06-30,14:15:00-15:15:00,June 25,508,13742,1146,Mohammed Nawaz,Attended=Blank
INSERT_BOOKING,2025-06-30,14:15:00-15:15:00,June 25,509,13742,307,Mohammed Saghir,Attended=Blank
INSERT_BOOKING,2025-06-30,14:15:00-15:15:00,June 25,510,13742,304,benny chan,Attended=Blank
INSERT_BOOKING,2025-06-30,14:15:00-15:15:00,June 25,511,13742,1142,Mohammed Mumtaz,Attended=Blank
INSERT_BOOKING,2025-06-30,14:15:00-15:15:00,June 25,512,13742,259,Abdul Majid,Attended=Blank
INSERT_BOOKING,2025-06-30,14:15:00-15:15:00,June 25,513,13742,288,Mansoor Malik,Attended=Blank
INSERT_BOOKING,2025-06-30,14:15:00-15:15:00,June 25,514,13742,280,Halal uddin Ahmed,Attended=Blank
INSERT_BOOKING,2025-07-01,07:15:00-08:00:00,July 25 ,2,13745,277,Zubair Khan,Attended=Blank
INSERT_BOOKING,2025-07-01,07:15:00-08:00:00,July 25 ,3,13745,172,Mazhar Iqbal,Attended=Blank
INSERT_BOOKING,2025-07-01,12:00:00-13:00:00,July 25 ,29,13748,268,Yasmin Nisar,Attended=Blank
INSERT_BOOKING,2025-07-01,12:00:00-13:00:00,July 25 ,33,13748,320,Nasreen Akhtar,Attended=No
INSERT_BOOKING,2025-07-01,12:00:00-13:00:00,July 25 ,34,13748,142,Azra Bibi,Attended=No
INSERT_BOOKING,2025-07-01,12:00:00-13:00:00,July 25 ,36,13748,355,Safraz Bibi,Attended=No
INSERT_BOOKING,2025-07-03,10:30:00-11:30:00,July 25 ,49,13750,170,Sughra Bibi,Attended=No
INSERT_BOOKING,2025-07-03,10:30:00-11:30:00,July 25 ,54,13750,1060,Uzma Ikhlaq,Attended=No
INSERT_BOOKING,2025-07-03,12:00:00-13:00:00,July 25 ,56,13751,1035,Barkat Begum,Attended=No
INSERT_BOOKING,2025-07-03,12:00:00-13:00:00,July 25 ,57,13751,6,Mahroof Bibi,Attended=No
INSERT_BOOKING,2025-07-07,11:00:00-12:00:00,July 25 ,104,13756,224,Saida Sharif,Attended=No
INSERT_BOOKING,2025-07-07,11:00:00-12:00:00,July 25 ,105,13756,231,Aisha Siddiqa,Attended=No
INSERT_BOOKING,2025-07-07,11:00:00-12:00:00,July 25 ,106,13756,312,Sultana Parveen,Attended=No
INSERT_BOOKING,2025-07-07,11:00:00-12:00:00,July 25 ,109,13756,85,Naseem Hussain,Attended=No
INSERT_BOOKING,2025-07-07,12:30:00-13:30:00,July 25 ,111,13757,1013,Shaheen Akhtar,Attended=No
INSERT_BOOKING,2025-07-07,12:30:00-13:30:00,July 25 ,114,13757,227,Shamim Akhtar,Attended=No
INSERT_BOOKING,2025-07-07,12:30:00-13:30:00,July 25 ,117,13757,1226,Azra Begum,Attended=No
INSERT_BOOKING,2025-07-08,12:00:00-13:00:00,July 25 ,172,13764,1243,Nazia Noreen,Attended=No
INSERT_BOOKING,2025-07-10,10:30:00-11:30:00,July 25 ,175,13765,206,Jaslyne Richards,Attended=Blank
INSERT_BOOKING,2025-07-10,10:30:00-11:30:00,July 25 ,177,13765,296,Shafeen Akhtar,Attended=Blank
INSERT_BOOKING,2025-07-10,10:30:00-11:30:00,July 25 ,178,13765,1210,Farhat Jabeen,Attended=Blank
INSERT_BOOKING,2025-07-10,10:30:00-11:30:00,July 25 ,179,13765,12,Roobina Begum,Attended=Blank
INSERT_BOOKING,2025-07-11,10:30:00-11:30:00,July 25 ,191,13767,190,Suleman Muhammad,Attended=No
INSERT_BOOKING,2025-07-11,10:30:00-11:30:00,July 25 ,192,13767,1111,Basharat Hussain,Attended=No
INSERT_BOOKING,2025-07-11,10:30:00-11:30:00,July 25 ,199,13767,152,Jennifer Mason,Attended=Blank
INSERT_BOOKING,2025-07-11,15:00:00-16:00:00,July 25 ,204,13768,259,Abdul Majid,Attended=No
INSERT_BOOKING,2025-07-11,15:00:00-16:00:00,July 25 ,206,13768,1248,Jamil Akhtar,Attended=No
INSERT_BOOKING,2025-07-11,15:00:00-16:00:00,July 25 ,207,13768,1172,Thomas Walker,Attended=No
INSERT_BOOKING,2025-07-12,09:45:00-10:45:00,July 25 ,209,13769,1131,Shaheen Akhtar,Attended=Blank
INSERT_BOOKING,2025-07-12,09:45:00-10:45:00,July 25 ,211,13769,1168,Yasmin Aslam,Attended=Blank
INSERT_BOOKING,2025-07-12,09:45:00-10:45:00,July 25 ,212,13769,182,Shakila Bibi,Attended=Blank
INSERT_BOOKING,2025-07-12,09:45:00-10:45:00,July 25 ,213,13769,192,Fozia Ali,Attended=Blank
INSERT_BOOKING,2025-07-12,11:00:00-12:00:00,July 25 ,219,13770,172,Mazhar Iqbal,Attended=No
INSERT_BOOKING,2025-07-12,11:00:00-12:00:00,July 25 ,224,13770,1146,Mohammed Nawaz,Attended=No
INSERT_BOOKING,2025-07-12,11:00:00-12:00:00,July 25 ,225,13770,259,Abdul Majid,Attended=No
INSERT_BOOKING,2025-07-12,11:00:00-12:00:00,July 25 ,226,13770,1149,Raja Ahmed,Attended=No
INSERT_BOOKING,2025-07-14,11:00:00-12:00:00,July 25 ,228,13771,29,Yasmin Akhtar,Attended=No
INSERT_BOOKING,2025-07-14,17:45:00-18:45:00,July 25 ,263,13775,1131,Shaheen Akhtar,Attended=No
INSERT_BOOKING,2025-07-14,17:45:00-18:45:00,July 25 ,264,13775,268,Yasmin Nisar,Attended=No
INSERT_BOOKING,2025-07-15,12:00:00-13:00:00,July 25 ,291,13779,1185,Nehaz Begum,Attended=No
INSERT_BOOKING,2025-07-15,12:00:00-13:00:00,July 25 ,298,13779,1171,Fatima Mohammed,Attended=Blank
INSERT_BOOKING,2025-07-17,10:30:00-11:30:00,July 25 ,308,13781,85,Naseem Hussain,Attended=No
INSERT_BOOKING,2025-07-17,10:30:00-11:30:00,July 25 ,309,13781,119,Shabnam Malik,Attended=No
INSERT_BOOKING,2025-07-17,10:30:00-11:30:00,July 25 ,315,13781,1075,Edna Gilika,Attended=No
INSERT_BOOKING,2025-07-17,10:30:00-11:30:00,July 25 ,316,13781,1252,Asma Rashid,Attended=No
INSERT_BOOKING,2025-07-18,10:30:00-11:30:00,July 25 ,328,13783,190,Suleman Muhammad,Attended=No
INSERT_BOOKING,2025-07-18,14:00:00-15:00:00,July 25 ,335,13784,1111,Basharat Hussain,Attended=No
INSERT_BOOKING,2025-07-19,11:00:00-12:00:00,July 25 ,365,13787,288,Mansoor Malik,Attended=No
INSERT_BOOKING,2025-07-19,11:00:00-12:00:00,July 25 ,366,13787,243,Zafar iqbal,Attended=No
INSERT_BOOKING,2025-07-19,11:00:00-12:00:00,July 25 ,369,13787,259,Abdul Majid,Attended=No
INSERT_BOOKING,2025-07-21,11:00:00-12:00:00,July 25 ,371,13788,107,Anne Mann,Attended=No
INSERT_BOOKING,2025-07-21,11:00:00-12:00:00,July 25 ,373,13788,142,Azra Bibi,Attended=No
INSERT_BOOKING,2025-07-21,11:00:00-12:00:00,July 25 ,376,13788,1038,Saima Ghani,Attended=No
INSERT_BOOKING,2025-07-21,12:30:00-13:30:00,July 25 ,383,13789,174,Sajida Syed,Attended=No
INSERT_BOOKING,2025-07-24,10:30:00-11:30:00,July 25 ,454,13798,1217,Shakila Bi,Attended=No
INSERT_BOOKING,2025-07-24,10:30:00-11:30:00,July 25 ,456,13798,1228,Robina Khatoon,Attended=No
INSERT_BOOKING,2025-07-24,10:30:00-11:30:00,July 25 ,459,13798,1200,Farzana Shabbir,Attended=No
INSERT_BOOKING,2025-07-25,14:00:00-15:00:00,July 25 ,502,13801,1172,Thomas Walker,Attended=No
INSERT_BOOKING,2025-07-25,14:00:00-15:00:00,July 25 ,504,13801,259,Abdul Majid,Attended=No
INSERT_BOOKING,2025-07-25,14:00:00-15:00:00,July 25 ,505,13801,1000,Sajjad Nawaz,Attended=No
INSERT_BOOKING,2025-07-26,11:00:00-12:00:00,July 25 ,525,13804,243,Zafar iqbal,Attended=No
INSERT_BOOKING,2025-07-26,11:00:00-12:00:00,July 25 ,528,13804,190,Suleman Muhammad,Attended=No
INSERT_BOOKING,2025-07-26,11:00:00-12:00:00,July 25 ,532,13804,288,Mansoor Malik,Attended=No
INSERT_BOOKING,2025-07-28,11:00:00-12:00:00,July 25 ,536,13805,1152,Fatima Ntin,Attended=No
INSERT_BOOKING,2025-07-28,11:00:00-12:00:00,July 25 ,539,13805,1169,Nasim Akhtar,Attended=No
INSERT_BOOKING,2025-07-28,11:00:00-12:00:00,July 25 ,541,13805,145,Nighat Noreen,Attended=No
INSERT_BOOKING,2025-07-29,07:15:00-08:00:00,July 25 ,578,13810,1261,Ali Shafaqat,Attended=No
INSERT_BOOKING,2025-07-29,09:30:00-10:30:00,July 25 ,587,13812,284,Nahedah Yunis,Attended=No
INSERT_BOOKING,2025-08-01,10:30:00-11:30:00,August 25  ,3,13817,190,Suleman Muhammad,Attended=No
INSERT_BOOKING,2025-08-01,10:30:00-11:30:00,August 25  ,4,13817,1077,Sahira Parveen,Attended=No
INSERT_BOOKING,2025-08-02,11:00:00-12:00:00,August 25  ,33,13820,1149,Raja Ahmed,Attended=No
INSERT_BOOKING,2025-08-02,11:00:00-12:00:00,August 25  ,34,13820,1203,Sabir Hussain,Attended=No
INSERT_BOOKING,2025-08-04,11:00:00-12:00:00,August 25  ,38,13821,159,Shabeena Kausar,Attended=No
INSERT_BOOKING,2025-08-04,11:00:00-12:00:00,August 25  ,40,13821,301,Insa Shaheen,Attended=No
INSERT_BOOKING,2025-08-04,11:00:00-12:00:00,August 25  ,41,13821,29,Yasmin Akhtar,Attended=No
INSERT_BOOKING,2025-08-04,11:00:00-12:00:00,August 25  ,43,13821,1214,Yearun Nessa,Attended=No
INSERT_BOOKING,2025-08-04,12:30:00-13:30:00,August 25  ,48,13822,604,Blossom Smith,Attended=No
INSERT_BOOKING,2025-08-04,17:45:00-18:45:00,August 25  ,74,13825,1161,Zarqa Shah,Attended=Blank
INSERT_BOOKING,2025-08-04,17:45:00-18:45:00,August 25  ,75,13825,1131,Shaheen Akhtar,Attended=Blank
INSERT_BOOKING,2025-08-05,07:15:00-08:00:00,August 25  ,83,13826,1261,Ali Shafaqat,Attended=No
INSERT_BOOKING,2025-08-05,07:15:00-08:00:00,August 25  ,84,13826,277,Zubair Khan,Attended=No
INSERT_BOOKING,2025-08-05,07:15:00-08:00:00,August 25  ,85,13826,1149,Raja Ahmed,Attended=No
INSERT_BOOKING,2025-08-05,09:30:00-10:30:00,August 25  ,96,13827,245,Fayaz Begum,Attended=No
INSERT_BOOKING,2025-08-05,09:30:00-10:30:00,August 25  ,97,13827,1256,Yasmin Khan,Attended=No
INSERT_BOOKING,2025-08-08,14:00:00-15:00:00,August 25  ,149,13834,176,Noel Mcmanamon,Attended=No
INSERT_BOOKING,2025-08-08,14:00:00-15:00:00,August 25  ,152,13834,1140,Mohnir Akhtar,Attended=No
INSERT_BOOKING,2025-08-08,14:00:00-15:00:00,August 25  ,153,13834,259,Abdul Majid,Attended=No
INSERT_BOOKING,2025-08-08,14:00:00-15:00:00,August 25  ,154,13834,1000,Sajjad Nawaz,Attended=No
INSERT_BOOKING,2025-08-09,09:45:00-10:45:00,August 25  ,164,13836,1131,Shaheen Akhtar,Attended=No
INSERT_BOOKING,2025-08-09,09:45:00-10:45:00,August 25  ,170,13836,1168,Yasmin Aslam,Attended=No
INSERT_BOOKING,2025-08-09,09:45:00-10:45:00,August 25  ,171,13836,182,Shakila Bibi,Attended=No
INSERT_BOOKING,2025-08-09,09:45:00-10:45:00,August 25  ,172,13836,1278,Jamir Bibi,Attended=No
INSERT_BOOKING,2025-08-09,11:00:00-12:00:00,August 25  ,175,13837,1142,Mohammed Mumtaz,Attended=No
INSERT_BOOKING,2025-08-09,11:00:00-12:00:00,August 25  ,176,13837,1146,Mohammed Nawaz,Attended=No
INSERT_BOOKING,2025-08-12,09:30:00-10:30:00,August 25  ,191,13839,207,Naheeda Gul,Attended=No
INSERT_BOOKING,2025-08-12,09:30:00-10:30:00,August 25  ,196,13839,1276,Nighat Shaheen,Attended=No
INSERT_BOOKING,2025-08-12,09:30:00-10:30:00,August 25  ,198,13839,474,Robina Gulzar,Attended=No
INSERT_BOOKING,2025-08-12,12:00:00-13:00:00,August 25  ,203,13840,604,Blossom Smith,Attended=No
INSERT_BOOKING,2025-08-12,12:00:00-13:00:00,August 25  ,207,13840,1009,Rayna Begum,Attended=No
INSERT_BOOKING,2025-08-15,15:00:00-16:00:00,August 25  ,245,13845,1149,Raja Ahmed,Attended=Blank
INSERT_BOOKING,2025-08-16,09:45:00-10:45:00,August 25  ,255,13846,1263,Ghazala Bi,Attended=No
INSERT_BOOKING,2025-08-16,09:45:00-10:45:00,August 25  ,257,13846,300,Uzma Javid,Attended=No
INSERT_BOOKING,2025-08-16,09:45:00-10:45:00,August 25  ,262,13846,1077,Sahira Parveen,Attended=No
INSERT_BOOKING,2025-08-16,11:00:00-12:00:00,August 25  ,266,13847,1282,Zubair Ali,Attended=Blank
INSERT_BOOKING,2026-03-23,15:00:00-16:00:00,2026,1128,14194,,Abdul Majid,Attended=Blank
INSERT_BOOKING,2026-03-27,09:30:00-10:30:00,2026,1199,14202,,Abdul Majid,Attended=Blank
CREATE_LITE_MEMBER,2026-04-04,09:45:00-10:45:00,2026,1370,,,Saila Azam,MembershipId=LITE-1255
INSERT_BOOKING,2026-04-04,09:45:00-10:45:00,2026,1370,14220,,Saila Azam,Attended=Blank
INSERT_BOOKING,2026-04-04,09:45:00-10:45:00,2026,1371,14220,,Shaheen Akhtar,Attended=Blank
CREATE_LITE_MEMBER,2026-04-04,09:45:00-10:45:00,2026,1372,,,Abida Khalid,MembershipId=LITE-1256
INSERT_BOOKING,2026-04-04,09:45:00-10:45:00,2026,1372,14220,,Abida Khalid,Attended=Blank
CREATE_LITE_MEMBER,2026-04-04,09:45:00-10:45:00,2026,1373,,,Baheshta Miakhel,MembershipId=LITE-1257
INSERT_BOOKING,2026-04-04,09:45:00-10:45:00,2026,1373,14220,,Baheshta Miakhel,Attended=Blank
CREATE_LITE_MEMBER,2026-04-04,09:45:00-10:45:00,2026,1374,,,Saida Sharif,MembershipId=LITE-1258
INSERT_BOOKING,2026-04-04,09:45:00-10:45:00,2026,1374,14220,,Saida Sharif,Attended=Blank
INSERT_BOOKING,2026-04-04,09:45:00-10:45:00,2026,1375,14220,,Rubina Amar,Attended=Blank
INSERT_BOOKING,2026-04-04,09:45:00-10:45:00,2026,1376,14220,,Amtal Rehman,Attended=Blank
INSERT_BOOKING,2026-04-04,09:45:00-10:45:00,2026,1377,14220,,Sajida Mahmood,Attended=Blank
INSERT_BOOKING,2026-04-04,11:00:00-12:00:00,2026,1379,14221,,Shah Nawaz,Attended=Blank
INSERT_BOOKING,2026-04-04,11:00:00-12:00:00,2026,1380,14221,,Mohammad Asghar,Attended=Blank
CREATE_LITE_MEMBER,2026-04-04,11:00:00-12:00:00,2026,1381,,,Mohammed Fazal,MembershipId=LITE-1259
INSERT_BOOKING,2026-04-04,11:00:00-12:00:00,2026,1381,14221,,Mohammed Fazal,Attended=Blank
CREATE_LITE_MEMBER,2026-04-04,11:00:00-12:00:00,2026,1382,,,Shahban Khan,MembershipId=LITE-1260
INSERT_BOOKING,2026-04-04,11:00:00-12:00:00,2026,1382,14221,,Shahban Khan,Attended=Blank
INSERT_BOOKING,2026-04-04,11:00:00-12:00:00,2026,1383,14221,,Mohammed Sajid,Attended=Blank
INSERT_BOOKING,2026-04-04,11:00:00-12:00:00,2026,1384,14221,,Mohammed Mumtaz,Attended=Blank
INSERT_BOOKING,2026-04-04,11:00:00-12:00:00,2026,1385,14221,,Qamar Zaman,Attended=Blank
INSERT_BOOKING,2026-04-10,09:30:00-10:30:00,2026,1487,14233,,Abdul Majid,Attended=Blank
INSERT_BOOKING,2026-04-10,09:30:00-10:30:00,2026,1488,14233,,Mansoor Malik,Attended=Blank
CREATE_LITE_MEMBER,2026-04-10,09:30:00-10:30:00,2026,1489,,,Suleman Mohammad,MembershipId=LITE-1264
INSERT_BOOKING,2026-04-10,09:30:00-10:30:00,2026,1489,14233,,Suleman Mohammad,Attended=Blank
INSERT_BOOKING,2026-05-18,15:00:00-16:00:00,2026,2297,14325,,Mohammed Chowdhury,Attended=Blank
INSERT_BOOKING,2026-05-18,15:00:00-16:00:00,2026,2298,14325,,Halal uddin Ahmed,Attended=Blank
CREATE_LITE_MEMBER,2026-05-18,15:00:00-16:00:00,2026,2299,,,Rehmat Ali,MembershipId=LITE-1312
INSERT_BOOKING,2026-05-18,15:00:00-16:00:00,2026,2299,14325,,Rehmat Ali,Attended=Blank
INSERT_BOOKING,2026-05-18,15:00:00-16:00:00,2026,2300,14325,,Abdul Majid,Attended=Blank
INSERT_BOOKING,2026-05-26,12:00:00-13:00:00,2026,2468,14347,,Nusrat Bibi,Attended=Blank
CREATE_LITE_MEMBER,2026-05-26,12:00:00-13:00:00,2026,2469,,,Janat Iqbal,MembershipId=LITE-1324
INSERT_BOOKING,2026-05-26,12:00:00-13:00:00,2026,2469,14347,,Janat Iqbal,Attended=Blank
INSERT_BOOKING,2026-05-26,12:00:00-13:00:00,2026,2470,14347,,Rifat Sultana,Attended=Blank
INSERT_BOOKING,2026-05-26,12:00:00-13:00:00,2026,2473,14347,,Sughra Bibi,Attended=Blank
INSERT_BOOKING,2026-05-26,12:00:00-13:00:00,2026,2474,14347,,Fatima Khan,Attended=Blank
INSERT_BOOKING,2026-05-26,12:00:00-13:00:00,2026,2475,14347,,Niaz Khan,Attended=Blank
INSERT_BOOKING,2026-05-26,12:00:00-13:00:00,2026,2476,14347,,Shamsa Kanwal,Attended=Blank
INSERT_BOOKING,2026-05-28,14:30:00-15:30:00,2026,2515,14351,,Mohammed Fazal,Attended=Blank
CREATE_LITE_MEMBER,2026-05-28,14:30:00-15:30:00,2026,2516,,,Mohammed Riaz,MembershipId=LITE-1325
INSERT_BOOKING,2026-05-28,14:30:00-15:30:00,2026,2516,14351,,Mohammed Riaz,Attended=Blank
INSERT_BOOKING,2026-05-28,14:30:00-15:30:00,2026,2517,14351,,Kamran Khan,Attended=Blank
INSERT_BOOKING,2026-05-28,14:30:00-15:30:00,2026,2518,14351,,Abdul Majid,Attended=Blank
INSERT_BOOKING,2026-05-28,14:30:00-15:30:00,2026,2519,14351,,Hanif Hall,Attended=Blank
INSERT_BOOKING,2026-05-28,14:30:00-15:30:00,2026,2521,14351,,Mohammed Nazir,Attended=Blank
INSERT_BOOKING,2026-05-29,09:30:00-10:30:00,2026,2531,14353,,Sainey Drammeh,Attended=Blank
INSERT_BOOKING,2026-05-29,09:30:00-10:30:00,2026,2532,14353,,Abdul Majid,Attended=Blank
INSERT_BOOKING,2026-05-29,09:30:00-10:30:00,2026,2533,14353,,Rehmat Ali,Attended=Blank
CREATE_LITE_MEMBER,2026-05-29,09:30:00-10:30:00,2026,2534,,,Zia Mehmood,MembershipId=LITE-1326
INSERT_BOOKING,2026-05-29,09:30:00-10:30:00,2026,2534,14353,,Zia Mehmood,Attended=Blank
INSERT_BOOKING,2026-06-25,14:30:00-15:00:00,2026,3125,14414,,Mohammed Akram,Attended=Blank
INSERT_BOOKING,2026-06-25,14:30:00-15:00:00,2026,3126,14414,,Asad Hussain,Attended=Blank
CREATE_LITE_MEMBER,2026-06-25,14:30:00-15:00:00,2026,3127,,,Mohammed khalid,MembershipId=LITE-1346
INSERT_BOOKING,2026-06-25,14:30:00-15:00:00,2026,3127,14414,,Mohammed khalid,Attended=Blank
CREATE_LITE_MEMBER,2026-06-25,14:30:00-15:00:00,2026,3128,,,Mohammad Arif,MembershipId=LITE-1347
INSERT_BOOKING,2026-06-25,14:30:00-15:00:00,2026,3128,14414,,Mohammad Arif,Attended=Blank
CREATE_LITE_MEMBER,2026-06-25,14:30:00-15:00:00,2026,3129,,,Mohammed Latif Ahmed,MembershipId=LITE-1348
INSERT_BOOKING,2026-06-25,14:30:00-15:00:00,2026,3129,14414,,Mohammed Latif Ahmed,Attended=Blank
INSERT_BOOKING,2026-06-25,17:00:00-18:00:00,2026,3134,14415,,Shaheen Akhtar,Attended=Blank
INSERT_BOOKING,2026-06-25,17:00:00-18:00:00,2026,3135,14415,,Sultana Parveen,Attended=Blank
INSERT_BOOKING,2026-06-25,17:00:00-18:00:00,2026,3136,14415,,Samina Javed,Attended=Blank
CREATE_LITE_MEMBER,2026-06-25,17:00:00-18:00:00,2026,3137,,,Brooke Kelly,MembershipId=LITE-1349
INSERT_BOOKING,2026-06-25,17:00:00-18:00:00,2026,3137,14415,,Brooke Kelly,Attended=Blank
CREATE_LITE_MEMBER,2026-06-25,17:00:00-18:00:00,2026,3138,,,Jaslyne Richards,MembershipId=LITE-1350
INSERT_BOOKING,2026-06-25,17:00:00-18:00:00,2026,3138,14415,,Jaslyne Richards,Attended=Blank
CREATE_LITE_MEMBER,2026-06-25,17:00:00-18:00:00,2026,3139,,,Rhonda Connor,MembershipId=LITE-1351
INSERT_BOOKING,2026-06-25,17:00:00-18:00:00,2026,3139,14415,,Rhonda Connor,Attended=Blank
INSERT_BOOKING,2026-07-10,10:30:00-11:30:00,2026,3458,14448,,Gladys Lee,Attended=Blank
INSERT_BOOKING,2026-07-10,10:30:00-11:30:00,2026,3459,14448,,Farzana Kokb,Attended=Blank
INSERT_BOOKING,2026-07-10,10:30:00-11:30:00,2026,3460,14448,,Sahira Parveen,Attended=Blank
INSERT_BOOKING,2026-07-10,10:30:00-11:30:00,2026,3461,14448,,Sultana Parveen,Attended=Blank
INSERT_BOOKING,2026-07-10,10:30:00-11:30:00,2026,3462,14448,,Patricia Lawrence,Attended=Blank
INSERT_BOOKING,2026-07-10,10:30:00-11:30:00,2026,3463,14448,,Jennifer Mason,Attended=Blank
INSERT_BOOKING,2026-09-10,14:30:00-15:30:00,2026,4358,8670,,Mohammed Latif Ahmed,Attended=Blank
INSERT_BOOKING,2026-09-10,14:30:00-15:30:00,2026,4359,8670,,Thomas Walker,Attended=Blank
INSERT_BOOKING,2026-09-10,14:30:00-15:30:00,2026,4360,8670,,Mohammed Nawaz,Attended=Blank
INSERT_BOOKING,2026-09-10,14:30:00-15:30:00,2026,4361,8670,,Mohammed khalid,Attended=Blank
INSERT_BOOKING,2026-09-10,14:30:00-15:30:00,2026,4362,8670,,Asad Hussain,Attended=Blank
INSERT_BOOKING,2026-09-11,09:30:00-10:30:00,2026,4376,8625,,Kamran Khan,Attended=Blank
INSERT_BOOKING,2026-09-11,09:30:00-10:30:00,2026,4377,8625,,Mohammed Alyas Hussain,Attended=Blank
INSERT_BOOKING,2026-09-11,09:30:00-10:30:00,2026,4378,8625,,Mohammed khalid,Attended=Blank
INSERT_BOOKING,2026-09-11,09:30:00-10:30:00,2026,4379,8625,,Mohammed Akram,Attended=Blank
INSERT_BOOKING,2026-09-11,09:30:00-10:30:00,2026,4380,8625,,Mansoor Malik,Attended=Blank
INSERT_BOOKING,2026-09-11,09:30:00-10:30:00,2026,4381,8625,,Mogees Nasir,Attended=Blank
INSERT_BOOKING,2026-09-11,15:00:00-16:00:00,2026,4394,8640,,Abdul Majid,Attended=Blank
INSERT_BOOKING,2026-09-11,15:00:00-16:00:00,2026,4396,8640,,Mohammad Asghar,Attended=Blank
INSERT_BOOKING,2026-09-11,15:00:00-16:00:00,2026,4397,8640,,Mohnir Akhtar,Attended=Blank
INSERT_BOOKING,2026-09-11,15:00:00-16:00:00,2026,4398,8640,,Mohammed Nawaz,Attended=Blank
INSERT_BOOKING,2026-09-11,15:00:00-16:00:00,2026,4399,8640,,Thomas Walker,Attended=Blank
INSERT_BOOKING,2026-09-11,15:00:00-16:00:00,2026,4400,8640,,Arshad Mahmood,Attended=Blank
CREATE_SESSION,2026-09-12,09:45:00-10:45:00,2026,4403,NEW,,,type=Female; lead=Perween
INSERT_BOOKING,2026-09-12,09:45:00-10:45:00,2026,4403,NEW,,Shaheen Akhtar,Attended=Blank
INSERT_BOOKING,2026-09-12,09:45:00-10:45:00,2026,4404,NEW,,Zenab Bi,Attended=Blank
INSERT_BOOKING,2026-09-12,11:00:00-12:00:00,2026,4412,8655,,Zubair Khan,Attended=Blank
INSERT_BOOKING,2026-09-12,11:00:00-12:00:00,2026,4413,8655,,Mansoor Malik,Attended=Blank
INSERT_BOOKING,2026-09-12,11:00:00-12:00:00,2026,4414,8655,,Raja Ali,Attended=Blank
INSERT_BOOKING,2026-09-12,11:00:00-12:00:00,2026,4415,8655,,Arshad Mahmood,Attended=Blank
CREATE_LITE_MEMBER,2026-09-12,11:00:00-12:00:00,2026,4416,,,Zafar Naseem,MembershipId=LITE-1373
INSERT_BOOKING,2026-09-12,11:00:00-12:00:00,2026,4416,8655,,Zafar Naseem,Attended=Blank
INSERT_BOOKING,2026-09-12,11:00:00-12:00:00,2026,4417,8655,,Shahban Khan,Attended=Blank
INSERT_BOOKING,2026-09-12,11:00:00-12:00:00,2026,4418,8655,,Mohammed Sajid,Attended=Blank
INSERT_BOOKING,2026-09-12,11:00:00-12:00:00,2026,4419,8655,,Mohammed khalid,Attended=Blank
INSERT_BOOKING,2026-09-12,11:00:00-12:00:00,2026,4420,8655,,Sabir Hussain,Attended=Blank
INSERT_BOOKING,2026-09-14,14:00:00-15:00:00,2026,4439,6840,,Mohammed Akram,Attended=Blank
INSERT_BOOKING,2026-09-14,14:00:00-15:00:00,2026,4440,6840,,Mansoor Malik,Attended=Blank
INSERT_BOOKING,2026-09-14,14:00:00-15:00:00,2026,4441,6840,,Thomas Walker,Attended=Blank
INSERT_BOOKING,2026-09-14,14:00:00-15:00:00,2026,4442,6840,,Kamran Khan,Attended=Blank
INSERT_BOOKING,2026-09-14,14:00:00-15:00:00,2026,4443,6840,,Mohammed Alyas Hussain,Attended=Blank
INSERT_BOOKING,2026-09-14,14:00:00-15:00:00,2026,4444,6840,,Mohammed Riaz,Attended=Blank
INSERT_BOOKING,2026-09-14,14:00:00-15:00:00,2026,4445,6840,,Mohammed khalid,Attended=Blank
INSERT_BOOKING,2026-09-14,14:00:00-15:00:00,2026,4446,6840,,Mohammed Saghir,Attended=Blank
CREATE_LITE_MEMBER,2026-09-14,14:00:00-15:00:00,2026,4447,,,Mohammed Yaqoob,MembershipId=LITE-1374
INSERT_BOOKING,2026-09-14,14:00:00-15:00:00,2026,4447,6840,,Mohammed Yaqoob,Attended=Blank
CREATE_LITE_MEMBER,2026-09-14,15:00:00-16:00:00,2026,4449,,,Laurance Marson,MembershipId=LITE-1375
INSERT_BOOKING,2026-09-14,15:00:00-16:00:00,2026,4449,6854,,Laurance Marson,Attended=Blank
INSERT_BOOKING,2026-09-14,15:00:00-16:00:00,2026,4450,6854,,Abdul Wahid Ashraf,Attended=Blank
INSERT_BOOKING,2026-09-14,15:00:00-16:00:00,2026,4451,6854,,Mohammed Ashraf,Attended=Blank
INSERT_BOOKING,2026-09-14,15:00:00-16:00:00,2026,4452,6854,,Mazhar Mahmood,Attended=Blank
INSERT_BOOKING,2026-09-17,14:30:00-15:30:00,2026,4511,8611,,Shah Nawaz,Attended=Blank
INSERT_BOOKING,2026-09-17,14:30:00-15:30:00,2026,4512,8611,,Asad Hussain,Attended=Blank
INSERT_BOOKING,2026-09-17,14:30:00-15:30:00,2026,4513,8611,,Mohammed Latif Ahmed,Attended=Blank
INSERT_BOOKING,2026-09-17,14:30:00-15:30:00,2026,4514,8611,,Mohammed khalid,Attended=Blank
INSERT_BOOKING,2026-09-17,14:30:00-15:30:00,2026,4515,8611,,Mohammed Akram,Attended=Blank
INSERT_BOOKING,2026-09-17,14:30:00-15:30:00,2026,4516,8611,,Sharowan Amir,Attended=Blank
INSERT_BOOKING,2026-09-17,14:30:00-15:30:00,2026,4517,8611,,Zahoor Hussain,Attended=Blank
INSERT_BOOKING,2026-09-17,14:30:00-15:30:00,2026,4518,8611,,Mohammed Nawaz,Attended=Blank
INSERT_BOOKING,2026-09-17,14:30:00-15:30:00,2026,4519,8611,,Mohammed Alyas Hussain,Attended=Blank
INSERT_BOOKING,2026-09-18,09:30:00-10:30:00,2026,4529,8626,,Kamran Khan,Attended=Blank
INSERT_BOOKING,2026-09-18,09:30:00-10:30:00,2026,4530,8626,,Sharowan Amir,Attended=Blank
INSERT_BOOKING,2026-09-18,09:30:00-10:30:00,2026,4531,8626,,Mogees Nasir,Attended=Blank
INSERT_BOOKING,2026-09-18,09:30:00-10:30:00,2026,4532,8626,,Mohammed Akram,Attended=Blank
INSERT_BOOKING,2026-09-18,09:30:00-10:30:00,2026,4533,8626,,Mohammed khalid,Attended=Blank
INSERT_BOOKING,2026-09-18,09:30:00-10:30:00,2026,4534,8626,,Arshad Mahmood,Attended=Blank
INSERT_BOOKING,2026-09-18,09:30:00-10:30:00,2026,4535,8626,,Zahoor Hussain,Attended=Blank
INSERT_BOOKING,2026-09-18,09:30:00-10:30:00,2026,4536,8626,,Abdul Majid,Attended=Blank
INSERT_BOOKING,2026-09-18,09:30:00-10:30:00,2026,4537,8626,,Hanif Hall,Attended=Blank
INSERT_BOOKING,2026-09-18,15:00:00-16:00:00,2026,4547,8641,,Mohammed Fazal,Attended=Blank
INSERT_BOOKING,2026-09-18,15:00:00-16:00:00,2026,4548,8641,,Mohammed Sabar,Attended=Blank
INSERT_BOOKING,2026-09-18,15:00:00-16:00:00,2026,4549,8641,,Abdul Majid,Attended=Blank
INSERT_BOOKING,2026-09-18,15:00:00-16:00:00,2026,4550,8641,,Mohammad Asghar,Attended=Blank
INSERT_BOOKING,2026-09-18,15:00:00-16:00:00,2026,4551,8641,,Mohnir Akhtar,Attended=Blank
INSERT_BOOKING,2026-09-18,15:00:00-16:00:00,2026,4552,8641,,Mohammed Nawaz,Attended=Blank
INSERT_BOOKING,2026-09-18,15:00:00-16:00:00,2026,4553,8641,,Shah Nawaz,Attended=Blank
INSERT_BOOKING,2026-09-18,15:00:00-16:00:00,2026,4554,8641,,Mazhar Iqbal,Attended=Blank
INSERT_BOOKING,2026-09-18,15:00:00-16:00:00,2026,4555,8641,,Arshad Mahmood,Attended=Blank
CREATE_SESSION,2026-09-19,09:45:00-10:45:00,2026,4556,NEW,,,type=Female; lead=Perween
INSERT_BOOKING,2026-09-19,09:45:00-10:45:00,2026,4556,NEW,,Shaheen Akhtar,Attended=Blank
INSERT_BOOKING,2026-09-19,09:45:00-10:45:00,2026,4557,NEW,,Shamim Akhtar,Attended=Blank
INSERT_BOOKING,2026-09-19,11:00:00-12:00:00,2026,4565,8656,,Zubair Khan,Attended=Blank
INSERT_BOOKING,2026-09-19,11:00:00-12:00:00,2026,4566,8656,,Shahban Khan,Attended=Blank
INSERT_BOOKING,2026-09-19,11:00:00-12:00:00,2026,4567,8656,,Mohammed Akram,Attended=Blank
INSERT_BOOKING,2026-09-19,11:00:00-12:00:00,2026,4568,8656,,Raja Ali,Attended=Blank
INSERT_BOOKING,2026-09-19,11:00:00-12:00:00,2026,4569,8656,,Mansoor Malik,Attended=Blank
INSERT_BOOKING,2026-09-19,11:00:00-12:00:00,2026,4570,8656,,Mohammed khalid,Attended=Blank
INSERT_BOOKING,2026-09-19,11:00:00-12:00:00,2026,4571,8656,,Sabir Hussain,Attended=Blank
INSERT_BOOKING,2026-09-19,11:00:00-12:00:00,2026,4572,8656,,Mohammed Sajid,Attended=Blank
INSERT_BOOKING,2026-09-19,11:00:00-12:00:00,2026,4573,8656,,Arshad Mahmood,Attended=Blank
INSERT_BOOKING,2026-09-23,11:00:00-12:00:00,2026,4628,6827,,Kamran Khan,Attended=Blank
INSERT_BOOKING,2026-09-23,11:00:00-12:00:00,2026,4629,6827,,Mohammed Akram,Attended=Blank
INSERT_BOOKING,2026-09-23,11:00:00-12:00:00,2026,4630,6827,,Raja Ali,Attended=Blank
INSERT_BOOKING,2026-09-23,11:00:00-12:00:00,2026,4631,6827,,Mohammed Saleem,Attended=Blank
INSERT_BOOKING,2026-09-23,11:00:00-12:00:00,2026,4632,6827,,Sabir Hussain,Attended=Blank
INSERT_BOOKING,2026-09-23,11:00:00-12:00:00,2026,4633,6827,,Thomas Walker,Attended=Blank
INSERT_BOOKING,2026-09-23,11:00:00-12:00:00,2026,4634,6827,,Mohammed khalid,Attended=Blank
INSERT_BOOKING,2026-09-23,11:00:00-12:00:00,2026,4635,6827,,Abdul Majid,Attended=Blank
INSERT_BOOKING,2026-09-23,11:00:00-12:00:00,2026,4636,6827,,Mohammed Nazir,Attended=Blank
INSERT_BOOKING,2026-09-25,09:30:00-10:30:00,2026,4682,8627,,Mohammed Alyas Hussain,Attended=Blank
INSERT_BOOKING,2026-09-25,09:30:00-10:30:00,2026,4683,8627,,Sharowan Amir,Attended=Blank
INSERT_BOOKING,2026-09-25,09:30:00-10:30:00,2026,4684,8627,,Mohammed khalid,Attended=Blank
INSERT_BOOKING,2026-09-25,09:30:00-10:30:00,2026,4685,8627,,Abdul Majid,Attended=Blank
INSERT_BOOKING,2026-09-25,09:30:00-10:30:00,2026,4686,8627,,Mohammed Akram,Attended=Blank
INSERT_BOOKING,2026-09-25,09:30:00-10:30:00,2026,4687,8627,,Hanif Hall,Attended=Blank
INSERT_BOOKING,2026-09-25,09:30:00-10:30:00,2026,4688,8627,,Mansoor Malik,Attended=Blank
INSERT_BOOKING,2026-09-25,09:30:00-10:30:00,2026,4689,8627,,Mogees Nasir,Attended=Blank
INSERT_BOOKING,2026-09-25,09:30:00-10:30:00,2026,4690,8627,,Mohammed Nazir,Attended=Blank
INSERT_BOOKING,2026-09-25,15:00:00-16:00:00,2026,4700,8642,,Mohammed Nazir,Attended=Blank
INSERT_BOOKING,2026-09-25,15:00:00-16:00:00,2026,4701,8642,,Arshad Mahmood,Attended=Blank
INSERT_BOOKING,2026-09-25,15:00:00-16:00:00,2026,4702,8642,,Mohammed Nawaz,Attended=Blank
INSERT_BOOKING,2026-09-25,15:00:00-16:00:00,2026,4703,8642,,Mazhar Iqbal,Attended=Blank
INSERT_BOOKING,2026-09-25,15:00:00-16:00:00,2026,4704,8642,,Thomas Walker,Attended=Blank
INSERT_BOOKING,2026-09-25,15:00:00-16:00:00,2026,4705,8642,,Mazhar Mahmood,Attended=Blank
CREATE_LITE_MEMBER,2026-09-25,15:00:00-16:00:00,2026,4706,,,Zulfiqar Ali,MembershipId=LITE-1379
INSERT_BOOKING,2026-09-25,15:00:00-16:00:00,2026,4706,8642,,Zulfiqar Ali,Attended=Blank
INSERT_BOOKING,2026-09-25,15:00:00-16:00:00,2026,4707,8642,,Abdul Majid,Attended=Blank
CREATE_SESSION,2026-09-26,09:45:00-10:45:00,2026,4709,NEW,,,type=Female; lead=Perween
INSERT_BOOKING,2026-09-26,09:45:00-10:45:00,2026,4709,NEW,,Shaheen Akhtar,Attended=Blank
INSERT_BOOKING,2026-09-26,09:45:00-10:45:00,2026,4710,NEW,,Ghazala Bi,Attended=Blank
INSERT_BOOKING,2026-09-26,09:45:00-10:45:00,2026,4711,NEW,,Fozia Hafiz,Attended=Blank
INSERT_BOOKING,2026-09-26,11:00:00-12:00:00,2026,4718,8657,,Najabat Hussain,Attended=Blank
INSERT_BOOKING,2026-09-26,11:00:00-12:00:00,2026,4719,8657,,Zubair Khan,Attended=Blank
INSERT_BOOKING,2026-09-26,11:00:00-12:00:00,2026,4720,8657,,Shahban Khan,Attended=Blank
INSERT_BOOKING,2026-09-26,11:00:00-12:00:00,2026,4721,8657,,Mohammed khalid,Attended=Blank
INSERT_BOOKING,2026-09-26,11:00:00-12:00:00,2026,4722,8657,,Raja Ali,Attended=Blank
INSERT_BOOKING,2026-09-26,11:00:00-12:00:00,2026,4723,8657,,Mansoor Malik,Attended=Blank
INSERT_BOOKING,2026-09-26,11:00:00-12:00:00,2026,4724,8657,,Sabir Hussain,Attended=Blank
INSERT_BOOKING,2026-09-26,11:00:00-12:00:00,2026,4725,8657,,Mohammed Sajid,Attended=Blank
INSERT_BOOKING,2026-09-26,11:00:00-12:00:00,2026,4726,8657,,Mazhar Mahmood,Attended=Blank
ENABLE_BOOKING,2026-09-28,11:00:00-12:00:00,2026,4727,16288,,,
CREATE_LITE_MEMBER,2026-09-28,11:00:00-12:00:00,2026,4727,,,Nadifa Ahmed,MembershipId=LITE-1380
INSERT_BOOKING,2026-09-28,11:00:00-12:00:00,2026,4727,16288,,Nadifa Ahmed,Attended=Blank
INSERT_BOOKING,2026-09-28,11:00:00-12:00:00,2026,4728,16288,,Razmeen Zafar Naseem,Attended=Blank
INSERT_BOOKING,2026-09-28,11:00:00-12:00:00,2026,4729,16288,,Shazia Bibi,Attended=Blank
INSERT_BOOKING,2026-09-28,11:00:00-12:00:00,2026,4730,16288,,Jamila Khatoon,Attended=Blank
INSERT_BOOKING,2026-09-28,11:00:00-12:00:00,2026,4731,16288,,Nasreen Akhtar,Attended=Blank
CREATE_LITE_MEMBER,2026-09-28,11:00:00-12:00:00,2026,4732,,,Riffat Sultana,MembershipId=LITE-1381
INSERT_BOOKING,2026-09-28,11:00:00-12:00:00,2026,4732,16288,,Riffat Sultana,Attended=Blank
INSERT_BOOKING,2026-09-28,11:00:00-12:00:00,2026,4733,16288,,Mahroof Bibi,Attended=Blank
INSERT_BOOKING,2026-09-28,11:00:00-12:00:00,2026,4734,16288,,Shakeela Bibi,Attended=Blank
CREATE_LITE_MEMBER,2026-09-28,11:00:00-12:00:00,2026,4735,,,Khadija Muhammad,MembershipId=LITE-1382
INSERT_BOOKING,2026-09-28,11:00:00-12:00:00,2026,4735,16288,,Khadija Muhammad,Attended=Blank
ENABLE_BOOKING,2026-09-28,12:30:00-13:30:00,2026,4736,16303,,,
INSERT_BOOKING,2026-09-28,12:30:00-13:30:00,2026,4736,16303,,Suk Lin (Monica) Mok,Attended=Blank
INSERT_BOOKING,2026-09-28,12:30:00-13:30:00,2026,4737,16303,,Razia Begum,Attended=Blank
INSERT_BOOKING,2026-09-28,12:30:00-13:30:00,2026,4738,16303,,Sardar Begum,Attended=Blank
INSERT_BOOKING,2026-09-28,12:30:00-13:30:00,2026,4739,16303,,Nagina Ikram,Attended=Blank
INSERT_BOOKING,2026-09-28,12:30:00-13:30:00,2026,4740,16303,,Nusrat Bibi,Attended=Blank
CREATE_LITE_MEMBER,2026-09-28,12:30:00-13:30:00,2026,4741,,,Uzma Masroor,MembershipId=LITE-1383
INSERT_BOOKING,2026-09-28,12:30:00-13:30:00,2026,4741,16303,,Uzma Masroor,Attended=Blank
INSERT_BOOKING,2026-09-28,12:30:00-13:30:00,2026,4743,16303,,Nasreen Hussain,Attended=Blank
INSERT_BOOKING,2026-09-28,12:30:00-13:30:00,2026,4744,16303,,Abida Khalid,Attended=Blank
INSERT_BOOKING,2026-09-28,14:00:00-15:00:00,2026,4745,6842,,Abdul Majid,Attended=Blank
INSERT_BOOKING,2026-09-28,14:00:00-15:00:00,2026,4746,6842,,Arshad Mahmood,Attended=Blank
INSERT_BOOKING,2026-09-28,14:00:00-15:00:00,2026,4747,6842,,Mohammed Riaz,Attended=Blank
INSERT_BOOKING,2026-09-28,14:00:00-15:00:00,2026,4748,6842,,Thomas Walker,Attended=Blank
INSERT_BOOKING,2026-09-28,14:00:00-15:00:00,2026,4749,6842,,Mazhar Mahmood,Attended=Blank
INSERT_BOOKING,2026-09-28,14:00:00-15:00:00,2026,4750,6842,,Asad Hussain,Attended=Blank
INSERT_BOOKING,2026-09-28,14:00:00-15:00:00,2026,4751,6842,,Mansoor Malik,Attended=Blank
INSERT_BOOKING,2026-09-28,14:00:00-15:00:00,2026,4752,6842,,Mohammed Alyas Hussain,Attended=Blank
INSERT_BOOKING,2026-09-28,14:00:00-15:00:00,2026,4753,6842,,Mohammed khalid,Attended=Blank
INSERT_BOOKING,2026-09-28,15:00:00-16:00:00,2026,4754,6856,,Laurance Marson,Attended=Blank
INSERT_BOOKING,2026-09-28,15:00:00-16:00:00,2026,4755,6856,,Mazhar Iqbal,Attended=Blank
INSERT_BOOKING,2026-09-28,15:00:00-16:00:00,2026,4756,6856,,Mohnir Akhtar,Attended=Blank
INSERT_BOOKING,2026-09-28,15:00:00-16:00:00,2026,4757,6856,,Abdul Wahid Ashraf,Attended=Blank
INSERT_BOOKING,2026-09-28,15:00:00-16:00:00,2026,4758,6856,,Mohammed Ashraf,Attended=Blank
INSERT_BOOKING,2026-09-28,15:00:00-16:00:00,2026,4760,6856,,Mohammad Iqbal,Attended=Blank
CREATE_LITE_MEMBER,2026-09-28,15:00:00-16:00:00,2026,4761,,,Muhammad Younis,MembershipId=LITE-1384
INSERT_BOOKING,2026-09-28,15:00:00-16:00:00,2026,4761,6856,,Muhammad Younis,Attended=Blank
INSERT_BOOKING,2026-09-28,15:00:00-16:00:00,2026,4762,6856,,Mohammad Arif,Attended=Blank
INSERT_BOOKING,2026-09-30,11:00:00-12:00:00,2026,4781,6828,,Asad Hussain,Attended=Blank
INSERT_BOOKING,2026-09-30,11:00:00-12:00:00,2026,4782,6828,,Raja Ali,Attended=Blank
INSERT_BOOKING,2026-09-30,11:00:00-12:00:00,2026,4783,6828,,Mohammed Saleem,Attended=Blank
INSERT_BOOKING,2026-09-30,11:00:00-12:00:00,2026,4784,6828,,Sabir Hussain,Attended=Blank
INSERT_BOOKING,2026-09-30,11:00:00-12:00:00,2026,4785,6828,,Mohammed khalid,Attended=Blank
INSERT_BOOKING,2026-09-30,11:00:00-12:00:00,2026,4786,6828,,Arshad Mahmood,Attended=Blank
INSERT_BOOKING,2026-09-30,11:00:00-12:00:00,2026,4787,6828,,Mohammed Alyas Hussain,Attended=Blank
INSERT_BOOKING,2026-09-30,11:00:00-12:00:00,2026,4788,6828,,Mohammed Akram,Attended=Blank
INSERT_BOOKING,2026-09-30,11:00:00-12:00:00,2026,4789,6828,,Mohammed Riaz,Attended=Blank
ENABLE_BOOKING,2026-09-30,12:15:00-13:15:00,2026,4790,8837,,,
INSERT_BOOKING,2026-09-30,12:15:00-13:15:00,2026,4790,8837,,Yasmin Mehmood,Attended=Blank
INSERT_BOOKING,2026-09-30,12:15:00-13:15:00,2026,4791,8837,,Angela Cross,Attended=Blank
INSERT_BOOKING,2026-09-30,12:15:00-13:15:00,2026,4792,8837,,Maqsood Begum,Attended=Blank
INSERT_BOOKING,2026-09-30,12:15:00-13:15:00,2026,4793,8837,,Hameeda Begum,Attended=Blank
INSERT_BOOKING,2026-09-30,12:15:00-13:15:00,2026,4794,8837,,Shamim Akhtar,Attended=Blank
INSERT_BOOKING,2026-09-30,12:15:00-13:15:00,2026,4795,8837,,Zubaida Shaheen,Attended=Blank
INSERT_BOOKING,2026-09-30,12:15:00-13:15:00,2026,4797,8837,,Sobia Ilahi,Attended=Blank
INSERT_BOOKING,2026-10-01,14:30:00-15:30:00,2026,4817,8613,,Shah Nawaz,Attended=Blank
INSERT_BOOKING,2026-10-01,14:30:00-15:30:00,2026,4818,8613,,Asad Hussain,Attended=Blank
INSERT_BOOKING,2026-10-01,14:30:00-15:30:00,2026,4819,8613,,Mohammed Latif Ahmed,Attended=Blank
INSERT_BOOKING,2026-10-01,14:30:00-15:30:00,2026,4820,8613,,Mohammed khalid,Attended=Blank
INSERT_BOOKING,2026-10-01,14:30:00-15:30:00,2026,4821,8613,,Mohammed Akram,Attended=Blank
INSERT_BOOKING,2026-10-01,14:30:00-15:30:00,2026,4822,8613,,Arshad Mahmood,Attended=Blank
INSERT_BOOKING,2026-10-01,14:30:00-15:30:00,2026,4823,8613,,Mohammed Nawaz,Attended=Blank
INSERT_BOOKING,2026-10-01,14:30:00-15:30:00,2026,4824,8613,,Mohammed Nazir,Attended=Blank
INSERT_BOOKING,2026-10-01,14:30:00-15:30:00,2026,4825,8613,,Zulfiqar Ali,Attended=Blank
CREATE_SESSION,2026-10-03,09:45:00-10:45:00,2026,4862,NEW,,,type=Female; lead=Perween
INSERT_BOOKING,2026-10-03,09:45:00-10:45:00,2026,4862,NEW,,Fozia Hafiz,Attended=Blank
INSERT_BOOKING,2026-10-03,09:45:00-10:45:00,2026,4863,NEW,,Ghazala Bi,Attended=Blank
INSERT_BOOKING,2026-10-03,09:45:00-10:45:00,2026,4864,NEW,,Shaheen Akhtar,Attended=Blank
INSERT_BOOKING,2026-10-03,09:45:00-10:45:00,2026,4865,NEW,,Fatima Khan,Attended=Blank
INSERT_BOOKING,2026-10-03,09:45:00-10:45:00,2026,4866,NEW,,Azra Bibi,Attended=Blank
INSERT_BOOKING,2026-10-03,11:00:00-12:00:00,2026,4871,8658,,Zubair Khan,Attended=Blank
INSERT_BOOKING,2026-10-03,11:00:00-12:00:00,2026,4872,8658,,Shahban Khan,Attended=Blank
INSERT_BOOKING,2026-10-03,11:00:00-12:00:00,2026,4873,8658,,Mohammed khalid,Attended=Blank
INSERT_BOOKING,2026-10-03,11:00:00-12:00:00,2026,4874,8658,,Mohammed Sajid,Attended=Blank
INSERT_BOOKING,2026-10-03,11:00:00-12:00:00,2026,4875,8658,,Mansoor Malik,Attended=Blank
INSERT_BOOKING,2026-10-03,11:00:00-12:00:00,2026,4876,8658,,Sabir Hussain,Attended=Blank
INSERT_BOOKING,2026-10-03,11:00:00-12:00:00,2026,4877,8658,,Mohammed Akram,Attended=Blank
INSERT_BOOKING,2026-10-03,11:00:00-12:00:00,2026,4879,8658,,Arshad Mahmood,Attended=Blank
INSERT_BOOKING,2026-10-05,14:00:00-15:00:00,2026,4898,6843,,Abdul Majid,Attended=Blank
INSERT_BOOKING,2026-10-05,14:00:00-15:00:00,2026,4899,6843,,Mohammed khalid,Attended=Blank
INSERT_BOOKING,2026-10-05,14:00:00-15:00:00,2026,4900,6843,,Asad Hussain,Attended=Blank
INSERT_BOOKING,2026-10-05,14:00:00-15:00:00,2026,4901,6843,,Mohammed Alyas Hussain,Attended=Blank
INSERT_BOOKING,2026-10-05,14:00:00-15:00:00,2026,4902,6843,,Mohammed Riaz,Attended=Blank
INSERT_BOOKING,2026-10-05,14:00:00-15:00:00,2026,4903,6843,,Thomas Walker,Attended=Blank
INSERT_BOOKING,2026-10-05,14:00:00-15:00:00,2026,4904,6843,,Mohammad Arif,Attended=Blank
INSERT_BOOKING,2026-10-05,14:00:00-15:00:00,2026,4905,6843,,Mansoor Malik,Attended=Blank
INSERT_BOOKING,2026-10-05,14:00:00-15:00:00,2026,4906,6843,,Mohammed Nazir,Attended=Blank
INSERT_BOOKING,2026-10-07,11:00:00-12:00:00,2026,4934,6829,,Mohammed Mahroof,Attended=Blank
INSERT_BOOKING,2026-10-07,11:00:00-12:00:00,2026,4935,6829,,Raja Ali,Attended=Blank
INSERT_BOOKING,2026-10-07,11:00:00-12:00:00,2026,4936,6829,,Mohammed Saleem,Attended=Blank
INSERT_BOOKING,2026-10-07,11:00:00-12:00:00,2026,4937,6829,,Sabir Hussain,Attended=Blank
INSERT_BOOKING,2026-10-07,11:00:00-12:00:00,2026,4938,6829,,Mohammed khalid,Attended=Blank
INSERT_BOOKING,2026-10-07,11:00:00-12:00:00,2026,4939,6829,,Arshad Mahmood,Attended=Blank
INSERT_BOOKING,2026-10-07,11:00:00-12:00:00,2026,4940,6829,,Mohammed Alyas Hussain,Attended=Blank
INSERT_BOOKING,2026-10-07,11:00:00-12:00:00,2026,4941,6829,,Mohammed Akram,Attended=Blank
INSERT_BOOKING,2026-10-07,11:00:00-12:00:00,2026,4942,6829,,Mohammed Riaz,Attended=Blank
ENABLE_BOOKING,2026-10-07,12:15:00-13:15:00,2026,4943,8838,,,
INSERT_BOOKING,2026-10-07,12:15:00-13:15:00,2026,4943,8838,,Ishrat Begum,Attended=Blank
CREATE_LITE_MEMBER,2026-10-07,12:15:00-13:15:00,2026,4944,,,Tabasum Shahnaz,MembershipId=LITE-1388
INSERT_BOOKING,2026-10-07,12:15:00-13:15:00,2026,4944,8838,,Tabasum Shahnaz,Attended=Blank
INSERT_BOOKING,2026-10-07,12:15:00-13:15:00,2026,4945,8838,,Yasmin Mehmood,Attended=Blank
INSERT_BOOKING,2026-10-07,12:15:00-13:15:00,2026,4946,8838,,Angela Cross,Attended=Blank
INSERT_BOOKING,2026-10-07,12:15:00-13:15:00,2026,4947,8838,,Maqsood Begum,Attended=Blank
INSERT_BOOKING,2026-10-07,12:15:00-13:15:00,2026,4948,8838,,Hameeda Begum,Attended=Blank
INSERT_BOOKING,2026-10-07,12:15:00-13:15:00,2026,4949,8838,,Shamim Akhtar,Attended=Blank
INSERT_BOOKING,2026-10-07,12:15:00-13:15:00,2026,4950,8838,,Zubaida Shaheen,Attended=Blank
INSERT_BOOKING,2026-10-07,12:15:00-13:15:00,2026,4951,8838,,Sobia Ilahi,Attended=Blank
INSERT_BOOKING,2026-10-08,14:30:00-15:30:00,2026,4970,8614,,Asad Hussain,Attended=Blank
INSERT_BOOKING,2026-10-08,14:30:00-15:30:00,2026,4971,8614,,Mohammed Latif Ahmed,Attended=Blank
INSERT_BOOKING,2026-10-08,14:30:00-15:30:00,2026,4972,8614,,Mohammed Nawaz,Attended=Blank
INSERT_BOOKING,2026-10-08,14:30:00-15:30:00,2026,4973,8614,,Mohammed Akram,Attended=Blank
INSERT_BOOKING,2026-10-08,14:30:00-15:30:00,2026,4974,8614,,Mohammed Nazir,Attended=Blank
INSERT_BOOKING,2026-10-08,14:30:00-15:30:00,2026,4975,8614,,Zulfiqar Ali,Attended=Blank
INSERT_BOOKING,2026-10-08,14:30:00-15:30:00,2026,4976,8614,,Thomas Walker,Attended=Blank
INSERT_BOOKING,2026-10-08,14:30:00-15:30:00,2026,4977,8614,,Arshad Mahmood,Attended=Blank
INSERT_BOOKING,2026-10-08,14:30:00-15:30:00,2026,4978,8614,,Mohammed khalid,Attended=Blank
