file,sheet,source_programme,activity_type,activity_name,source_header,session_date,cancelled,yes_attendance,no_attendance,blank,marked,source_participant_rows,status,possible_duplicate_group
Girls_Attendance_Apr_Jun_25_Girls_Youth_Club_Apr_Jun_25_Attendance_1789330824.xlsx,girls attendance (apr - jun 25),Girls Youth Club,Youth Club,Girls Attendance (Apr - Jun 25),Tue 8th Apr,2025-04-08,NO,6,10,11,16,27,DELIVERED_SOURCE_SESSION,
Girls_Attendance_Apr_Jun_25_Girls_Youth_Club_Apr_Jun_25_Attendance_1789330824.xlsx,girls attendance (apr - jun 25),Girls Youth Club,Youth Club,Girls Attendance (Apr - Jun 25),Wed 9th Apr,2025-04-09,NO,5,11,11,16,27,DELIVERED_SOURCE_SESSION,
Girls_Attendance_Apr_Jun_25_Girls_Youth_Club_Apr_Jun_25_Attendance_1789330824.xlsx,girls attendance (apr - jun 25),Girls Youth Club,Youth Club,Girls Attendance (Apr - Jun 25),Mon 14th Apr (HAF),2025-04-14,NO,10,7,10,17,27,DELIVERED_SOURCE_SESSION,
Girls_Attendance_Apr_Jun_25_Girls_Youth_Club_Apr_Jun_25_Attendance_1789330824.xlsx,girls attendance (apr - jun 25),Girls Youth Club,Youth Club,Girls Attendance (Apr - Jun 25),Tue 15th Apr (HAF),2025-04-15,NO,6,11,10,17,27,DELIVERED_SOURCE_SESSION,
Girls_Attendance_Apr_Jun_25_Girls_Youth_Club_Apr_Jun_25_Attendance_1789330824.xlsx,girls attendance (apr - jun 25),Girls Youth Club,Youth Club,Girls Attendance (Apr - Jun 25),Wed 16th Apr (HAF),2025-04-16,NO,7,10,10,17,27,DELIVERED_SOURCE_SESSION,
Girls_Attendance_Apr_Jun_25_Girls_Youth_Club_Apr_Jun_25_Attendance_1789330824.xlsx,girls attendance (apr - jun 25),Girls Youth Club,Youth Club,Girls Attendance (Apr - Jun 25),Thu 17th Apr (HAF),2025-04-17,NO,12,5,10,17,27,DELIVERED_SOURCE_SESSION,
Girls_Attendance_Apr_Jun_25_Girls_Youth_Club_Apr_Jun_25_Attendance_1789330824.xlsx,girls attendance (apr - jun 25),Girls Youth Club,Youth Club,Girls Attendance (Apr - Jun 25),Tue 22nd Apr,2025-04-22,NO,4,13,10,17,27,DELIVERED_SOURCE_SESSION,
Girls_Attendance_Apr_Jun_25_Girls_Youth_Club_Apr_Jun_25_Attendance_1789330824.xlsx,girls attendance (apr - jun 25),Girls Youth Club,Youth Club,Girls Attendance (Apr - Jun 25),Wed 23rd Apr,2025-04-23,NO,7,1,19,8,27,DELIVERED_SOURCE_SESSION,
Girls_Attendance_Apr_Jun_25_Girls_Youth_Club_Apr_Jun_25_Attendance_1789330824.xlsx,girls attendance (apr - jun 25),Girls Youth Club,Youth Club,Girls Attendance (Apr - Jun 25),Tue 6th May,2025-05-06,NO,5,12,10,17,27,DELIVERED_SOURCE_SESSION,
Girls_Attendance_Apr_Jun_25_Girls_Youth_Club_Apr_Jun_25_Attendance_1789330824.xlsx,girls attendance (apr - jun 25),Girls Youth Club,Youth Club,Girls Attendance (Apr - Jun 25),Tue 13th May,2025-05-13,NO,7,10,10,17,27,DELIVERED_SOURCE_SESSION,
Girls_Attendance_Apr_Jun_25_Girls_Youth_Club_Apr_Jun_25_Attendance_1789330824.xlsx,girls attendance (apr - jun 25),Girls Youth Club,Youth Club,Girls Attendance (Apr - Jun 25),Tue 20th May,2025-05-20,NO,8,9,10,17,27,DELIVERED_SOURCE_SESSION,
Girls_Attendance_Apr_Jun_25_Girls_Youth_Club_Apr_Jun_25_Attendance_1789330824.xlsx,girls attendance (apr - jun 25),Girls Youth Club,Youth Club,Girls Attendance (Apr - Jun 25),Wed 21st May,2025-05-21,NO,16,0,11,16,27,DELIVERED_SOURCE_SESSION,
Girls_Attendance_Apr_Jun_25_Girls_Youth_Club_Apr_Jun_25_Attendance_1789330824.xlsx,girls attendance (apr - jun 25),Girls Youth Club,Youth Club,Girls Attendance (Apr - Jun 25),Tue 27th May (Half term),2025-05-27,NO,22,0,5,22,27,DELIVERED_SOURCE_SESSION,
Girls_Attendance_Apr_Jun_25_Girls_Youth_Club_Apr_Jun_25_Attendance_1789330824.xlsx,girls attendance (apr - jun 25),Girls Youth Club,Youth Club,Girls Attendance (Apr - Jun 25),Wed 28th May (Half term),2025-05-28,NO,23,0,4,23,27,DELIVERED_SOURCE_SESSION,
Girls_Attendance_Apr_Jun_25_Girls_Youth_Club_Apr_Jun_25_Attendance_1789330824.xlsx,girls attendance (apr - jun 25),Girls Youth Club,Youth Club,Girls Attendance (Apr - Jun 25),Thu 29th May (Half term),2025-05-29,NO,18,0,9,18,27,DELIVERED_SOURCE_SESSION,
Girls_Attendance_Apr_Jun_25_Girls_Youth_Club_Apr_Jun_25_Attendance_1789330824.xlsx,girls attendance (apr - jun 25),Girls Youth Club,Youth Club,Girls Attendance (Apr - Jun 25),Tue 3rd Jun,2025-06-03,NO,12,0,15,12,27,DELIVERED_SOURCE_SESSION,
Girls_Attendance_Apr_Jun_25_Girls_Youth_Club_Apr_Jun_25_Attendance_1789330824.xlsx,girls attendance (apr - jun 25),Girls Youth Club,Youth Club,Girls Attendance (Apr - Jun 25),Tue 10th Jun,2025-06-10,NO,11,0,16,11,27,DELIVERED_SOURCE_SESSION,
Girls_Attendance_Apr_Jun_25_Girls_Youth_Club_Apr_Jun_25_Attendance_1789330824.xlsx,girls attendance (apr - jun 25),Girls Youth Club,Youth Club,Girls Attendance (Apr - Jun 25),Tue 17th Jun,2025-06-17,NO,16,0,11,16,27,DELIVERED_SOURCE_SESSION,
Girls_Attendance_Apr_Jun_26_Girls_Youth_Club_Apr_Jun_26_Attendance_1789330854.xlsx,girls attendance (apr - jun 26),Girls Youth Club,Youth Club,Girls Attendance (Apr - Jun 26),Wed 8th Apr,2026-04-08,NO,9,0,10,9,19,DELIVERED_SOURCE_SESSION,
Girls_Attendance_Apr_Jun_26_Girls_Youth_Club_Apr_Jun_26_Attendance_1789330854.xlsx,girls attendance (apr - jun 26),Girls Youth Club,Youth Club,Girls Attendance (Apr - Jun 26),Tue 14th Apr,2026-04-14,NO,9,0,10,9,19,DELIVERED_SOURCE_SESSION,
Girls_Attendance_Apr_Jun_26_Girls_Youth_Club_Apr_Jun_26_Attendance_1789330854.xlsx,girls attendance (apr - jun 26),Girls Youth Club,Youth Club,Girls Attendance (Apr - Jun 26),Wed 15th Apr,2026-04-15,NO,9,0,10,9,19,DELIVERED_SOURCE_SESSION,
Girls_Attendance_Apr_Jun_26_Girls_Youth_Club_Apr_Jun_26_Attendance_1789330854.xlsx,girls attendance (apr - jun 26),Girls Youth Club,Youth Club,Girls Attendance (Apr - Jun 26),Tue 21st Apr,2026-04-21,NO,9,0,10,9,19,DELIVERED_SOURCE_SESSION,
Girls_Attendance_Apr_Jun_26_Girls_Youth_Club_Apr_Jun_26_Attendance_1789330854.xlsx,girls attendance (apr - jun 26),Girls Youth Club,Youth Club,Girls Attendance (Apr - Jun 26),Wed 22nd Apr,2026-04-22,NO,8,0,11,8,19,DELIVERED_SOURCE_SESSION,
Girls_Attendance_Apr_Jun_26_Girls_Youth_Club_Apr_Jun_26_Attendance_1789330854.xlsx,girls attendance (apr - jun 26),Girls Youth Club,Youth Club,Girls Attendance (Apr - Jun 26),Tue 28th Apr,2026-04-28,NO,5,0,14,5,19,DELIVERED_SOURCE_SESSION,
Girls_Attendance_Apr_Jun_26_Girls_Youth_Club_Apr_Jun_26_Attendance_1789330854.xlsx,girls attendance (apr - jun 26),Girls Youth Club,Youth Club,Girls Attendance (Apr - Jun 26),Wed 29th Apr,2026-04-29,NO,11,0,8,11,19,DELIVERED_SOURCE_SESSION,
Girls_Attendance_Apr_Jun_26_Girls_Youth_Club_Apr_Jun_26_Attendance_1789330854.xlsx,girls attendance (apr - jun 26),Girls Youth Club,Youth Club,Girls Attendance (Apr - Jun 26),Tue 5th May,2026-05-05,NO,9,0,10,9,19,DELIVERED_SOURCE_SESSION,
Girls_Attendance_Apr_Jun_26_Girls_Youth_Club_Apr_Jun_26_Attendance_1789330854.xlsx,girls attendance (apr - jun 26),Girls Youth Club,Youth Club,Girls Attendance (Apr - Jun 26),Wed 6th May,2026-05-06,NO,11,0,8,11,19,DELIVERED_SOURCE_SESSION,
Girls_Attendance_Apr_Jun_26_Girls_Youth_Club_Apr_Jun_26_Attendance_1789330854.xlsx,girls attendance (apr - jun 26),Girls Youth Club,Youth Club,Girls Attendance (Apr - Jun 26),Tue 12th May,2026-05-12,NO,5,0,14,5,19,DELIVERED_SOURCE_SESSION,
Girls_Attendance_Apr_Jun_26_Girls_Youth_Club_Apr_Jun_26_Attendance_1789330854.xlsx,girls attendance (apr - jun 26),Girls Youth Club,Youth Club,Girls Attendance (Apr - Jun 26),Tue 19th May,2026-05-19,NO,5,0,14,5,19,DELIVERED_SOURCE_SESSION,
Girls_Attendance_Apr_Jun_26_Girls_Youth_Club_Apr_Jun_26_Attendance_1789330854.xlsx,girls attendance (apr - jun 26),Girls Youth Club,Youth Club,Girls Attendance (Apr - Jun 26),Wed 20th May,2026-05-20,NO,8,0,11,8,19,DELIVERED_SOURCE_SESSION,
Girls_Attendance_Apr_Jun_26_Girls_Youth_Club_Apr_Jun_26_Attendance_1789330854.xlsx,girls attendance (apr - jun 26),Girls Youth Club,Youth Club,Girls Attendance (Apr - Jun 26),Tue 2nd Jun,2026-06-02,NO,1,0,18,1,19,DELIVERED_SOURCE_SESSION,
Girls_Attendance_Apr_Jun_26_Girls_Youth_Club_Apr_Jun_26_Attendance_1789330854.xlsx,girls attendance (apr - jun 26),Girls Youth Club,Youth Club,Girls Attendance (Apr - Jun 26),Wed 3rd Jun,2026-06-03,NO,4,0,15,4,19,DELIVERED_SOURCE_SESSION,
Girls_Attendance_Apr_Jun_26_Girls_Youth_Club_Apr_Jun_26_Attendance_1789330854.xlsx,girls attendance (apr - jun 26),Girls Youth Club,Youth Club,Girls Attendance (Apr - Jun 26),Tue 9th Jun,2026-06-09,NO,5,0,14,5,19,DELIVERED_SOURCE_SESSION,
Girls_Attendance_Apr_Jun_26_Girls_Youth_Club_Apr_Jun_26_Attendance_1789330854.xlsx,girls attendance (apr - jun 26),Girls Youth Club,Youth Club,Girls Attendance (Apr - Jun 26),Tue 16th Jun,2026-06-16,NO,3,0,16,3,19,DELIVERED_SOURCE_SESSION,
Girls_Attendance_Apr_Jun_26_Girls_Youth_Club_Apr_Jun_26_Attendance_1789330854.xlsx,girls attendance (apr - jun 26),Girls Youth Club,Youth Club,Girls Attendance (Apr - Jun 26),Wed 17th Jun,2026-06-17,NO,2,0,17,2,19,DELIVERED_SOURCE_SESSION,
Girls_Attendance_Apr_Jun_26_Girls_Youth_Club_Apr_Jun_26_Attendance_1789330854.xlsx,girls attendance (apr - jun 26),Girls Youth Club,Youth Club,Girls Attendance (Apr - Jun 26),Tue 23rd Jun,2026-06-23,NO,0,0,19,0,19,REVIEW_UNCONFIRMED_EMPTY_SESSION,
Girls_Attendance_Apr_Jun_26_Girls_Youth_Club_Apr_Jun_26_Attendance_1789330854.xlsx,girls attendance (apr - jun 26),Girls Youth Club,Youth Club,Girls Attendance (Apr - Jun 26),Wed 24th Jun,2026-06-24,NO,0,0,19,0,19,REVIEW_UNCONFIRMED_EMPTY_SESSION,
Girls_Attendance_Apr_Jun_26_Girls_Youth_Club_Apr_Jun_26_Attendance_1789330854.xlsx,girls attendance (apr - jun 26),Girls Youth Club,Youth Club,Girls Attendance (Apr - Jun 26),Wed 15th Jul,2026-07-15,NO,7,0,12,7,19,DELIVERED_SOURCE_SESSION,DUP-001
Girls_Attendance_Apr_Jun_26_Girls_Youth_Club_Apr_Jun_26_Attendance_1789330854.xlsx,girls attendance (apr - jun 26),Girls Youth Club,Youth Club,Girls Attendance (Apr - Jun 26),Wed 19th Aug,2026-08-19,NO,3,0,16,3,19,DELIVERED_SOURCE_SESSION,DUP-002
Girls_Attendance_Jan_Mar_25_Girls_Youth_Club_Jan_Mar_25_Attendance_1789330812.xlsx,girls attendance (jan-mar 25),Girls Youth Club,Youth Club,Girls Attendance (Jan-Mar 25),Tue 7th Jan,2025-01-07,NO,5,9,7,14,21,DELIVERED_SOURCE_SESSION,
Girls_Attendance_Jan_Mar_25_Girls_Youth_Club_Jan_Mar_25_Attendance_1789330812.xlsx,girls attendance (jan-mar 25),Girls Youth Club,Youth Club,Girls Attendance (Jan-Mar 25),Wed 8th Jan,2025-01-08,NO,10,4,7,14,21,DELIVERED_SOURCE_SESSION,
Girls_Attendance_Jan_Mar_25_Girls_Youth_Club_Jan_Mar_25_Attendance_1789330812.xlsx,girls attendance (jan-mar 25),Girls Youth Club,Youth Club,Girls Attendance (Jan-Mar 25),Tue 14th Jan,2025-01-14,NO,9,5,7,14,21,DELIVERED_SOURCE_SESSION,
Girls_Attendance_Jan_Mar_25_Girls_Youth_Club_Jan_Mar_25_Attendance_1789330812.xlsx,girls attendance (jan-mar 25),Girls Youth Club,Youth Club,Girls Attendance (Jan-Mar 25),Wed 15th Jan (F),2025-01-15,NO,10,9,2,19,21,DELIVERED_SOURCE_SESSION,
Girls_Attendance_Jan_Mar_25_Girls_Youth_Club_Jan_Mar_25_Attendance_1789330812.xlsx,girls attendance (jan-mar 25),Girls Youth Club,Youth Club,Girls Attendance (Jan-Mar 25),Tue 21st Jan,2025-01-21,NO,7,12,2,19,21,DELIVERED_SOURCE_SESSION,
Girls_Attendance_Jan_Mar_25_Girls_Youth_Club_Jan_Mar_25_Attendance_1789330812.xlsx,girls attendance (jan-mar 25),Girls Youth Club,Youth Club,Girls Attendance (Jan-Mar 25),Wed 22nd Jan,2025-01-22,NO,6,13,2,19,21,DELIVERED_SOURCE_SESSION,
Girls_Attendance_Jan_Mar_25_Girls_Youth_Club_Jan_Mar_25_Attendance_1789330812.xlsx,girls attendance (jan-mar 25),Girls Youth Club,Youth Club,Girls Attendance (Jan-Mar 25),Tue 28th Jan,2025-01-28,NO,7,12,2,19,21,DELIVERED_SOURCE_SESSION,
Girls_Attendance_Jan_Mar_25_Girls_Youth_Club_Jan_Mar_25_Attendance_1789330812.xlsx,girls attendance (jan-mar 25),Girls Youth Club,Youth Club,Girls Attendance (Jan-Mar 25),Tue 4th Feb,2025-02-04,NO,7,12,2,19,21,DELIVERED_SOURCE_SESSION,
Girls_Attendance_Jan_Mar_25_Girls_Youth_Club_Jan_Mar_25_Attendance_1789330812.xlsx,girls attendance (jan-mar 25),Girls Youth Club,Youth Club,Girls Attendance (Jan-Mar 25),Wed 5th Feb (F),2025-02-05,NO,15,4,2,19,21,DELIVERED_SOURCE_SESSION,
Girls_Attendance_Jan_Mar_25_Girls_Youth_Club_Jan_Mar_25_Attendance_1789330812.xlsx,girls attendance (jan-mar 25),Girls Youth Club,Youth Club,Girls Attendance (Jan-Mar 25),Wed 12th Feb (F),2025-02-12,NO,12,7,2,19,21,DELIVERED_SOURCE_SESSION,
Girls_Attendance_Jan_Mar_25_Girls_Youth_Club_Jan_Mar_25_Attendance_1789330812.xlsx,girls attendance (jan-mar 25),Girls Youth Club,Youth Club,Girls Attendance (Jan-Mar 25),Tue 18th Feb,2025-02-18,NO,14,5,2,19,21,DELIVERED_SOURCE_SESSION,
Girls_Attendance_Jan_Mar_25_Girls_Youth_Club_Jan_Mar_25_Attendance_1789330812.xlsx,girls attendance (jan-mar 25),Girls Youth Club,Youth Club,Girls Attendance (Jan-Mar 25),Wed 19th Feb (F),2025-02-19,NO,11,10,0,21,21,DELIVERED_SOURCE_SESSION,
Girls_Attendance_Jan_Mar_25_Girls_Youth_Club_Jan_Mar_25_Attendance_1789330812.xlsx,girls attendance (jan-mar 25),Girls Youth Club,Youth Club,Girls Attendance (Jan-Mar 25),Tue 25th Feb,2025-02-25,NO,12,9,0,21,21,DELIVERED_SOURCE_SESSION,
Girls_Attendance_Jan_Mar_25_Girls_Youth_Club_Jan_Mar_25_Attendance_1789330812.xlsx,girls attendance (jan-mar 25),Girls Youth Club,Youth Club,Girls Attendance (Jan-Mar 25),Wed 26th Feb (F),2025-02-26,NO,6,15,0,21,21,DELIVERED_SOURCE_SESSION,
Girls_Attendance_Jan_Mar_26_Girls_Youth_Club_Jan_Mar_26_Attendance_1789330846.xlsx,girls attendance (jan - mar 26),Girls Youth Club,Youth Club,Girls Attendance (Jan - Mar 26),Tue 6th Jan,2026-01-06,NO,4,0,12,4,16,DELIVERED_SOURCE_SESSION,
Girls_Attendance_Jan_Mar_26_Girls_Youth_Club_Jan_Mar_26_Attendance_1789330846.xlsx,girls attendance (jan - mar 26),Girls Youth Club,Youth Club,Girls Attendance (Jan - Mar 26),Wed 7th Jan,2026-01-07,NO,0,0,16,0,16,REVIEW_UNCONFIRMED_EMPTY_SESSION,
Girls_Attendance_Jan_Mar_26_Girls_Youth_Club_Jan_Mar_26_Attendance_1789330846.xlsx,girls attendance (jan - mar 26),Girls Youth Club,Youth Club,Girls Attendance (Jan - Mar 26),Tue 13th Jan (cancelled),2026-01-13,YES,0,0,16,0,16,CANCELLED_SOURCE_SESSION,
Girls_Attendance_Jan_Mar_26_Girls_Youth_Club_Jan_Mar_26_Attendance_1789330846.xlsx,girls attendance (jan - mar 26),Girls Youth Club,Youth Club,Girls Attendance (Jan - Mar 26),Tue 14th Jan,2026-01-14,NO,5,0,11,5,16,DELIVERED_SOURCE_SESSION,
Girls_Attendance_Jan_Mar_26_Girls_Youth_Club_Jan_Mar_26_Attendance_1789330846.xlsx,girls attendance (jan - mar 26),Girls Youth Club,Youth Club,Girls Attendance (Jan - Mar 26),Tue 20th Jan,2026-01-20,NO,9,0,7,9,16,DELIVERED_SOURCE_SESSION,
Girls_Attendance_Jan_Mar_26_Girls_Youth_Club_Jan_Mar_26_Attendance_1789330846.xlsx,girls attendance (jan - mar 26),Girls Youth Club,Youth Club,Girls Attendance (Jan - Mar 26),Wed 21st Jan,2026-01-21,NO,7,0,9,7,16,DELIVERED_SOURCE_SESSION,
Girls_Attendance_Jan_Mar_26_Girls_Youth_Club_Jan_Mar_26_Attendance_1789330846.xlsx,girls attendance (jan - mar 26),Girls Youth Club,Youth Club,Girls Attendance (Jan - Mar 26),Tue 27th Jan,2026-01-27,NO,8,0,8,8,16,DELIVERED_SOURCE_SESSION,
Girls_Attendance_Jan_Mar_26_Girls_Youth_Club_Jan_Mar_26_Attendance_1789330846.xlsx,girls attendance (jan - mar 26),Girls Youth Club,Youth Club,Girls Attendance (Jan - Mar 26),Wed 28th Jan,2026-01-28,NO,8,0,8,8,16,DELIVERED_SOURCE_SESSION,
Girls_Attendance_Jan_Mar_26_Girls_Youth_Club_Jan_Mar_26_Attendance_1789330846.xlsx,girls attendance (jan - mar 26),Girls Youth Club,Youth Club,Girls Attendance (Jan - Mar 26),Tue 3rd Feb,2026-02-03,NO,5,0,11,5,16,DELIVERED_SOURCE_SESSION,
Girls_Attendance_Jan_Mar_26_Girls_Youth_Club_Jan_Mar_26_Attendance_1789330846.xlsx,girls attendance (jan - mar 26),Girls Youth Club,Youth Club,Girls Attendance (Jan - Mar 26),Wed 4th Feb,2026-02-04,NO,6,0,10,6,16,DELIVERED_SOURCE_SESSION,
Girls_Attendance_Jan_Mar_26_Girls_Youth_Club_Jan_Mar_26_Attendance_1789330846.xlsx,girls attendance (jan - mar 26),Girls Youth Club,Youth Club,Girls Attendance (Jan - Mar 26),Wed 11th Feb,2026-02-11,NO,4,0,12,4,16,DELIVERED_SOURCE_SESSION,
Girls_Attendance_Jan_Mar_26_Girls_Youth_Club_Jan_Mar_26_Attendance_1789330846.xlsx,girls attendance (jan - mar 26),Girls Youth Club,Youth Club,Girls Attendance (Jan - Mar 26),Tue 17th Feb,2026-02-17,NO,8,0,8,8,16,DELIVERED_SOURCE_SESSION,
Girls_Attendance_Jan_Mar_26_Girls_Youth_Club_Jan_Mar_26_Attendance_1789330846.xlsx,girls attendance (jan - mar 26),Girls Youth Club,Youth Club,Girls Attendance (Jan - Mar 26),Tue 24th Mar,2026-03-24,NO,5,0,11,5,16,DELIVERED_SOURCE_SESSION,
Girls_Attendance_Jul_Sep_25_Girls_Youth_Club_Jul_Sep_25_Attendance_1789330830.xlsx,girls attendance (jul - sep 25),Girls Youth Club,Youth Club,Girls Attendance (Jul - Sep 25),Tue 1st Jul,2025-07-01,NO,11,0,9,11,20,DELIVERED_SOURCE_SESSION,
Girls_Attendance_Jul_Sep_25_Girls_Youth_Club_Jul_Sep_25_Attendance_1789330830.xlsx,girls attendance (jul - sep 25),Girls Youth Club,Youth Club,Girls Attendance (Jul - Sep 25),Tue 8th July,2025-07-08,NO,13,0,7,13,20,DELIVERED_SOURCE_SESSION,
Girls_Attendance_Jul_Sep_25_Girls_Youth_Club_Jul_Sep_25_Attendance_1789330830.xlsx,girls attendance (jul - sep 25),Girls Youth Club,Youth Club,Girls Attendance (Jul - Sep 25),Tue 15th July,2025-07-15,NO,12,0,8,12,20,DELIVERED_SOURCE_SESSION,
Girls_Attendance_Jul_Sep_25_Girls_Youth_Club_Jul_Sep_25_Attendance_1789330830.xlsx,girls attendance (jul - sep 25),Girls Youth Club,Youth Club,Girls Attendance (Jul - Sep 25),Tue 19th Aug,2025-08-19,NO,7,0,13,7,20,DELIVERED_SOURCE_SESSION,
Girls_Attendance_Jul_Sep_25_Girls_Youth_Club_Jul_Sep_25_Attendance_1789330830.xlsx,girls attendance (jul - sep 25),Girls Youth Club,Youth Club,Girls Attendance (Jul - Sep 25),Tue 26th Aug,2025-08-26,NO,9,0,11,9,20,DELIVERED_SOURCE_SESSION,
Girls_Attendance_Jul_Sep_25_Girls_Youth_Club_Jul_Sep_25_Attendance_1789330830.xlsx,girls attendance (jul - sep 25),Girls Youth Club,Youth Club,Girls Attendance (Jul - Sep 25),Tue 2nd Sep,2025-09-02,NO,5,0,15,5,20,DELIVERED_SOURCE_SESSION,
Girls_Attendance_Jul_Sep_25_Girls_Youth_Club_Jul_Sep_25_Attendance_1789330830.xlsx,girls attendance (jul - sep 25),Girls Youth Club,Youth Club,Girls Attendance (Jul - Sep 25),Wed 3rd Sep,2025-09-03,NO,9,0,11,9,20,DELIVERED_SOURCE_SESSION,
Girls_Attendance_Jul_Sep_25_Girls_Youth_Club_Jul_Sep_25_Attendance_1789330830.xlsx,girls attendance (jul - sep 25),Girls Youth Club,Youth Club,Girls Attendance (Jul - Sep 25),Tue 9th Sep,2025-09-09,NO,13,0,7,13,20,DELIVERED_SOURCE_SESSION,
Girls_Attendance_Jul_Sep_25_Girls_Youth_Club_Jul_Sep_25_Attendance_1789330830.xlsx,girls attendance (jul - sep 25),Girls Youth Club,Youth Club,Girls Attendance (Jul - Sep 25),Wed 10th Sep,2025-09-10,NO,9,0,11,9,20,DELIVERED_SOURCE_SESSION,
Girls_Attendance_Jul_Sep_25_Girls_Youth_Club_Jul_Sep_25_Attendance_1789330830.xlsx,girls attendance (jul - sep 25),Girls Youth Club,Youth Club,Girls Attendance (Jul - Sep 25),Tue 16th Sep,2025-09-16,NO,9,0,11,9,20,DELIVERED_SOURCE_SESSION,
Girls_Attendance_Jul_Sep_25_Girls_Youth_Club_Jul_Sep_25_Attendance_1789330830.xlsx,girls attendance (jul - sep 25),Girls Youth Club,Youth Club,Girls Attendance (Jul - Sep 25),Wed 17th Sep,2025-09-17,NO,9,0,11,9,20,DELIVERED_SOURCE_SESSION,
Girls_Attendance_Jul_Sep_25_Girls_Youth_Club_Jul_Sep_25_Attendance_1789330830.xlsx,girls attendance (jul - sep 25),Girls Youth Club,Youth Club,Girls Attendance (Jul - Sep 25),Wed 23rd Sep,2025-09-23,NO,9,0,11,9,20,DELIVERED_SOURCE_SESSION,
Girls_Attendance_Jul_Sep_25_Girls_Youth_Club_Jul_Sep_25_Attendance_1789330830.xlsx,girls attendance (jul - sep 25),Girls Youth Club,Youth Club,Girls Attendance (Jul - Sep 25),Tue 30th Sep,2025-09-30,NO,8,0,12,8,20,DELIVERED_SOURCE_SESSION,
Girls_Attendance_Jul_Sep_26_Girls_Youth_Club_Jul_Sep_26_Attendance_1789330862.xlsx,girls attendance (jul - sep 26),Girls Youth Club,Youth Club,Girls Attendance (Jul - Sep 26),Wed 15th Jul,2026-07-15,NO,7,0,13,7,20,DELIVERED_SOURCE_SESSION,DUP-001
Girls_Attendance_Jul_Sep_26_Girls_Youth_Club_Jul_Sep_26_Attendance_1789330862.xlsx,girls attendance (jul - sep 26),Girls Youth Club,Youth Club,Girls Attendance (Jul - Sep 26),Wed 19th Aug,2026-08-19,NO,3,0,17,3,20,DELIVERED_SOURCE_SESSION,DUP-002
Girls_Attendance_Jul_Sep_26_Girls_Youth_Club_Jul_Sep_26_Attendance_1789330862.xlsx,girls attendance (jul - sep 26),Girls Youth Club,Youth Club,Girls Attendance (Jul - Sep 26),Wed 26th Aug,2026-08-26,NO,0,0,20,0,20,REVIEW_UNCONFIRMED_EMPTY_SESSION,
Girls_Attendance_Jul_Sep_26_Girls_Youth_Club_Jul_Sep_26_Attendance_1789330862.xlsx,girls attendance (jul - sep 26),Girls Youth Club,Youth Club,Girls Attendance (Jul - Sep 26),Tue 1st Sep,2026-09-01,NO,0,0,20,0,20,REVIEW_UNCONFIRMED_EMPTY_SESSION,
Girls_Attendance_Jul_Sep_26_Girls_Youth_Club_Jul_Sep_26_Attendance_1789330862.xlsx,girls attendance (jul - sep 26),Girls Youth Club,Youth Club,Girls Attendance (Jul - Sep 26),Wed 2nd Sep,2026-09-02,NO,7,0,13,7,20,DELIVERED_SOURCE_SESSION,
Girls_Attendance_Jul_Sep_26_Girls_Youth_Club_Jul_Sep_26_Attendance_1789330862.xlsx,girls attendance (jul - sep 26),Girls Youth Club,Youth Club,Girls Attendance (Jul - Sep 26),Dup. of Wed 2nd Sep,2026-09-02,NO,0,0,20,0,20,REVIEW_UNCONFIRMED_EMPTY_SESSION,
Girls_Attendance_Jul_Sep_26_Girls_Youth_Club_Jul_Sep_26_Attendance_1789330862.xlsx,girls attendance (jul - sep 26),Girls Youth Club,Youth Club,Girls Attendance (Jul - Sep 26),Tue 8th Sep,2026-09-08,NO,3,0,17,3,20,DELIVERED_SOURCE_SESSION,
Girls_Attendance_Jul_Sep_26_Girls_Youth_Club_Jul_Sep_26_Attendance_1789330862.xlsx,girls attendance (jul - sep 26),Girls Youth Club,Youth Club,Girls Attendance (Jul - Sep 26),Wed 9th Sep,2026-09-09,NO,3,0,17,3,20,DELIVERED_SOURCE_SESSION,
Girls_Attendance_Oct_Dec_25_Girls_Youth_Club_Oct_Dec_25_Attendance_1789330838.xlsx,girls attendance (oct - dec 25),Girls Youth Club,Youth Club,Girls Attendance (Oct - Dec 25),Wed 1st Oct,2025-10-01,NO,10,0,11,10,21,DELIVERED_SOURCE_SESSION,
Girls_Attendance_Oct_Dec_25_Girls_Youth_Club_Oct_Dec_25_Attendance_1789330838.xlsx,girls attendance (oct - dec 25),Girls Youth Club,Youth Club,Girls Attendance (Oct - Dec 25),Tue 7th Oct,2025-10-07,NO,6,0,15,6,21,DELIVERED_SOURCE_SESSION,
Girls_Attendance_Oct_Dec_25_Girls_Youth_Club_Oct_Dec_25_Attendance_1789330838.xlsx,girls attendance (oct - dec 25),Girls Youth Club,Youth Club,Girls Attendance (Oct - Dec 25),Wed 8th Oct,2025-10-08,NO,7,0,14,7,21,DELIVERED_SOURCE_SESSION,
Girls_Attendance_Oct_Dec_25_Girls_Youth_Club_Oct_Dec_25_Attendance_1789330838.xlsx,girls attendance (oct - dec 25),Girls Youth Club,Youth Club,Girls Attendance (Oct - Dec 25),Tue 14th Oct,2025-10-14,NO,12,0,9,12,21,DELIVERED_SOURCE_SESSION,
Girls_Attendance_Oct_Dec_25_Girls_Youth_Club_Oct_Dec_25_Attendance_1789330838.xlsx,girls attendance (oct - dec 25),Girls Youth Club,Youth Club,Girls Attendance (Oct - Dec 25),Wed 15th Oct,2025-10-15,NO,10,0,11,10,21,DELIVERED_SOURCE_SESSION,
Girls_Attendance_Oct_Dec_25_Girls_Youth_Club_Oct_Dec_25_Attendance_1789330838.xlsx,girls attendance (oct - dec 25),Girls Youth Club,Youth Club,Girls Attendance (Oct - Dec 25),Tue 21st Oct,2025-10-21,NO,7,0,14,7,21,DELIVERED_SOURCE_SESSION,
Girls_Attendance_Oct_Dec_25_Girls_Youth_Club_Oct_Dec_25_Attendance_1789330838.xlsx,girls attendance (oct - dec 25),Girls Youth Club,Youth Club,Girls Attendance (Oct - Dec 25),Mon 27th Oct,2025-10-27,NO,9,0,12,9,21,DELIVERED_SOURCE_SESSION,
Girls_Attendance_Oct_Dec_25_Girls_Youth_Club_Oct_Dec_25_Attendance_1789330838.xlsx,girls attendance (oct - dec 25),Girls Youth Club,Youth Club,Girls Attendance (Oct - Dec 25),Tue 28th Oct,2025-10-28,NO,11,0,10,11,21,DELIVERED_SOURCE_SESSION,
Girls_Attendance_Oct_Dec_25_Girls_Youth_Club_Oct_Dec_25_Attendance_1789330838.xlsx,girls attendance (oct - dec 25),Girls Youth Club,Youth Club,Girls Attendance (Oct - Dec 25),Wed 29th Oct,2025-10-29,NO,11,0,10,11,21,DELIVERED_SOURCE_SESSION,
Girls_Attendance_Oct_Dec_25_Girls_Youth_Club_Oct_Dec_25_Attendance_1789330838.xlsx,girls attendance (oct - dec 25),Girls Youth Club,Youth Club,Girls Attendance (Oct - Dec 25),Tue 4th Nov,2025-11-04,NO,8,0,13,8,21,DELIVERED_SOURCE_SESSION,
Girls_Attendance_Oct_Dec_25_Girls_Youth_Club_Oct_Dec_25_Attendance_1789330838.xlsx,girls attendance (oct - dec 25),Girls Youth Club,Youth Club,Girls Attendance (Oct - Dec 25),Wed 5th Nov (BQS),2025-11-05,NO,8,0,13,8,21,DELIVERED_SOURCE_SESSION,
Girls_Attendance_Oct_Dec_25_Girls_Youth_Club_Oct_Dec_25_Attendance_1789330838.xlsx,girls attendance (oct - dec 25),Girls Youth Club,Youth Club,Girls Attendance (Oct - Dec 25),Tue 11th Nov,2025-11-11,NO,15,0,6,15,21,DELIVERED_SOURCE_SESSION,
Girls_Attendance_Oct_Dec_25_Girls_Youth_Club_Oct_Dec_25_Attendance_1789330838.xlsx,girls attendance (oct - dec 25),Girls Youth Club,Youth Club,Girls Attendance (Oct - Dec 25),Wed 12th Nov (BQS),2025-11-12,NO,8,0,13,8,21,DELIVERED_SOURCE_SESSION,
Girls_Attendance_Oct_Dec_25_Girls_Youth_Club_Oct_Dec_25_Attendance_1789330838.xlsx,girls attendance (oct - dec 25),Girls Youth Club,Youth Club,Girls Attendance (Oct - Dec 25),Tue 18th Nov,2025-11-18,NO,12,0,9,12,21,DELIVERED_SOURCE_SESSION,
Girls_Attendance_Oct_Dec_25_Girls_Youth_Club_Oct_Dec_25_Attendance_1789330838.xlsx,girls attendance (oct - dec 25),Girls Youth Club,Youth Club,Girls Attendance (Oct - Dec 25),Wed 19th Nov (Box),2025-11-19,NO,6,0,15,6,21,DELIVERED_SOURCE_SESSION,
Girls_Attendance_Oct_Dec_25_Girls_Youth_Club_Oct_Dec_25_Attendance_1789330838.xlsx,girls attendance (oct - dec 25),Girls Youth Club,Youth Club,Girls Attendance (Oct - Dec 25),Tue 25th Nov (cancelled),2025-11-25,YES,0,0,21,0,21,CANCELLED_SOURCE_SESSION,
Girls_Attendance_Oct_Dec_25_Girls_Youth_Club_Oct_Dec_25_Attendance_1789330838.xlsx,girls attendance (oct - dec 25),Girls Youth Club,Youth Club,Girls Attendance (Oct - Dec 25),Wed 26th Nov (Box),2025-11-26,NO,10,0,11,10,21,DELIVERED_SOURCE_SESSION,
Girls_Attendance_Oct_Dec_25_Girls_Youth_Club_Oct_Dec_25_Attendance_1789330838.xlsx,girls attendance (oct - dec 25),Girls Youth Club,Youth Club,Girls Attendance (Oct - Dec 25),Tue 2nd Dec,2025-12-02,NO,5,0,16,5,21,DELIVERED_SOURCE_SESSION,
Girls_Attendance_Oct_Dec_25_Girls_Youth_Club_Oct_Dec_25_Attendance_1789330838.xlsx,girls attendance (oct - dec 25),Girls Youth Club,Youth Club,Girls Attendance (Oct - Dec 25),Wed 3rd Dec (Boxing),2025-12-03,NO,7,0,14,7,21,DELIVERED_SOURCE_SESSION,
Girls_Attendance_Oct_Dec_25_Girls_Youth_Club_Oct_Dec_25_Attendance_1789330838.xlsx,girls attendance (oct - dec 25),Girls Youth Club,Youth Club,Girls Attendance (Oct - Dec 25),Tue 9th Dec,2025-12-09,NO,6,0,15,6,21,DELIVERED_SOURCE_SESSION,
Girls_Attendance_Oct_Dec_25_Girls_Youth_Club_Oct_Dec_25_Attendance_1789330838.xlsx,girls attendance (oct - dec 25),Girls Youth Club,Youth Club,Girls Attendance (Oct - Dec 25),Wed 10th Dec (Boxing),2025-12-10,NO,0,0,21,0,21,REVIEW_UNCONFIRMED_EMPTY_SESSION,
Girls_Attendance_Oct_Dec_25_Girls_Youth_Club_Oct_Dec_25_Attendance_1789330838.xlsx,girls attendance (oct - dec 25),Girls Youth Club,Youth Club,Girls Attendance (Oct - Dec 25),Tue 16th Dec,2025-12-16,NO,8,0,13,8,21,DELIVERED_SOURCE_SESSION,
Girls_Cricket_Attendance_Apr_Jun_26_Girls_Youth_Club_Apr_Jun_26_Attendance_1789330107.xlsx,girls cricket attendance (apr -,Girls Cricket,Cricket,Girls Cricket Attendance (Apr - Jun 26),Tue 7th Apr,2026-04-07,NO,2,0,17,2,19,DELIVERED_SOURCE_SESSION,
Girls_Cricket_Attendance_Apr_Jun_26_Girls_Youth_Club_Apr_Jun_26_Attendance_1789330107.xlsx,girls cricket attendance (apr -,Girls Cricket,Cricket,Girls Cricket Attendance (Apr - Jun 26),Tue 14th Apr,2026-04-14,NO,8,0,11,8,19,DELIVERED_SOURCE_SESSION,
Girls_Cricket_Attendance_Apr_Jun_26_Girls_Youth_Club_Apr_Jun_26_Attendance_1789330107.xlsx,girls cricket attendance (apr -,Girls Cricket,Cricket,Girls Cricket Attendance (Apr - Jun 26),Tue 21st Apr,2026-04-21,NO,8,0,11,8,19,DELIVERED_SOURCE_SESSION,
Girls_Cricket_Attendance_Apr_Jun_26_Girls_Youth_Club_Apr_Jun_26_Attendance_1789330107.xlsx,girls cricket attendance (apr -,Girls Cricket,Cricket,Girls Cricket Attendance (Apr - Jun 26),Tue 28th Apr,2026-04-28,NO,1,0,18,1,19,DELIVERED_SOURCE_SESSION,
Girls_Cricket_Attendance_Apr_Jun_26_Girls_Youth_Club_Apr_Jun_26_Attendance_1789330107.xlsx,girls cricket attendance (apr -,Girls Cricket,Cricket,Girls Cricket Attendance (Apr - Jun 26),Tue 7th July,2026-07-07,NO,9,0,10,9,19,DELIVERED_SOURCE_SESSION,
Girls_Cricket_Attendance_Apr_Jun_26_Girls_Youth_Club_Apr_Jun_26_Attendance_1789330107.xlsx,girls cricket attendance (apr -,Girls Cricket,Cricket,Girls Cricket Attendance (Apr - Jun 26),Tue 14th July,2026-07-14,NO,8,0,11,8,19,DELIVERED_SOURCE_SESSION,
Girls_Cricket_Attendance_Apr_Jun_26_Girls_Youth_Club_Apr_Jun_26_Attendance_1789330107.xlsx,girls cricket attendance (apr -,Girls Cricket,Cricket,Girls Cricket Attendance (Apr - Jun 26),Tue 21st July,2026-07-21,NO,6,0,13,6,19,DELIVERED_SOURCE_SESSION,
Girls_Cricket_Attendance_Apr_Jun_26_Girls_Youth_Club_Apr_Jun_26_Attendance_1789330107.xlsx,girls cricket attendance (apr -,Girls Cricket,Cricket,Girls Cricket Attendance (Apr - Jun 26),Tue 28th July,2026-07-28,NO,4,0,15,4,19,DELIVERED_SOURCE_SESSION,
Girls_Cricket_Attendance_Apr_Jun_26_Girls_Youth_Club_Apr_Jun_26_Attendance_1789330107.xlsx,girls cricket attendance (apr -,Girls Cricket,Cricket,Girls Cricket Attendance (Apr - Jun 26),Tue 4th Aug,2026-08-04,NO,2,0,17,2,19,DELIVERED_SOURCE_SESSION,
Girls_Cricket_Attendance_Apr_Jun_26_Girls_Youth_Club_Apr_Jun_26_Attendance_1789330107.xlsx,girls cricket attendance (apr -,Girls Cricket,Cricket,Girls Cricket Attendance (Apr - Jun 26),Tue 11th Aug,2026-08-11,NO,2,0,17,2,19,DELIVERED_SOURCE_SESSION,
Girls_Cricket_Attendance_Apr_Jun_26_Girls_Youth_Club_Apr_Jun_26_Attendance_1789330107.xlsx,girls cricket attendance (apr -,Girls Cricket,Cricket,Girls Cricket Attendance (Apr - Jun 26),Tue 18th Aug,2026-08-18,NO,0,0,19,0,19,REVIEW_UNCONFIRMED_EMPTY_SESSION,
Girls_Cricket_Attendance_Apr_Jun_26_Girls_Youth_Club_Apr_Jun_26_Attendance_1789330107.xlsx,girls cricket attendance (apr -,Girls Cricket,Cricket,Girls Cricket Attendance (Apr - Jun 26),Tue 25th Aug,2026-08-25,NO,0,0,19,0,19,REVIEW_UNCONFIRMED_EMPTY_SESSION,
Girls_Football_Attendance_Apr_Jun_26_Girls_Football_Wednesdays_Apr_Jun_26_1789330789.xlsx,girls football attendance (apr,Girls Football,FootBall,Girls Football Attendance (Apr - Jun 26),Wed 1st Apr,2026-04-01,NO,12,0,30,12,42,DELIVERED_SOURCE_SESSION,
Girls_Football_Attendance_Apr_Jun_26_Girls_Football_Wednesdays_Apr_Jun_26_1789330789.xlsx,girls football attendance (apr,Girls Football,FootBall,Girls Football Attendance (Apr - Jun 26),Wed 8th Apr,2026-04-08,NO,10,0,32,10,42,DELIVERED_SOURCE_SESSION,
Girls_Football_Attendance_Apr_Jun_26_Girls_Football_Wednesdays_Apr_Jun_26_1789330789.xlsx,girls football attendance (apr,Girls Football,FootBall,Girls Football Attendance (Apr - Jun 26),Wed 15th Apr,2026-04-15,NO,14,0,28,14,42,DELIVERED_SOURCE_SESSION,
Girls_Football_Attendance_Apr_Jun_26_Girls_Football_Wednesdays_Apr_Jun_26_1789330789.xlsx,girls football attendance (apr,Girls Football,FootBall,Girls Football Attendance (Apr - Jun 26),Wed 22nd Apr,2026-04-22,NO,18,0,24,18,42,DELIVERED_SOURCE_SESSION,
Girls_Football_Attendance_Apr_Jun_26_Girls_Football_Wednesdays_Apr_Jun_26_1789330789.xlsx,girls football attendance (apr,Girls Football,FootBall,Girls Football Attendance (Apr - Jun 26),Wed 29th Apr,2026-04-29,NO,22,0,20,22,42,DELIVERED_SOURCE_SESSION,
Girls_Football_Attendance_Apr_Jun_26_Girls_Football_Wednesdays_Apr_Jun_26_1789330789.xlsx,girls football attendance (apr,Girls Football,FootBall,Girls Football Attendance (Apr - Jun 26),Wed 6th May,2026-05-06,NO,20,0,22,20,42,DELIVERED_SOURCE_SESSION,
Girls_Football_Attendance_Apr_Jun_26_Girls_Football_Wednesdays_Apr_Jun_26_1789330789.xlsx,girls football attendance (apr,Girls Football,FootBall,Girls Football Attendance (Apr - Jun 26),Wed 13th May,2026-05-13,NO,9,0,33,9,42,DELIVERED_SOURCE_SESSION,
Girls_Football_Attendance_Apr_Jun_26_Girls_Football_Wednesdays_Apr_Jun_26_1789330789.xlsx,girls football attendance (apr,Girls Football,FootBall,Girls Football Attendance (Apr - Jun 26),Wed 20th May,2026-05-20,NO,25,0,17,25,42,DELIVERED_SOURCE_SESSION,
Girls_Football_Attendance_Apr_Jun_26_Girls_Football_Wednesdays_Apr_Jun_26_1789330789.xlsx,girls football attendance (apr,Girls Football,FootBall,Girls Football Attendance (Apr - Jun 26),Wed 10th Jun,2026-06-10,NO,14,0,28,14,42,DELIVERED_SOURCE_SESSION,
Girls_Football_Attendance_Apr_Jun_26_Girls_Football_Wednesdays_Apr_Jun_26_1789330789.xlsx,girls football attendance (apr,Girls Football,FootBall,Girls Football Attendance (Apr - Jun 26),Wed 17th Jun,2026-06-17,NO,5,0,37,5,42,DELIVERED_SOURCE_SESSION,
Girls_Football_Attendance_Jan_Mar_26_Girls_Football_Tuesdays_Jan_Mar_26_1789330781.xlsx,girls football attendance (jan,Girls Football,FootBall,Girls Football Attendance (Jan - Mar 26),Tue 6th Jan,2026-01-06,NO,12,0,12,12,24,DELIVERED_SOURCE_SESSION,
Girls_Football_Attendance_Jan_Mar_26_Girls_Football_Tuesdays_Jan_Mar_26_1789330781.xlsx,girls football attendance (jan,Girls Football,FootBall,Girls Football Attendance (Jan - Mar 26),Tue 13th Jan,2026-01-13,NO,23,0,1,23,24,DELIVERED_SOURCE_SESSION,
Girls_Football_Attendance_Jan_Mar_26_Girls_Football_Tuesdays_Jan_Mar_26_1789330781.xlsx,girls football attendance (jan,Girls Football,FootBall,Girls Football Attendance (Jan - Mar 26),Tue 20th Jan,2026-01-20,NO,17,0,7,17,24,DELIVERED_SOURCE_SESSION,
Girls_Football_Attendance_Jan_Mar_26_Girls_Football_Tuesdays_Jan_Mar_26_1789330781.xlsx,girls football attendance (jan,Girls Football,FootBall,Girls Football Attendance (Jan - Mar 26),Tue 27th Jan,2026-01-27,NO,13,0,11,13,24,DELIVERED_SOURCE_SESSION,
Girls_Football_Attendance_Jan_Mar_26_Girls_Football_Tuesdays_Jan_Mar_26_1789330781.xlsx,girls football attendance (jan,Girls Football,FootBall,Girls Football Attendance (Jan - Mar 26),Tue 3rd Feb (cancelled),2026-02-03,YES,0,0,24,0,24,CANCELLED_SOURCE_SESSION,
Girls_Football_Attendance_Jan_Mar_26_Girls_Football_Tuesdays_Jan_Mar_26_1789330781.xlsx,girls football attendance (jan,Girls Football,FootBall,Girls Football Attendance (Jan - Mar 26),Tue 10th Feb,2026-02-10,NO,16,0,8,16,24,DELIVERED_SOURCE_SESSION,
Girls_Football_Attendance_Jul_Sep_26_Girls_Football_Wednesdays_Jul_Sep_26_1789330797.xlsx,girls football attendance (jul,Girls Football,FootBall,Girls Football Attendance (Jul - Sep 26),Wed 8th Jul,2026-07-08,NO,13,0,37,13,50,DELIVERED_SOURCE_SESSION,
Girls_Football_Attendance_Jul_Sep_26_Girls_Football_Wednesdays_Jul_Sep_26_1789330797.xlsx,girls football attendance (jul,Girls Football,FootBall,Girls Football Attendance (Jul - Sep 26),Wed 15th July,2026-07-15,NO,8,0,42,8,50,DELIVERED_SOURCE_SESSION,
Girls_Football_Attendance_Jul_Sep_26_Girls_Football_Wednesdays_Jul_Sep_26_1789330797.xlsx,girls football attendance (jul,Girls Football,FootBall,Girls Football Attendance (Jul - Sep 26),Wed 19th Aug,2026-08-19,NO,14,0,36,14,50,DELIVERED_SOURCE_SESSION,
Girls_Football_Attendance_Jul_Sep_26_Girls_Football_Wednesdays_Jul_Sep_26_1789330797.xlsx,girls football attendance (jul,Girls Football,FootBall,Girls Football Attendance (Jul - Sep 26),Wed 26th Aug,2026-08-26,NO,10,0,40,10,50,DELIVERED_SOURCE_SESSION,
Girls_Football_Attendance_Jul_Sep_26_Girls_Football_Wednesdays_Jul_Sep_26_1789330797.xlsx,girls football attendance (jul,Girls Football,FootBall,Girls Football Attendance (Jul - Sep 26),Wed 9th Sep,2026-09-09,NO,14,0,36,14,50,DELIVERED_SOURCE_SESSION,
Girls_Football_Attendance_July_Sep_Girls_Football_Wednesdays_Tuesdays_July_Sep_25_1789330765.xlsx,girls football attendance (july,Girls Football,FootBall,Girls Football Attendance (July - Sep),Wed 2nd July,2025-07-02,NO,18,0,19,18,37,DELIVERED_SOURCE_SESSION,
Girls_Football_Attendance_July_Sep_Girls_Football_Wednesdays_Tuesdays_July_Sep_25_1789330765.xlsx,girls football attendance (july,Girls Football,FootBall,Girls Football Attendance (July - Sep),Wed 9th July,2025-07-09,NO,16,0,21,16,37,DELIVERED_SOURCE_SESSION,
Girls_Football_Attendance_July_Sep_Girls_Football_Wednesdays_Tuesdays_July_Sep_25_1789330765.xlsx,girls football attendance (july,Girls Football,FootBall,Girls Football Attendance (July - Sep),Wed 16th July,2025-07-16,NO,20,0,17,20,37,DELIVERED_SOURCE_SESSION,
Girls_Football_Attendance_July_Sep_Girls_Football_Wednesdays_Tuesdays_July_Sep_25_1789330765.xlsx,girls football attendance (july,Girls Football,FootBall,Girls Football Attendance (July - Sep),Wed 23rd July,2025-07-23,NO,15,0,22,15,37,DELIVERED_SOURCE_SESSION,
Girls_Football_Attendance_July_Sep_Girls_Football_Wednesdays_Tuesdays_July_Sep_25_1789330765.xlsx,girls football attendance (july,Girls Football,FootBall,Girls Football Attendance (July - Sep),Wed 30th July,2025-07-30,NO,23,0,14,23,37,DELIVERED_SOURCE_SESSION,
Girls_Football_Attendance_July_Sep_Girls_Football_Wednesdays_Tuesdays_July_Sep_25_1789330765.xlsx,girls football attendance (july,Girls Football,FootBall,Girls Football Attendance (July - Sep),Wed 6th Aug,2025-08-06,NO,13,0,24,13,37,DELIVERED_SOURCE_SESSION,
Girls_Football_Attendance_July_Sep_Girls_Football_Wednesdays_Tuesdays_July_Sep_25_1789330765.xlsx,girls football attendance (july,Girls Football,FootBall,Girls Football Attendance (July - Sep),Wed 13th Aug,2025-08-13,NO,19,0,18,19,37,DELIVERED_SOURCE_SESSION,
Girls_Football_Attendance_July_Sep_Girls_Football_Wednesdays_Tuesdays_July_Sep_25_1789330765.xlsx,girls football attendance (july,Girls Football,FootBall,Girls Football Attendance (July - Sep),Wed 20th Aug,2025-08-20,NO,19,0,18,19,37,DELIVERED_SOURCE_SESSION,
Girls_Football_Attendance_July_Sep_Girls_Football_Wednesdays_Tuesdays_July_Sep_25_1789330765.xlsx,girls football attendance (july,Girls Football,FootBall,Girls Football Attendance (July - Sep),Wed 27th Aug,2025-08-27,NO,10,0,27,10,37,DELIVERED_SOURCE_SESSION,
Girls_Football_Attendance_July_Sep_Girls_Football_Wednesdays_Tuesdays_July_Sep_25_1789330765.xlsx,girls football attendance (july,Girls Football,FootBall,Girls Football Attendance (July - Sep),Wed 3rd Sep,2025-09-03,NO,12,0,25,12,37,DELIVERED_SOURCE_SESSION,
Girls_Football_Attendance_July_Sep_Girls_Football_Wednesdays_Tuesdays_July_Sep_25_1789330765.xlsx,girls football attendance (july,Girls Football,FootBall,Girls Football Attendance (July - Sep),Wed 10th Sep,2025-09-10,NO,14,0,23,14,37,DELIVERED_SOURCE_SESSION,
Girls_Football_Attendance_July_Sep_Girls_Football_Wednesdays_Tuesdays_July_Sep_25_1789330765.xlsx,girls football attendance (july,Girls Football,FootBall,Girls Football Attendance (July - Sep),Tue 16 Sep,2025-09-16,NO,20,0,17,20,37,DELIVERED_SOURCE_SESSION,
Girls_Football_Attendance_July_Sep_Girls_Football_Wednesdays_Tuesdays_July_Sep_25_1789330765.xlsx,girls football attendance (july,Girls Football,FootBall,Girls Football Attendance (July - Sep),Tue 23rd Sep,2025-09-23,NO,22,0,15,22,37,DELIVERED_SOURCE_SESSION,
Girls_Football_Attendance_July_Sep_Girls_Football_Wednesdays_Tuesdays_July_Sep_25_1789330765.xlsx,girls football attendance (july,Girls Football,FootBall,Girls Football Attendance (July - Sep),Tue 30th Sep,2025-09-30,NO,20,0,17,20,37,DELIVERED_SOURCE_SESSION,
Girls_Football_Attendance_Jun_Girls_Football_Wednesdays_June_2025_1789330758.xlsx,girls football attendance (jun),Girls Football,FootBall,Girls Football Attendance (Jun),Wed 11th Jun,2025-06-11,NO,17,0,4,17,21,DELIVERED_SOURCE_SESSION,
Girls_Football_Attendance_Jun_Girls_Football_Wednesdays_June_2025_1789330758.xlsx,girls football attendance (jun),Girls Football,FootBall,Girls Football Attendance (Jun),Wed 18th Jun,2025-06-18,NO,13,0,8,13,21,DELIVERED_SOURCE_SESSION,
Girls_Football_Attendance_Jun_Girls_Football_Wednesdays_June_2025_1789330758.xlsx,girls football attendance (jun),Girls Football,FootBall,Girls Football Attendance (Jun),Wed 25th Jun,2025-06-25,NO,16,0,5,16,21,DELIVERED_SOURCE_SESSION,
Girls_Football_Attendance_Oct_Dec_25_Girls_Football_Tuesdays_Oct_Dec_25_1789330773.xlsx,girls football attendance (oct,Girls Football,FootBall,Girls Football Attendance (Oct - Dec 25),Tue 7th Oct,2025-10-07,NO,18,0,30,18,48,DELIVERED_SOURCE_SESSION,
Girls_Football_Attendance_Oct_Dec_25_Girls_Football_Tuesdays_Oct_Dec_25_1789330773.xlsx,girls football attendance (oct,Girls Football,FootBall,Girls Football Attendance (Oct - Dec 25),Tue 14th Oct (Cancelled),2025-10-14,YES,0,0,48,0,48,CANCELLED_SOURCE_SESSION,
Girls_Football_Attendance_Oct_Dec_25_Girls_Football_Tuesdays_Oct_Dec_25_1789330773.xlsx,girls football attendance (oct,Girls Football,FootBall,Girls Football Attendance (Oct - Dec 25),Tue 21st Oct,2025-10-21,NO,15,0,33,15,48,DELIVERED_SOURCE_SESSION,
Girls_Football_Attendance_Oct_Dec_25_Girls_Football_Tuesdays_Oct_Dec_25_1789330773.xlsx,girls football attendance (oct,Girls Football,FootBall,Girls Football Attendance (Oct - Dec 25),Tue 28th Oct,2025-10-28,NO,20,0,28,20,48,DELIVERED_SOURCE_SESSION,
Girls_Football_Attendance_Oct_Dec_25_Girls_Football_Tuesdays_Oct_Dec_25_1789330773.xlsx,girls football attendance (oct,Girls Football,FootBall,Girls Football Attendance (Oct - Dec 25),Tue 4th Nov,2025-11-04,NO,19,0,29,19,48,DELIVERED_SOURCE_SESSION,
Girls_Football_Attendance_Oct_Dec_25_Girls_Football_Tuesdays_Oct_Dec_25_1789330773.xlsx,girls football attendance (oct,Girls Football,FootBall,Girls Football Attendance (Oct - Dec 25),Tue 11th Nov,2025-11-11,NO,24,0,24,24,48,DELIVERED_SOURCE_SESSION,
Girls_Football_Attendance_Oct_Dec_25_Girls_Football_Tuesdays_Oct_Dec_25_1789330773.xlsx,girls football attendance (oct,Girls Football,FootBall,Girls Football Attendance (Oct - Dec 25),Tue 19th Nov,2025-11-19,NO,21,0,27,21,48,DELIVERED_SOURCE_SESSION,
Girls_Football_Attendance_Oct_Dec_25_Girls_Football_Tuesdays_Oct_Dec_25_1789330773.xlsx,girls football attendance (oct,Girls Football,FootBall,Girls Football Attendance (Oct - Dec 25),Tue 25th Nov,2025-11-25,NO,15,0,33,15,48,DELIVERED_SOURCE_SESSION,
Girls_Football_Attendance_Oct_Dec_25_Girls_Football_Tuesdays_Oct_Dec_25_1789330773.xlsx,girls football attendance (oct,Girls Football,FootBall,Girls Football Attendance (Oct - Dec 25),Tue 16th Dec,2025-12-16,NO,8,0,40,8,48,DELIVERED_SOURCE_SESSION,
Girls_Football_Attendance_Oct_Dec_25_Girls_Football_Tuesdays_Oct_Dec_25_1789330773.xlsx,girls football attendance (oct,Girls Football,FootBall,Girls Football Attendance (Oct - Dec 25),Tue 23rd Dec,2025-12-23,NO,7,0,41,7,48,DELIVERED_SOURCE_SESSION,
Girls_Football_Attendance_Oct_Dec_25_Girls_Football_Tuesdays_Oct_Dec_25_1789330773.xlsx,girls football attendance (oct,Girls Football,FootBall,Girls Football Attendance (Oct - Dec 25),Tue 30th Dec,2025-12-30,NO,13,0,35,13,48,DELIVERED_SOURCE_SESSION,
HAF_Spring_March_April_2026_March_April_2026_1789330980.xlsx,haf spring march april (2026),HAF,HAF,HAF Spring March/April (2026),Mon 30th Mar,2026-03-30,NO,27,0,22,27,49,DELIVERED_SOURCE_SESSION,
HAF_Spring_March_April_2026_March_April_2026_1789330980.xlsx,haf spring march april (2026),HAF,HAF,HAF Spring March/April (2026),Tue 31st March,2026-03-31,NO,28,0,21,28,49,DELIVERED_SOURCE_SESSION,
HAF_Spring_March_April_2026_March_April_2026_1789330980.xlsx,haf spring march april (2026),HAF,HAF,HAF Spring March/April (2026),Wed 1st April,2026-04-01,NO,24,0,25,24,49,DELIVERED_SOURCE_SESSION,
HAF_Spring_March_April_2026_March_April_2026_1789330980.xlsx,haf spring march april (2026),HAF,HAF,HAF Spring March/April (2026),Thur 2nd April,2026-04-02,NO,28,0,21,28,49,DELIVERED_SOURCE_SESSION,
HAF_Summer_2025_July_August_2025_1789330965.xlsx,haf summer (2025),HAF,HAF,HAF Summer (2025),22/07/2025,2025-07-22,NO,41,0,39,41,80,DELIVERED_SOURCE_SESSION,
HAF_Summer_2025_July_August_2025_1789330965.xlsx,haf summer (2025),HAF,HAF,HAF Summer (2025),23/07/2025,2025-07-23,NO,47,0,33,47,80,DELIVERED_SOURCE_SESSION,
HAF_Summer_2025_July_August_2025_1789330965.xlsx,haf summer (2025),HAF,HAF,HAF Summer (2025),24/07/2025,2025-07-24,NO,42,0,38,42,80,DELIVERED_SOURCE_SESSION,
HAF_Summer_2025_July_August_2025_1789330965.xlsx,haf summer (2025),HAF,HAF,HAF Summer (2025),28/07/2025,2025-07-28,NO,40,0,40,40,80,DELIVERED_SOURCE_SESSION,
HAF_Summer_2025_July_August_2025_1789330965.xlsx,haf summer (2025),HAF,HAF,HAF Summer (2025),29/07/2025,2025-07-29,NO,44,0,36,44,80,DELIVERED_SOURCE_SESSION,
HAF_Summer_2025_July_August_2025_1789330965.xlsx,haf summer (2025),HAF,HAF,HAF Summer (2025),30/07/2025,2025-07-30,NO,33,0,47,33,80,DELIVERED_SOURCE_SESSION,
HAF_Summer_2025_July_August_2025_1789330965.xlsx,haf summer (2025),HAF,HAF,HAF Summer (2025),31/07/2025,2025-07-31,NO,43,0,37,43,80,DELIVERED_SOURCE_SESSION,
HAF_Summer_2025_July_August_2025_1789330965.xlsx,haf summer (2025),HAF,HAF,HAF Summer (2025),04/08/2025,2025-08-04,NO,39,0,41,39,80,DELIVERED_SOURCE_SESSION,
HAF_Summer_2025_July_August_2025_1789330965.xlsx,haf summer (2025),HAF,HAF,HAF Summer (2025),05/08/2025,2025-08-05,NO,39,0,41,39,80,DELIVERED_SOURCE_SESSION,
HAF_Summer_2025_July_August_2025_1789330965.xlsx,haf summer (2025),HAF,HAF,HAF Summer (2025),06/08/2025,2025-08-06,NO,40,0,40,40,80,DELIVERED_SOURCE_SESSION,
HAF_Summer_2025_July_August_2025_1789330965.xlsx,haf summer (2025),HAF,HAF,HAF Summer (2025),07/08/2025,2025-08-07,NO,30,0,50,30,80,DELIVERED_SOURCE_SESSION,
HAF_Summer_2025_July_August_2025_1789330965.xlsx,haf summer (2025),HAF,HAF,HAF Summer (2025),11/08/2025,2025-08-11,NO,39,0,41,39,80,DELIVERED_SOURCE_SESSION,
HAF_Summer_2025_July_August_2025_1789330965.xlsx,haf summer (2025),HAF,HAF,HAF Summer (2025),12/08/2025,2025-08-12,NO,38,0,42,38,80,DELIVERED_SOURCE_SESSION,
HAF_Summer_2025_July_August_2025_1789330965.xlsx,haf summer (2025),HAF,HAF,HAF Summer (2025),13/08/2025,2025-08-13,NO,32,0,48,32,80,DELIVERED_SOURCE_SESSION,
HAF_Summer_2025_July_August_2025_1789330965.xlsx,haf summer (2025),HAF,HAF,HAF Summer (2025),14/08/2025,2025-08-14,NO,35,0,45,35,80,DELIVERED_SOURCE_SESSION,
HAF_Summer_2026_July_August_2026_1789330987.xlsx,haf summer (2026),HAF,HAF,HAF Summer (2026),Mon 20th July,2026-07-20,NO,41,0,48,41,89,DELIVERED_SOURCE_SESSION,
HAF_Summer_2026_July_August_2026_1789330987.xlsx,haf summer (2026),HAF,HAF,HAF Summer (2026),Tue 21st July,2026-07-21,NO,36,0,53,36,89,DELIVERED_SOURCE_SESSION,
HAF_Summer_2026_July_August_2026_1789330987.xlsx,haf summer (2026),HAF,HAF,HAF Summer (2026),Wed 22nd July,2026-07-22,NO,47,0,42,47,89,DELIVERED_SOURCE_SESSION,
HAF_Summer_2026_July_August_2026_1789330987.xlsx,haf summer (2026),HAF,HAF,HAF Summer (2026),Thur 23rd July,2026-07-23,NO,38,0,51,38,89,DELIVERED_SOURCE_SESSION,
HAF_Summer_2026_July_August_2026_1789330987.xlsx,haf summer (2026),HAF,HAF,HAF Summer (2026),Mon 27th July,2026-07-27,NO,34,0,55,34,89,DELIVERED_SOURCE_SESSION,
HAF_Summer_2026_July_August_2026_1789330987.xlsx,haf summer (2026),HAF,HAF,HAF Summer (2026),Tue 28th July,2026-07-28,NO,29,0,60,29,89,DELIVERED_SOURCE_SESSION,
HAF_Summer_2026_July_August_2026_1789330987.xlsx,haf summer (2026),HAF,HAF,HAF Summer (2026),Thur 30th July,2026-07-30,NO,32,0,57,32,89,DELIVERED_SOURCE_SESSION,
HAF_Summer_2026_July_August_2026_1789330987.xlsx,haf summer (2026),HAF,HAF,HAF Summer (2026),Mon 3rd Aug,2026-08-03,NO,38,0,51,38,89,DELIVERED_SOURCE_SESSION,
HAF_Summer_2026_July_August_2026_1789330987.xlsx,haf summer (2026),HAF,HAF,HAF Summer (2026),Tue 4th Aug,2026-08-04,NO,32,0,57,32,89,DELIVERED_SOURCE_SESSION,
HAF_Summer_2026_July_August_2026_1789330987.xlsx,haf summer (2026),HAF,HAF,HAF Summer (2026),Wed 5th Aug,2026-08-05,NO,27,0,62,27,89,DELIVERED_SOURCE_SESSION,
HAF_Summer_2026_July_August_2026_1789330987.xlsx,haf summer (2026),HAF,HAF,HAF Summer (2026),Thur 6th Aug,2026-08-06,NO,31,0,58,31,89,DELIVERED_SOURCE_SESSION,
HAF_Summer_2026_July_August_2026_1789330987.xlsx,haf summer (2026),HAF,HAF,HAF Summer (2026),Mon 10th Aug,2026-08-10,NO,25,0,64,25,89,DELIVERED_SOURCE_SESSION,
HAF_Summer_2026_July_August_2026_1789330987.xlsx,haf summer (2026),HAF,HAF,HAF Summer (2026),Tue 11th Aug,2026-08-11,NO,30,0,59,30,89,DELIVERED_SOURCE_SESSION,
HAF_Summer_2026_July_August_2026_1789330987.xlsx,haf summer (2026),HAF,HAF,HAF Summer (2026),Thu 13th Aug,2026-08-13,NO,14,0,75,14,89,DELIVERED_SOURCE_SESSION,
HAF_Winter_Dec_2025_December_2025_29th_31st_1789330972.xlsx,haf winter dec (2025),HAF,HAF,HAF Winter Dec (2025),29th Dec,2025-12-29,NO,34,0,17,34,51,DELIVERED_SOURCE_SESSION,
HAF_Winter_Dec_2025_December_2025_29th_31st_1789330972.xlsx,haf winter dec (2025),HAF,HAF,HAF Winter Dec (2025),30th Dec,2025-12-30,NO,32,0,19,32,51,DELIVERED_SOURCE_SESSION,
HAF_Winter_Dec_2025_December_2025_29th_31st_1789330972.xlsx,haf winter dec (2025),HAF,HAF,HAF Winter Dec (2025),31st Dec,2025-12-31,NO,32,0,19,32,51,DELIVERED_SOURCE_SESSION,
OCF_Football_Tuesdays_April_June_2026_OCF_Football_Tuesdays_April_June_2026_1789330952.xlsx,ocf football tuesdays (april -,Boys Football,FootBall,OCF Football Tuesdays (April - June 2026),Tue 7th Apr,2026-04-07,NO,40,0,34,40,74,DELIVERED_SOURCE_SESSION,
OCF_Football_Tuesdays_April_June_2026_OCF_Football_Tuesdays_April_June_2026_1789330952.xlsx,ocf football tuesdays (april -,Boys Football,FootBall,OCF Football Tuesdays (April - June 2026),Tue 14th Apr,2026-04-14,NO,49,0,25,49,74,DELIVERED_SOURCE_SESSION,
OCF_Football_Tuesdays_April_June_2026_OCF_Football_Tuesdays_April_June_2026_1789330952.xlsx,ocf football tuesdays (april -,Boys Football,FootBall,OCF Football Tuesdays (April - June 2026),Tue 21st Apr,2026-04-21,NO,39,0,35,39,74,DELIVERED_SOURCE_SESSION,
OCF_Football_Tuesdays_April_June_2026_OCF_Football_Tuesdays_April_June_2026_1789330952.xlsx,ocf football tuesdays (april -,Boys Football,FootBall,OCF Football Tuesdays (April - June 2026),Tue 28th Apr,2026-04-28,NO,49,0,25,49,74,DELIVERED_SOURCE_SESSION,
OCF_Football_Tuesdays_April_June_2026_OCF_Football_Tuesdays_April_June_2026_1789330952.xlsx,ocf football tuesdays (april -,Boys Football,FootBall,OCF Football Tuesdays (April - June 2026),Tue 5th May,2026-05-05,NO,47,0,27,47,74,DELIVERED_SOURCE_SESSION,
OCF_Football_Tuesdays_April_June_2026_OCF_Football_Tuesdays_April_June_2026_1789330952.xlsx,ocf football tuesdays (april -,Boys Football,FootBall,OCF Football Tuesdays (April - June 2026),Tue 12th May,2026-05-12,NO,41,0,33,41,74,DELIVERED_SOURCE_SESSION,
OCF_Football_Tuesdays_April_June_2026_OCF_Football_Tuesdays_April_June_2026_1789330952.xlsx,ocf football tuesdays (april -,Boys Football,FootBall,OCF Football Tuesdays (April - June 2026),Tue 19th May,2026-05-19,NO,49,0,25,49,74,DELIVERED_SOURCE_SESSION,
OCF_Football_Tuesdays_April_June_2026_OCF_Football_Tuesdays_April_June_2026_1789330952.xlsx,ocf football tuesdays (april -,Boys Football,FootBall,OCF Football Tuesdays (April - June 2026),Tue 26th May,2026-05-26,NO,52,0,22,52,74,DELIVERED_SOURCE_SESSION,
OCF_Football_Tuesdays_April_June_2026_OCF_Football_Tuesdays_April_June_2026_1789330952.xlsx,ocf football tuesdays (april -,Boys Football,FootBall,OCF Football Tuesdays (April - June 2026),tue 2nd jun,2026-06-02,NO,31,0,43,31,74,DELIVERED_SOURCE_SESSION,
OCF_Football_Tuesdays_April_June_2026_OCF_Football_Tuesdays_April_June_2026_1789330952.xlsx,ocf football tuesdays (april -,Boys Football,FootBall,OCF Football Tuesdays (April - June 2026),tus 9th jun,2026-06-09,NO,34,0,40,34,74,DELIVERED_SOURCE_SESSION,
OCF_Football_Tuesdays_April_June_2026_OCF_Football_Tuesdays_April_June_2026_1789330952.xlsx,ocf football tuesdays (april -,Boys Football,FootBall,OCF Football Tuesdays (April - June 2026),tue 16th jun,2026-06-16,NO,41,0,33,41,74,DELIVERED_SOURCE_SESSION,
OCF_Football_Tuesdays_April_June_2026_OCF_Football_Tuesdays_April_June_2026_1789330952.xlsx,ocf football tuesdays (april -,Boys Football,FootBall,OCF Football Tuesdays (April - June 2026),tue 7th jul,2026-07-07,NO,42,0,32,42,74,DELIVERED_SOURCE_SESSION,
OCF_Football_Tuesdays_April_June_2026_OCF_Football_Tuesdays_April_June_2026_1789330952.xlsx,ocf football tuesdays (april -,Boys Football,FootBall,OCF Football Tuesdays (April - June 2026),tur 14th jul,2026-07-14,NO,35,0,39,35,74,DELIVERED_SOURCE_SESSION,
OCF_Football_Tuesdays_April_June_2026_OCF_Football_Tuesdays_April_June_2026_1789330952.xlsx,ocf football tuesdays (april -,Boys Football,FootBall,OCF Football Tuesdays (April - June 2026),tue 21th jul,2026-07-21,NO,41,0,33,41,74,DELIVERED_SOURCE_SESSION,
OCF_Football_Tuesdays_April_June_2026_OCF_Football_Tuesdays_April_June_2026_1789330952.xlsx,ocf football tuesdays (april -,Boys Football,FootBall,OCF Football Tuesdays (April - June 2026),tue 28th jul,2026-07-28,NO,45,0,29,45,74,DELIVERED_SOURCE_SESSION,
OCF_Football_Tuesdays_April_June_2026_OCF_Football_Tuesdays_April_June_2026_1789330952.xlsx,ocf football tuesdays (april -,Boys Football,FootBall,OCF Football Tuesdays (April - June 2026),tue 4th aug,2026-08-04,NO,38,0,36,38,74,DELIVERED_SOURCE_SESSION,
OCF_Football_Tuesdays_April_June_2026_OCF_Football_Tuesdays_April_June_2026_1789330952.xlsx,ocf football tuesdays (april -,Boys Football,FootBall,OCF Football Tuesdays (April - June 2026),tue 11 aug,2026-08-11,NO,4,0,70,4,74,DELIVERED_SOURCE_SESSION,
OCF_Football_Tuesdays_Dec_2025_OCF_Football_Tuesdays_Dec_25_1789330938.xlsx,ocf football tuesdays (dec 2025,Boys Football,FootBall,OCF Football Tuesdays (Dec 2025),Tue 9th dec,2025-12-09,NO,44,0,29,44,73,DELIVERED_SOURCE_SESSION,
OCF_Football_Tuesdays_Dec_2025_OCF_Football_Tuesdays_Dec_25_1789330938.xlsx,ocf football tuesdays (dec 2025,Boys Football,FootBall,OCF Football Tuesdays (Dec 2025),Tue 16th dec,2025-12-16,NO,36,0,37,36,73,DELIVERED_SOURCE_SESSION,
OCF_Football_Tuesdays_Dec_2025_OCF_Football_Tuesdays_Dec_25_1789330938.xlsx,ocf football tuesdays (dec 2025,Boys Football,FootBall,OCF Football Tuesdays (Dec 2025),Tue 23rd dec,2025-12-23,NO,43,0,30,43,73,DELIVERED_SOURCE_SESSION,
OCF_Football_Tuesdays_Dec_2025_OCF_Football_Tuesdays_Dec_25_1789330938.xlsx,ocf football tuesdays (dec 2025,Boys Football,FootBall,OCF Football Tuesdays (Dec 2025),Tue 30th dec,2025-12-30,NO,42,0,31,42,73,DELIVERED_SOURCE_SESSION,
OCF_Football_Tuesdays_Jan_Apr_2025_OCF_Football_Tuesdays_Jan_Apr_25_1789330916.xlsx,ocf football tuesdays (jan - ap,Boys Football,FootBall,OCF Football Tuesdays (Jan - Apr 2025),Tue 14th Jan,2025-01-14,NO,38,0,37,38,75,DELIVERED_SOURCE_SESSION,
OCF_Football_Tuesdays_Jan_Apr_2025_OCF_Football_Tuesdays_Jan_Apr_25_1789330916.xlsx,ocf football tuesdays (jan - ap,Boys Football,FootBall,OCF Football Tuesdays (Jan - Apr 2025),Tue 21st Jan,2025-01-21,NO,45,0,30,45,75,DELIVERED_SOURCE_SESSION,
OCF_Football_Tuesdays_Jan_Apr_2025_OCF_Football_Tuesdays_Jan_Apr_25_1789330916.xlsx,ocf football tuesdays (jan - ap,Boys Football,FootBall,OCF Football Tuesdays (Jan - Apr 2025),Tue 28th Jan,2025-01-28,NO,48,0,27,48,75,DELIVERED_SOURCE_SESSION,
OCF_Football_Tuesdays_Jan_Apr_2025_OCF_Football_Tuesdays_Jan_Apr_25_1789330916.xlsx,ocf football tuesdays (jan - ap,Boys Football,FootBall,OCF Football Tuesdays (Jan - Apr 2025),Tue 4th Feb,2025-02-04,NO,50,0,25,50,75,DELIVERED_SOURCE_SESSION,
OCF_Football_Tuesdays_Jan_Apr_2025_OCF_Football_Tuesdays_Jan_Apr_25_1789330916.xlsx,ocf football tuesdays (jan - ap,Boys Football,FootBall,OCF Football Tuesdays (Jan - Apr 2025),Tue 11th Feb,2025-02-11,NO,50,0,25,50,75,DELIVERED_SOURCE_SESSION,
OCF_Football_Tuesdays_Jan_Apr_2025_OCF_Football_Tuesdays_Jan_Apr_25_1789330916.xlsx,ocf football tuesdays (jan - ap,Boys Football,FootBall,OCF Football Tuesdays (Jan - Apr 2025),Tue 18th Feb,2025-02-18,NO,46,0,29,46,75,DELIVERED_SOURCE_SESSION,
OCF_Football_Tuesdays_Jan_Apr_2025_OCF_Football_Tuesdays_Jan_Apr_25_1789330916.xlsx,ocf football tuesdays (jan - ap,Boys Football,FootBall,OCF Football Tuesdays (Jan - Apr 2025),Tue 25th Feb,2025-02-25,NO,43,0,32,43,75,DELIVERED_SOURCE_SESSION,
OCF_Football_Tuesdays_Jan_Apr_2025_OCF_Football_Tuesdays_Jan_Apr_25_1789330916.xlsx,ocf football tuesdays (jan - ap,Boys Football,FootBall,OCF Football Tuesdays (Jan - Apr 2025),Tue 1st April,2025-04-01,NO,48,0,27,48,75,DELIVERED_SOURCE_SESSION,
OCF_Football_Tuesdays_Jan_Apr_2025_OCF_Football_Tuesdays_Jan_Apr_25_1789330916.xlsx,ocf football tuesdays (jan - ap,Boys Football,FootBall,OCF Football Tuesdays (Jan - Apr 2025),Tue 8th April,2025-04-08,NO,44,0,31,44,75,DELIVERED_SOURCE_SESSION,
OCF_Football_Tuesdays_Jan_Apr_2025_OCF_Football_Tuesdays_Jan_Apr_25_1789330916.xlsx,ocf football tuesdays (jan - ap,Boys Football,FootBall,OCF Football Tuesdays (Jan - Apr 2025),Tue 15th April,2025-04-15,NO,55,0,20,55,75,DELIVERED_SOURCE_SESSION,
OCF_Football_Tuesdays_Jan_Apr_2025_OCF_Football_Tuesdays_Jan_Apr_25_1789330916.xlsx,ocf football tuesdays (jan - ap,Boys Football,FootBall,OCF Football Tuesdays (Jan - Apr 2025),Tue 22nd April,2025-04-22,NO,52,0,23,52,75,DELIVERED_SOURCE_SESSION,
OCF_Football_Tuesdays_Jan_March_2026_OCF_Football_Tuesdays_Jan_March_2026_1789330945.xlsx,ocf football tuesdays (jan - ma,Boys Football,FootBall,OCF Football Tuesdays (Jan - March 2026),Tue 6th Jan,2026-01-06,NO,37,0,37,37,74,DELIVERED_SOURCE_SESSION,
OCF_Football_Tuesdays_Jan_March_2026_OCF_Football_Tuesdays_Jan_March_2026_1789330945.xlsx,ocf football tuesdays (jan - ma,Boys Football,FootBall,OCF Football Tuesdays (Jan - March 2026),Tue 13th Jan,2026-01-13,NO,49,0,25,49,74,DELIVERED_SOURCE_SESSION,
OCF_Football_Tuesdays_Jan_March_2026_OCF_Football_Tuesdays_Jan_March_2026_1789330945.xlsx,ocf football tuesdays (jan - ma,Boys Football,FootBall,OCF Football Tuesdays (Jan - March 2026),Tue 20th Jan,2026-01-20,NO,36,0,38,36,74,DELIVERED_SOURCE_SESSION,
OCF_Football_Tuesdays_Jan_March_2026_OCF_Football_Tuesdays_Jan_March_2026_1789330945.xlsx,ocf football tuesdays (jan - ma,Boys Football,FootBall,OCF Football Tuesdays (Jan - March 2026),Tue 27th Jan,2026-01-27,NO,49,0,25,49,74,DELIVERED_SOURCE_SESSION,
OCF_Football_Tuesdays_Jan_March_2026_OCF_Football_Tuesdays_Jan_March_2026_1789330945.xlsx,ocf football tuesdays (jan - ma,Boys Football,FootBall,OCF Football Tuesdays (Jan - March 2026),Tue 3rd Feb,2026-02-03,NO,48,0,26,48,74,DELIVERED_SOURCE_SESSION,
OCF_Football_Tuesdays_Jan_March_2026_OCF_Football_Tuesdays_Jan_March_2026_1789330945.xlsx,ocf football tuesdays (jan - ma,Boys Football,FootBall,OCF Football Tuesdays (Jan - March 2026),Tue 10th Feb,2026-02-10,NO,43,0,31,43,74,DELIVERED_SOURCE_SESSION,
OCF_Football_Tuesdays_Jan_March_2026_OCF_Football_Tuesdays_Jan_March_2026_1789330945.xlsx,ocf football tuesdays (jan - ma,Boys Football,FootBall,OCF Football Tuesdays (Jan - March 2026),Tue 17th Feb,2026-02-17,NO,46,0,28,46,74,DELIVERED_SOURCE_SESSION,
OCF_Football_Tuesdays_Jan_March_2026_OCF_Football_Tuesdays_Jan_March_2026_1789330945.xlsx,ocf football tuesdays (jan - ma,Boys Football,FootBall,OCF Football Tuesdays (Jan - March 2026),Tue 24th Feb,2026-02-24,NO,51,0,23,51,74,DELIVERED_SOURCE_SESSION,
OCF_Football_Tuesdays_May_Aug_2025_OCF_Football_Tuesdays_May_Aug_25_1789330923.xlsx,ocf football tuesdays (may - au,Boys Football,FootBall,OCF Football Tuesdays (May - Aug 2025),Tue 5th May,2025-05-05,NO,39,0,35,39,74,DELIVERED_SOURCE_SESSION,
OCF_Football_Tuesdays_May_Aug_2025_OCF_Football_Tuesdays_May_Aug_25_1789330923.xlsx,ocf football tuesdays (may - au,Boys Football,FootBall,OCF Football Tuesdays (May - Aug 2025),Tue 12th May,2025-05-12,NO,49,0,25,49,74,DELIVERED_SOURCE_SESSION,
OCF_Football_Tuesdays_May_Aug_2025_OCF_Football_Tuesdays_May_Aug_25_1789330923.xlsx,ocf football tuesdays (may - au,Boys Football,FootBall,OCF Football Tuesdays (May - Aug 2025),Tue 19th May,2025-05-19,NO,48,0,26,48,74,DELIVERED_SOURCE_SESSION,
OCF_Football_Tuesdays_May_Aug_2025_OCF_Football_Tuesdays_May_Aug_25_1789330923.xlsx,ocf football tuesdays (may - au,Boys Football,FootBall,OCF Football Tuesdays (May - Aug 2025),Tue 26th May,2025-05-26,NO,49,0,25,49,74,DELIVERED_SOURCE_SESSION,
OCF_Football_Tuesdays_May_Aug_2025_OCF_Football_Tuesdays_May_Aug_25_1789330923.xlsx,ocf football tuesdays (may - au,Boys Football,FootBall,OCF Football Tuesdays (May - Aug 2025),Tue 2nd June,2025-06-02,NO,48,0,26,48,74,DELIVERED_SOURCE_SESSION,
OCF_Football_Tuesdays_May_Aug_2025_OCF_Football_Tuesdays_May_Aug_25_1789330923.xlsx,ocf football tuesdays (may - au,Boys Football,FootBall,OCF Football Tuesdays (May - Aug 2025),Tue 9th June,2025-06-09,NO,43,0,31,43,74,DELIVERED_SOURCE_SESSION,
OCF_Football_Tuesdays_May_Aug_2025_OCF_Football_Tuesdays_May_Aug_25_1789330923.xlsx,ocf football tuesdays (may - au,Boys Football,FootBall,OCF Football Tuesdays (May - Aug 2025),Tue 16th June,2025-06-16,NO,46,0,28,46,74,DELIVERED_SOURCE_SESSION,
OCF_Football_Tuesdays_May_Aug_2025_OCF_Football_Tuesdays_May_Aug_25_1789330923.xlsx,ocf football tuesdays (may - au,Boys Football,FootBall,OCF Football Tuesdays (May - Aug 2025),Tue 23rd June,2025-06-23,NO,51,0,23,51,74,DELIVERED_SOURCE_SESSION,
OCF_Football_Tuesdays_May_Aug_2025_OCF_Football_Tuesdays_May_Aug_25_1789330923.xlsx,ocf football tuesdays (may - au,Boys Football,FootBall,OCF Football Tuesdays (May - Aug 2025),Tue 30th June,2025-06-30,NO,50,0,24,50,74,DELIVERED_SOURCE_SESSION,
OCF_Football_Tuesdays_May_Aug_2025_OCF_Football_Tuesdays_May_Aug_25_1789330923.xlsx,ocf football tuesdays (may - au,Boys Football,FootBall,OCF Football Tuesdays (May - Aug 2025),Tue 8th July,2025-07-08,NO,52,0,22,52,74,DELIVERED_SOURCE_SESSION,
OCF_Football_Tuesdays_May_Aug_2025_OCF_Football_Tuesdays_May_Aug_25_1789330923.xlsx,ocf football tuesdays (may - au,Boys Football,FootBall,OCF Football Tuesdays (May - Aug 2025),Tue 15th July,2025-07-15,NO,54,0,20,54,74,DELIVERED_SOURCE_SESSION,
OCF_Football_Tuesdays_May_Aug_2025_OCF_Football_Tuesdays_May_Aug_25_1789330923.xlsx,ocf football tuesdays (may - au,Boys Football,FootBall,OCF Football Tuesdays (May - Aug 2025),Tue 22nd July,2025-07-22,NO,46,0,28,46,74,DELIVERED_SOURCE_SESSION,
OCF_Football_Tuesdays_May_Aug_2025_OCF_Football_Tuesdays_May_Aug_25_1789330923.xlsx,ocf football tuesdays (may - au,Boys Football,FootBall,OCF Football Tuesdays (May - Aug 2025),Tue 29th July,2025-07-29,NO,44,0,30,44,74,DELIVERED_SOURCE_SESSION,
OCF_Football_Tuesdays_May_Aug_2025_OCF_Football_Tuesdays_May_Aug_25_1789330923.xlsx,ocf football tuesdays (may - au,Boys Football,FootBall,OCF Football Tuesdays (May - Aug 2025),Tue 5th Aug,2025-08-05,NO,52,0,22,52,74,DELIVERED_SOURCE_SESSION,
OCF_Football_Tuesdays_May_Aug_2025_OCF_Football_Tuesdays_May_Aug_25_1789330923.xlsx,ocf football tuesdays (may - au,Boys Football,FootBall,OCF Football Tuesdays (May - Aug 2025),Tue 12th Aug,2025-08-12,NO,51,0,23,51,74,DELIVERED_SOURCE_SESSION,
OCF_Football_Tuesdays_May_Aug_2025_OCF_Football_Tuesdays_May_Aug_25_1789330923.xlsx,ocf football tuesdays (may - au,Boys Football,FootBall,OCF Football Tuesdays (May - Aug 2025),Tue 19th Aug,2025-08-19,NO,51,0,23,51,74,DELIVERED_SOURCE_SESSION,
OCF_Football_Tuesdays_May_Aug_2025_OCF_Football_Tuesdays_May_Aug_25_1789330923.xlsx,ocf football tuesdays (may - au,Boys Football,FootBall,OCF Football Tuesdays (May - Aug 2025),Tue 26th Aug,2025-08-26,NO,38,0,36,38,74,DELIVERED_SOURCE_SESSION,
OCF_Football_Tuesdays_Nov_Dec_2024_OCF_Football_Tuesdays_Nov_Dec_2024_1789330908.xlsx,ocf football tuesdays (nov - de,Boys Football,FootBall,OCF Football Tuesdays (Nov - Dec 2024),Tue 5th Nov,2024-11-05,NO,39,0,36,39,75,DELIVERED_SOURCE_SESSION,
OCF_Football_Tuesdays_Nov_Dec_2024_OCF_Football_Tuesdays_Nov_Dec_2024_1789330908.xlsx,ocf football tuesdays (nov - de,Boys Football,FootBall,OCF Football Tuesdays (Nov - Dec 2024),Tue 12th Nov,2024-11-12,NO,37,0,38,37,75,DELIVERED_SOURCE_SESSION,
OCF_Football_Tuesdays_Nov_Dec_2024_OCF_Football_Tuesdays_Nov_Dec_2024_1789330908.xlsx,ocf football tuesdays (nov - de,Boys Football,FootBall,OCF Football Tuesdays (Nov - Dec 2024),Tue 19th Nov,2024-11-19,NO,45,0,30,45,75,DELIVERED_SOURCE_SESSION,
OCF_Football_Tuesdays_Nov_Dec_2024_OCF_Football_Tuesdays_Nov_Dec_2024_1789330908.xlsx,ocf football tuesdays (nov - de,Boys Football,FootBall,OCF Football Tuesdays (Nov - Dec 2024),Tue 26th Nov,2024-11-26,NO,45,0,30,45,75,DELIVERED_SOURCE_SESSION,
OCF_Football_Tuesdays_Nov_Dec_2024_OCF_Football_Tuesdays_Nov_Dec_2024_1789330908.xlsx,ocf football tuesdays (nov - de,Boys Football,FootBall,OCF Football Tuesdays (Nov - Dec 2024),Tue 3rd Dec,2024-12-03,NO,45,0,30,45,75,DELIVERED_SOURCE_SESSION,
OCF_Football_Tuesdays_Nov_Dec_2024_OCF_Football_Tuesdays_Nov_Dec_2024_1789330908.xlsx,ocf football tuesdays (nov - de,Boys Football,FootBall,OCF Football Tuesdays (Nov - Dec 2024),Tue 10th Dec,2024-12-10,NO,34,0,41,34,75,DELIVERED_SOURCE_SESSION,
OCF_Football_Tuesdays_Nov_Dec_2024_OCF_Football_Tuesdays_Nov_Dec_2024_1789330908.xlsx,ocf football tuesdays (nov - de,Boys Football,FootBall,OCF Football Tuesdays (Nov - Dec 2024),Tue 17th Dec,2024-12-17,NO,45,0,30,45,75,DELIVERED_SOURCE_SESSION,
OCF_Football_Tuesdays_Nov_Dec_2024_OCF_Football_Tuesdays_Nov_Dec_2024_1789330908.xlsx,ocf football tuesdays (nov - de,Boys Football,FootBall,OCF Football Tuesdays (Nov - Dec 2024),Tue 24th Dec,2024-12-24,NO,45,0,30,45,75,DELIVERED_SOURCE_SESSION,
OCF_Football_Tuesdays_Nov_Dec_2024_OCF_Football_Tuesdays_Nov_Dec_2024_1789330908.xlsx,ocf football tuesdays (nov - de,Boys Football,FootBall,OCF Football Tuesdays (Nov - Dec 2024),Tue 31st Dec,2024-12-31,NO,43,0,32,43,75,DELIVERED_SOURCE_SESSION,
OCF_Football_Tuesdays_Sep_Nov_2025_OCF_Football_Tuesdays_Sep_Nov_25_1789330931.xlsx,ocf football tuesdays (sep - no,Boys Football,FootBall,OCF Football Tuesdays (Sep - Nov 2025),Tue 2th sep,2025-09-02,NO,39,17,17,56,73,DELIVERED_SOURCE_SESSION,
OCF_Football_Tuesdays_Sep_Nov_2025_OCF_Football_Tuesdays_Sep_Nov_25_1789330931.xlsx,ocf football tuesdays (sep - no,Boys Football,FootBall,OCF Football Tuesdays (Sep - Nov 2025),Tue 9th sep,2025-09-09,NO,34,0,39,34,73,DELIVERED_SOURCE_SESSION,
OCF_Football_Tuesdays_Sep_Nov_2025_OCF_Football_Tuesdays_Sep_Nov_25_1789330931.xlsx,ocf football tuesdays (sep - no,Boys Football,FootBall,OCF Football Tuesdays (Sep - Nov 2025),Tue 16th sep,2025-09-16,NO,42,0,31,42,73,DELIVERED_SOURCE_SESSION,
OCF_Football_Tuesdays_Sep_Nov_2025_OCF_Football_Tuesdays_Sep_Nov_25_1789330931.xlsx,ocf football tuesdays (sep - no,Boys Football,FootBall,OCF Football Tuesdays (Sep - Nov 2025),Tue 23th sep,2025-09-23,NO,41,0,32,41,73,DELIVERED_SOURCE_SESSION,
OCF_Football_Tuesdays_Sep_Nov_2025_OCF_Football_Tuesdays_Sep_Nov_25_1789330931.xlsx,ocf football tuesdays (sep - no,Boys Football,FootBall,OCF Football Tuesdays (Sep - Nov 2025),Tue 30th Sep,2025-09-30,NO,42,0,31,42,73,DELIVERED_SOURCE_SESSION,
OCF_Football_Tuesdays_Sep_Nov_2025_OCF_Football_Tuesdays_Sep_Nov_25_1789330931.xlsx,ocf football tuesdays (sep - no,Boys Football,FootBall,OCF Football Tuesdays (Sep - Nov 2025),Tue 7th oct,2025-10-07,NO,40,0,33,40,73,DELIVERED_SOURCE_SESSION,
OCF_Football_Tuesdays_Sep_Nov_2025_OCF_Football_Tuesdays_Sep_Nov_25_1789330931.xlsx,ocf football tuesdays (sep - no,Boys Football,FootBall,OCF Football Tuesdays (Sep - Nov 2025),Tue 14th oct,2025-10-14,NO,38,1,34,39,73,DELIVERED_SOURCE_SESSION,
OCF_Football_Tuesdays_Sep_Nov_2025_OCF_Football_Tuesdays_Sep_Nov_25_1789330931.xlsx,ocf football tuesdays (sep - no,Boys Football,FootBall,OCF Football Tuesdays (Sep - Nov 2025),Tue 21th oct,2025-10-21,NO,44,0,29,44,73,DELIVERED_SOURCE_SESSION,
OCF_Football_Tuesdays_Sep_Nov_2025_OCF_Football_Tuesdays_Sep_Nov_25_1789330931.xlsx,ocf football tuesdays (sep - no,Boys Football,FootBall,OCF Football Tuesdays (Sep - Nov 2025),Tue 28th oct,2025-10-28,NO,33,1,39,34,73,DELIVERED_SOURCE_SESSION,
OCF_Football_Tuesdays_Sep_Nov_2025_OCF_Football_Tuesdays_Sep_Nov_25_1789330931.xlsx,ocf football tuesdays (sep - no,Boys Football,FootBall,OCF Football Tuesdays (Sep - Nov 2025),Tue 4th nov,2025-11-04,NO,36,0,37,36,73,DELIVERED_SOURCE_SESSION,
OCF_Football_Tuesdays_Sep_Nov_2025_OCF_Football_Tuesdays_Sep_Nov_25_1789330931.xlsx,ocf football tuesdays (sep - no,Boys Football,FootBall,OCF Football Tuesdays (Sep - Nov 2025),Tue 11th Nov,2025-11-11,NO,36,0,37,36,73,DELIVERED_SOURCE_SESSION,
OCF_Football_Tuesdays_Sep_Nov_2025_OCF_Football_Tuesdays_Sep_Nov_25_1789330931.xlsx,ocf football tuesdays (sep - no,Boys Football,FootBall,OCF Football Tuesdays (Sep - Nov 2025),Tue 18th Nov,2025-11-18,NO,32,0,41,32,73,DELIVERED_SOURCE_SESSION,
OCF_Football_Tuesdays_Sep_Nov_2025_OCF_Football_Tuesdays_Sep_Nov_25_1789330931.xlsx,ocf football tuesdays (sep - no,Boys Football,FootBall,OCF Football Tuesdays (Sep - Nov 2025),Tue 25th Nov,2025-11-25,NO,17,0,56,17,73,DELIVERED_SOURCE_SESSION,
OCF_Youth_Club_Mondays_OCF_Youth_Club_Mondays_Jun_Aug_25_1789330997.xlsx,ocf youth club mondays,Youth Club (Mixed),Youth Club,OCF Youth Club Mondays,Mon 2nd Jun,2025-06-02,NO,11,0,76,11,87,DELIVERED_SOURCE_SESSION,
OCF_Youth_Club_Mondays_OCF_Youth_Club_Mondays_Jun_Aug_25_1789330997.xlsx,ocf youth club mondays,Youth Club (Mixed),Youth Club,OCF Youth Club Mondays,Mon 9th June,2025-06-09,NO,8,0,79,8,87,DELIVERED_SOURCE_SESSION,
OCF_Youth_Club_Mondays_OCF_Youth_Club_Mondays_Jun_Aug_25_1789330997.xlsx,ocf youth club mondays,Youth Club (Mixed),Youth Club,OCF Youth Club Mondays,Mon 16th Jun,2025-06-16,NO,12,0,75,12,87,DELIVERED_SOURCE_SESSION,
OCF_Youth_Club_Mondays_OCF_Youth_Club_Mondays_Jun_Aug_25_1789330997.xlsx,ocf youth club mondays,Youth Club (Mixed),Youth Club,OCF Youth Club Mondays,Mon 23rd Jun,2025-06-23,NO,9,0,78,9,87,DELIVERED_SOURCE_SESSION,
OCF_Youth_Club_Mondays_OCF_Youth_Club_Mondays_Jun_Aug_25_1789330997.xlsx,ocf youth club mondays,Youth Club (Mixed),Youth Club,OCF Youth Club Mondays,Mon 30th Jun,2025-06-30,NO,9,0,78,9,87,DELIVERED_SOURCE_SESSION,
OCF_Youth_Club_Mondays_OCF_Youth_Club_Mondays_Jun_Aug_25_1789330997.xlsx,ocf youth club mondays,Youth Club (Mixed),Youth Club,OCF Youth Club Mondays,Mon 7th July,2025-07-07,NO,4,0,83,4,87,DELIVERED_SOURCE_SESSION,
OCF_Youth_Club_Mondays_OCF_Youth_Club_Mondays_Jun_Aug_25_1789330997.xlsx,ocf youth club mondays,Youth Club (Mixed),Youth Club,OCF Youth Club Mondays,Mon 14th July,2025-07-14,NO,3,0,84,3,87,DELIVERED_SOURCE_SESSION,
OCF_Youth_Club_Mondays_OCF_Youth_Club_Mondays_Jun_Aug_25_1789330997.xlsx,ocf youth club mondays,Youth Club (Mixed),Youth Club,OCF Youth Club Mondays,Mon 21st July,2025-07-21,NO,3,0,84,3,87,DELIVERED_SOURCE_SESSION,
OCF_Youth_Club_Mondays_OCF_Youth_Club_Mondays_Jun_Aug_25_1789330997.xlsx,ocf youth club mondays,Youth Club (Mixed),Youth Club,OCF Youth Club Mondays,Mon 28th July,2025-07-28,NO,0,0,87,0,87,REVIEW_UNCONFIRMED_EMPTY_SESSION,
OCF_Youth_Club_Mondays_OCF_Youth_Club_Mondays_Jun_Aug_25_1789330997.xlsx,ocf youth club mondays,Youth Club (Mixed),Youth Club,OCF Youth Club Mondays,Mon 4th Aug,2025-08-04,NO,0,0,87,0,87,REVIEW_UNCONFIRMED_EMPTY_SESSION,
OCF_Youth_Club_Mondays_OCF_Youth_Club_Mondays_Jun_Aug_25_1789330997.xlsx,ocf youth club mondays,Youth Club (Mixed),Youth Club,OCF Youth Club Mondays,Mon 11th Aug,2025-08-11,NO,0,0,87,0,87,REVIEW_UNCONFIRMED_EMPTY_SESSION,
OCF_Youth_Club_Mondays_OCF_Youth_Club_Mondays_Jun_Aug_25_1789330997.xlsx,ocf youth club mondays,Youth Club (Mixed),Youth Club,OCF Youth Club Mondays,Mon 18th Aug,2025-08-18,NO,0,0,87,0,87,REVIEW_UNCONFIRMED_EMPTY_SESSION,
OCF_Youth_Club_Mondays_OCF_Youth_Club_Mondays_Jun_Aug_25_1789330997.xlsx,ocf youth club mondays,Youth Club (Mixed),Youth Club,OCF Youth Club Mondays,Mon 25th Aug,2025-08-25,NO,0,0,87,0,87,REVIEW_UNCONFIRMED_EMPTY_SESSION,
OCF_Youth_Club_Thursdays_Nov_Dec_25_OCF_Youth_Club_Thursdays_Nov_Dec_25_1789331010.xlsx,ocf youth club thursdays (nov -,Youth Club (Mixed),Youth Club,OCF Youth Club Thursdays (Nov - Dec 25),Tue 5th Nov,2025-11-05,NO,0,0,75,0,75,REVIEW_UNCONFIRMED_EMPTY_SESSION,
OCF_Youth_Club_Thursdays_Nov_Dec_25_OCF_Youth_Club_Thursdays_Nov_Dec_25_1789331010.xlsx,ocf youth club thursdays (nov -,Youth Club (Mixed),Youth Club,OCF Youth Club Thursdays (Nov - Dec 25),Tue 12th Nov,2025-11-12,NO,0,0,75,0,75,REVIEW_UNCONFIRMED_EMPTY_SESSION,
OCF_Youth_Club_Thursdays_Nov_Dec_25_OCF_Youth_Club_Thursdays_Nov_Dec_25_1789331010.xlsx,ocf youth club thursdays (nov -,Youth Club (Mixed),Youth Club,OCF Youth Club Thursdays (Nov - Dec 25),Tue 19th Nov,2025-11-19,NO,0,0,75,0,75,REVIEW_UNCONFIRMED_EMPTY_SESSION,
OCF_Youth_Club_Thursdays_Nov_Dec_25_OCF_Youth_Club_Thursdays_Nov_Dec_25_1789331010.xlsx,ocf youth club thursdays (nov -,Youth Club (Mixed),Youth Club,OCF Youth Club Thursdays (Nov - Dec 25),Tue 26th Nov,2025-11-26,NO,0,0,75,0,75,REVIEW_UNCONFIRMED_EMPTY_SESSION,
OCF_Youth_Club_Thursdays_Nov_Dec_25_OCF_Youth_Club_Thursdays_Nov_Dec_25_1789331010.xlsx,ocf youth club thursdays (nov -,Youth Club (Mixed),Youth Club,OCF Youth Club Thursdays (Nov - Dec 25),Tue 3rd Dec,2025-12-03,NO,0,0,75,0,75,REVIEW_UNCONFIRMED_EMPTY_SESSION,
OCF_Youth_Club_Thursdays_Nov_Dec_25_OCF_Youth_Club_Thursdays_Nov_Dec_25_1789331010.xlsx,ocf youth club thursdays (nov -,Youth Club (Mixed),Youth Club,OCF Youth Club Thursdays (Nov - Dec 25),Tue 10th Dec,2025-12-10,NO,0,0,75,0,75,REVIEW_UNCONFIRMED_EMPTY_SESSION,
OCF_Youth_Club_Thursdays_Nov_Dec_25_OCF_Youth_Club_Thursdays_Nov_Dec_25_1789331010.xlsx,ocf youth club thursdays (nov -,Youth Club (Mixed),Youth Club,OCF Youth Club Thursdays (Nov - Dec 25),Tue 17th Dec,2025-12-17,NO,0,0,75,0,75,REVIEW_UNCONFIRMED_EMPTY_SESSION,
OCF_Youth_Club_Thursdays_Nov_Dec_25_OCF_Youth_Club_Thursdays_Nov_Dec_25_1789331010.xlsx,ocf youth club thursdays (nov -,Youth Club (Mixed),Youth Club,OCF Youth Club Thursdays (Nov - Dec 25),Tue 24th Dec,2025-12-24,NO,0,0,75,0,75,REVIEW_UNCONFIRMED_EMPTY_SESSION,
OCF_Youth_Club_Thursdays_Nov_Dec_25_OCF_Youth_Club_Thursdays_Nov_Dec_25_1789331010.xlsx,ocf youth club thursdays (nov -,Youth Club (Mixed),Youth Club,OCF Youth Club Thursdays (Nov - Dec 25),Tue 31st Dec,2025-12-31,NO,0,0,75,0,75,REVIEW_UNCONFIRMED_EMPTY_SESSION,
OCF_Youth_Club_Wednesdays_Jun_Aug_25_OCF_Youth_Club_Wednesdays_Jun_Aug_25_1789331017.xlsx,ocf youth club wednesdays (jun,Youth Club (Mixed),Youth Club,OCF Youth Club Wednesdays (Jun - Aug 25),Tue 5th Nov,2025-11-05,NO,0,0,75,0,75,REVIEW_UNCONFIRMED_EMPTY_SESSION,
OCF_Youth_Club_Wednesdays_Jun_Aug_25_OCF_Youth_Club_Wednesdays_Jun_Aug_25_1789331017.xlsx,ocf youth club wednesdays (jun,Youth Club (Mixed),Youth Club,OCF Youth Club Wednesdays (Jun - Aug 25),Tue 12th Nov,2025-11-12,NO,0,0,75,0,75,REVIEW_UNCONFIRMED_EMPTY_SESSION,
OCF_Youth_Club_Wednesdays_Jun_Aug_25_OCF_Youth_Club_Wednesdays_Jun_Aug_25_1789331017.xlsx,ocf youth club wednesdays (jun,Youth Club (Mixed),Youth Club,OCF Youth Club Wednesdays (Jun - Aug 25),Tue 19th Nov,2025-11-19,NO,0,0,75,0,75,REVIEW_UNCONFIRMED_EMPTY_SESSION,
OCF_Youth_Club_Wednesdays_Jun_Aug_25_OCF_Youth_Club_Wednesdays_Jun_Aug_25_1789331017.xlsx,ocf youth club wednesdays (jun,Youth Club (Mixed),Youth Club,OCF Youth Club Wednesdays (Jun - Aug 25),Tue 26th Nov,2025-11-26,NO,0,0,75,0,75,REVIEW_UNCONFIRMED_EMPTY_SESSION,
OCF_Youth_Club_Wednesdays_Jun_Aug_25_OCF_Youth_Club_Wednesdays_Jun_Aug_25_1789331017.xlsx,ocf youth club wednesdays (jun,Youth Club (Mixed),Youth Club,OCF Youth Club Wednesdays (Jun - Aug 25),Tue 3rd Dec,2025-12-03,NO,0,0,75,0,75,REVIEW_UNCONFIRMED_EMPTY_SESSION,
OCF_Youth_Club_Wednesdays_Jun_Aug_25_OCF_Youth_Club_Wednesdays_Jun_Aug_25_1789331017.xlsx,ocf youth club wednesdays (jun,Youth Club (Mixed),Youth Club,OCF Youth Club Wednesdays (Jun - Aug 25),Tue 10th Dec,2025-12-10,NO,0,0,75,0,75,REVIEW_UNCONFIRMED_EMPTY_SESSION,
OCF_Youth_Club_Wednesdays_Jun_Aug_25_OCF_Youth_Club_Wednesdays_Jun_Aug_25_1789331017.xlsx,ocf youth club wednesdays (jun,Youth Club (Mixed),Youth Club,OCF Youth Club Wednesdays (Jun - Aug 25),Tue 17th Dec,2025-12-17,NO,0,0,75,0,75,REVIEW_UNCONFIRMED_EMPTY_SESSION,
OCF_Youth_Club_Wednesdays_Jun_Aug_25_OCF_Youth_Club_Wednesdays_Jun_Aug_25_1789331017.xlsx,ocf youth club wednesdays (jun,Youth Club (Mixed),Youth Club,OCF Youth Club Wednesdays (Jun - Aug 25),Tue 24th Dec,2025-12-24,NO,0,0,75,0,75,REVIEW_UNCONFIRMED_EMPTY_SESSION,
OCF_Youth_Club_Wednesdays_Jun_Aug_25_OCF_Youth_Club_Wednesdays_Jun_Aug_25_1789331017.xlsx,ocf youth club wednesdays (jun,Youth Club (Mixed),Youth Club,OCF Youth Club Wednesdays (Jun - Aug 25),Tue 31st Dec,2025-12-31,NO,0,0,75,0,75,REVIEW_UNCONFIRMED_EMPTY_SESSION,
OCF_Youth_Club_Wednesdays_Sep_Dec_25_OCF_Youth_Club_Wednesdays_Sep_Dec_25_1789331003.xlsx,ocf youth club wednesdays (sep,Youth Club (Mixed),Youth Club,OCF Youth Club Wednesdays (Sep - Dec 25),Tue 5th Nov,2025-11-05,NO,0,0,75,0,75,REVIEW_UNCONFIRMED_EMPTY_SESSION,
OCF_Youth_Club_Wednesdays_Sep_Dec_25_OCF_Youth_Club_Wednesdays_Sep_Dec_25_1789331003.xlsx,ocf youth club wednesdays (sep,Youth Club (Mixed),Youth Club,OCF Youth Club Wednesdays (Sep - Dec 25),Tue 12th Nov,2025-11-12,NO,0,0,75,0,75,REVIEW_UNCONFIRMED_EMPTY_SESSION,
OCF_Youth_Club_Wednesdays_Sep_Dec_25_OCF_Youth_Club_Wednesdays_Sep_Dec_25_1789331003.xlsx,ocf youth club wednesdays (sep,Youth Club (Mixed),Youth Club,OCF Youth Club Wednesdays (Sep - Dec 25),Tue 19th Nov,2025-11-19,NO,0,0,75,0,75,REVIEW_UNCONFIRMED_EMPTY_SESSION,
OCF_Youth_Club_Wednesdays_Sep_Dec_25_OCF_Youth_Club_Wednesdays_Sep_Dec_25_1789331003.xlsx,ocf youth club wednesdays (sep,Youth Club (Mixed),Youth Club,OCF Youth Club Wednesdays (Sep - Dec 25),Tue 26th Nov,2025-11-26,NO,0,0,75,0,75,REVIEW_UNCONFIRMED_EMPTY_SESSION,
OCF_Youth_Club_Wednesdays_Sep_Dec_25_OCF_Youth_Club_Wednesdays_Sep_Dec_25_1789331003.xlsx,ocf youth club wednesdays (sep,Youth Club (Mixed),Youth Club,OCF Youth Club Wednesdays (Sep - Dec 25),Tue 3rd Dec,2025-12-03,NO,0,0,75,0,75,REVIEW_UNCONFIRMED_EMPTY_SESSION,
OCF_Youth_Club_Wednesdays_Sep_Dec_25_OCF_Youth_Club_Wednesdays_Sep_Dec_25_1789331003.xlsx,ocf youth club wednesdays (sep,Youth Club (Mixed),Youth Club,OCF Youth Club Wednesdays (Sep - Dec 25),Tue 10th Dec,2025-12-10,NO,0,0,75,0,75,REVIEW_UNCONFIRMED_EMPTY_SESSION,
OCF_Youth_Club_Wednesdays_Sep_Dec_25_OCF_Youth_Club_Wednesdays_Sep_Dec_25_1789331003.xlsx,ocf youth club wednesdays (sep,Youth Club (Mixed),Youth Club,OCF Youth Club Wednesdays (Sep - Dec 25),Tue 17th Dec,2025-12-17,NO,0,0,75,0,75,REVIEW_UNCONFIRMED_EMPTY_SESSION,
OCF_Youth_Club_Wednesdays_Sep_Dec_25_OCF_Youth_Club_Wednesdays_Sep_Dec_25_1789331003.xlsx,ocf youth club wednesdays (sep,Youth Club (Mixed),Youth Club,OCF Youth Club Wednesdays (Sep - Dec 25),Tue 24th Dec,2025-12-24,NO,0,0,75,0,75,REVIEW_UNCONFIRMED_EMPTY_SESSION,
OCF_Youth_Club_Wednesdays_Sep_Dec_25_OCF_Youth_Club_Wednesdays_Sep_Dec_25_1789331003.xlsx,ocf youth club wednesdays (sep,Youth Club (Mixed),Youth Club,OCF Youth Club Wednesdays (Sep - Dec 25),Tue 31st Dec,2025-12-31,NO,0,0,75,0,75,REVIEW_UNCONFIRMED_EMPTY_SESSION,
XLR8_Workshops_May_Aug_2025_XLR8_Workshops_May_Aug_2025_1789330899.xlsx,xlr8 workshops (may - aug 2025),XLR8,XLR8,XLR8 Workshops (May - Aug 2025),Wed 7th May,2025-05-07,NO,8,0,14,8,22,DELIVERED_SOURCE_SESSION,
XLR8_Workshops_May_Aug_2025_XLR8_Workshops_May_Aug_2025_1789330899.xlsx,xlr8 workshops (may - aug 2025),XLR8,XLR8,XLR8 Workshops (May - Aug 2025),Wed 14th May,2025-05-14,NO,8,0,14,8,22,DELIVERED_SOURCE_SESSION,
XLR8_Workshops_May_Aug_2025_XLR8_Workshops_May_Aug_2025_1789330899.xlsx,xlr8 workshops (may - aug 2025),XLR8,XLR8,XLR8 Workshops (May - Aug 2025),Wed 21st May,2025-05-21,NO,16,0,6,16,22,DELIVERED_SOURCE_SESSION,
XLR8_Workshops_May_Aug_2025_XLR8_Workshops_May_Aug_2025_1789330899.xlsx,xlr8 workshops (may - aug 2025),XLR8,XLR8,XLR8 Workshops (May - Aug 2025),Wed 11th Jun,2025-06-11,NO,8,0,14,8,22,DELIVERED_SOURCE_SESSION,
XLR8_Workshops_May_Aug_2025_XLR8_Workshops_May_Aug_2025_1789330899.xlsx,xlr8 workshops (may - aug 2025),XLR8,XLR8,XLR8 Workshops (May - Aug 2025),Wed 18th Jun,2025-06-18,NO,10,0,12,10,22,DELIVERED_SOURCE_SESSION,
XLR8_Workshops_May_Aug_2025_XLR8_Workshops_May_Aug_2025_1789330899.xlsx,xlr8 workshops (may - aug 2025),XLR8,XLR8,XLR8 Workshops (May - Aug 2025),Wed 2nd July,2025-07-02,NO,10,0,12,10,22,DELIVERED_SOURCE_SESSION,
XLR8_Workshops_May_Aug_2025_XLR8_Workshops_May_Aug_2025_1789330899.xlsx,xlr8 workshops (may - aug 2025),XLR8,XLR8,XLR8 Workshops (May - Aug 2025),Wed 9th July,2025-07-09,NO,6,0,16,6,22,DELIVERED_SOURCE_SESSION,
XLR8_Workshops_May_Aug_2025_XLR8_Workshops_May_Aug_2025_1789330899.xlsx,xlr8 workshops (may - aug 2025),XLR8,XLR8,XLR8 Workshops (May - Aug 2025),Wed 27th Aug,2025-08-27,NO,10,0,12,10,22,DELIVERED_SOURCE_SESSION,
