source_programme,canonical_activity,session_date,cancelled,start_time,end_time,time_rule,duplicate_count,duplicate_status,source_files,source_headers,matched_yes,matched_no,plan_action,session_id,blocking_reason
Boys Football,Boys Football,2024-11-05,NO,12:00,13:00,weekday:Tuesday,1,UNIQUE,OCF_Football_Tuesdays_Nov_Dec_2024_OCF_Football_Tuesdays_Nov_Dec_2024_1789330908.xlsx,Tue 5th Nov,36,0,CREATE_SESSION,c6636242-b0c7-4ae1-ae4d-def4ec781a8e,
Boys Football,Boys Football,2024-11-12,NO,12:00,13:00,weekday:Tuesday,1,UNIQUE,OCF_Football_Tuesdays_Nov_Dec_2024_OCF_Football_Tuesdays_Nov_Dec_2024_1789330908.xlsx,Tue 12th Nov,35,0,CREATE_SESSION,898b5dc6-a9b9-4481-a39b-6c9fecf05e86,
Boys Football,Boys Football,2024-11-19,NO,12:00,13:00,weekday:Tuesday,1,UNIQUE,OCF_Football_Tuesdays_Nov_Dec_2024_OCF_Football_Tuesdays_Nov_Dec_2024_1789330908.xlsx,Tue 19th Nov,42,0,CREATE_SESSION,9f7aa75e-d57f-4fff-b5fe-2929c09e65e2,
Boys Football,Boys Football,2024-11-26,NO,12:00,13:00,weekday:Tuesday,1,UNIQUE,OCF_Football_Tuesdays_Nov_Dec_2024_OCF_Football_Tuesdays_Nov_Dec_2024_1789330908.xlsx,Tue 26th Nov,43,0,CREATE_SESSION,1076628c-fb44-458a-a582-3330e366fb89,
Boys Football,Boys Football,2024-12-03,NO,12:00,13:00,weekday:Tuesday,1,UNIQUE,OCF_Football_Tuesdays_Nov_Dec_2024_OCF_Football_Tuesdays_Nov_Dec_2024_1789330908.xlsx,Tue 3rd Dec,42,0,CREATE_SESSION,d51be277-ff78-48b0-a592-ed300f693afd,
Boys Football,Boys Football,2024-12-10,NO,12:00,13:00,weekday:Tuesday,1,UNIQUE,OCF_Football_Tuesdays_Nov_Dec_2024_OCF_Football_Tuesdays_Nov_Dec_2024_1789330908.xlsx,Tue 10th Dec,31,0,CREATE_SESSION,179de861-d45c-428b-830c-09e66f27c3fb,
Boys Football,Boys Football,2024-12-17,NO,12:00,13:00,weekday:Tuesday,1,UNIQUE,OCF_Football_Tuesdays_Nov_Dec_2024_OCF_Football_Tuesdays_Nov_Dec_2024_1789330908.xlsx,Tue 17th Dec,43,0,CREATE_SESSION,364ff518-d82a-4f59-92f9-2d78290195bb,
Boys Football,Boys Football,2024-12-24,NO,12:00,13:00,weekday:Tuesday,1,UNIQUE,OCF_Football_Tuesdays_Nov_Dec_2024_OCF_Football_Tuesdays_Nov_Dec_2024_1789330908.xlsx,Tue 24th Dec,42,0,CREATE_SESSION,a82a05a5-4014-4cbe-a834-c65b280546f3,
Boys Football,Boys Football,2024-12-31,NO,12:00,13:00,weekday:Tuesday,1,UNIQUE,OCF_Football_Tuesdays_Nov_Dec_2024_OCF_Football_Tuesdays_Nov_Dec_2024_1789330908.xlsx,Tue 31st Dec,41,0,CREATE_SESSION,0221acc3-1f50-468e-9e51-1a12ce399e91,
Boys Football,Boys Football,2025-01-14,NO,12:00,13:00,weekday:Tuesday,1,UNIQUE,OCF_Football_Tuesdays_Jan_Apr_2025_OCF_Football_Tuesdays_Jan_Apr_25_1789330916.xlsx,Tue 14th Jan,38,0,CREATE_SESSION,5c1f1dfd-4a68-44ed-b465-4f3e795f50ba,
Boys Football,Boys Football,2025-01-21,NO,12:00,13:00,weekday:Tuesday,1,UNIQUE,OCF_Football_Tuesdays_Jan_Apr_2025_OCF_Football_Tuesdays_Jan_Apr_25_1789330916.xlsx,Tue 21st Jan,45,0,CREATE_SESSION,084ad3b6-5927-4630-aeb9-b014b4068aad,
Boys Football,Boys Football,2025-01-28,NO,12:00,13:00,weekday:Tuesday,1,UNIQUE,OCF_Football_Tuesdays_Jan_Apr_2025_OCF_Football_Tuesdays_Jan_Apr_25_1789330916.xlsx,Tue 28th Jan,44,0,CREATE_SESSION,158abb3b-8749-4c86-947d-fd959b1e774d,
Boys Football,Boys Football,2025-02-04,NO,12:00,13:00,weekday:Tuesday,1,UNIQUE,OCF_Football_Tuesdays_Jan_Apr_2025_OCF_Football_Tuesdays_Jan_Apr_25_1789330916.xlsx,Tue 4th Feb,47,0,CREATE_SESSION,bb66cce5-f022-44e8-bf9a-5b2746a85fef,
Boys Football,Boys Football,2025-02-11,NO,12:00,13:00,weekday:Tuesday,1,UNIQUE,OCF_Football_Tuesdays_Jan_Apr_2025_OCF_Football_Tuesdays_Jan_Apr_25_1789330916.xlsx,Tue 11th Feb,47,0,CREATE_SESSION,35834e38-a736-4a52-9042-8515037986f8,
Boys Football,Boys Football,2025-02-18,NO,12:00,13:00,weekday:Tuesday,1,UNIQUE,OCF_Football_Tuesdays_Jan_Apr_2025_OCF_Football_Tuesdays_Jan_Apr_25_1789330916.xlsx,Tue 18th Feb,45,0,CREATE_SESSION,fe061db7-1c63-48b6-9940-d2d6296ed561,
Boys Football,Boys Football,2025-02-25,NO,12:00,13:00,weekday:Tuesday,1,UNIQUE,OCF_Football_Tuesdays_Jan_Apr_2025_OCF_Football_Tuesdays_Jan_Apr_25_1789330916.xlsx,Tue 25th Feb,42,0,CREATE_SESSION,09985014-2dbc-4883-8dea-4577e0ca3075,
Boys Football,Boys Football,2025-04-01,NO,12:00,13:00,weekday:Tuesday,1,UNIQUE,OCF_Football_Tuesdays_Jan_Apr_2025_OCF_Football_Tuesdays_Jan_Apr_25_1789330916.xlsx,Tue 1st April,45,0,CREATE_SESSION,8720cfbf-9a5d-4d51-b96a-fa6abe5ed713,
Boys Football,Boys Football,2025-04-08,NO,12:00,13:00,weekday:Tuesday,1,UNIQUE,OCF_Football_Tuesdays_Jan_Apr_2025_OCF_Football_Tuesdays_Jan_Apr_25_1789330916.xlsx,Tue 8th April,43,0,CREATE_SESSION,716742d0-e934-4fd0-91f6-9cfe6b4e12cd,
Boys Football,Boys Football,2025-04-15,NO,12:00,13:00,weekday:Tuesday,1,UNIQUE,OCF_Football_Tuesdays_Jan_Apr_2025_OCF_Football_Tuesdays_Jan_Apr_25_1789330916.xlsx,Tue 15th April,52,0,CREATE_SESSION,5183c191-a1e6-4ea2-8b99-f73c563fb6d6,
Boys Football,Boys Football,2025-04-22,NO,12:00,13:00,weekday:Tuesday,1,UNIQUE,OCF_Football_Tuesdays_Jan_Apr_2025_OCF_Football_Tuesdays_Jan_Apr_25_1789330916.xlsx,Tue 22nd April,50,0,CREATE_SESSION,8b889d64-6dca-4b8b-9b98-9e4d9424f7a3,
Boys Football,Boys Football,2025-05-05,NO,12:00,13:00,default,1,UNIQUE,OCF_Football_Tuesdays_May_Aug_2025_OCF_Football_Tuesdays_May_Aug_25_1789330923.xlsx,Tue 5th May,39,0,CREATE_SESSION,950eb70e-1065-4e58-a1c0-2f3a7a996848,
Boys Football,Boys Football,2025-05-12,NO,12:00,13:00,default,1,UNIQUE,OCF_Football_Tuesdays_May_Aug_2025_OCF_Football_Tuesdays_May_Aug_25_1789330923.xlsx,Tue 12th May,46,0,CREATE_SESSION,ddadc65e-a056-4fbc-94d3-a08aa8f4d37a,
Boys Football,Boys Football,2025-05-19,NO,12:00,13:00,default,1,UNIQUE,OCF_Football_Tuesdays_May_Aug_2025_OCF_Football_Tuesdays_May_Aug_25_1789330923.xlsx,Tue 19th May,47,0,CREATE_SESSION,8d3b1e3f-e799-41dc-a689-a55ce380daf5,
Boys Football,Boys Football,2025-05-26,NO,12:00,13:00,default,1,UNIQUE,OCF_Football_Tuesdays_May_Aug_2025_OCF_Football_Tuesdays_May_Aug_25_1789330923.xlsx,Tue 26th May,46,0,CREATE_SESSION,54d08a4b-efec-4d37-b4f4-84fe1acff024,
Boys Football,Boys Football,2025-06-02,NO,12:00,13:00,default,1,UNIQUE,OCF_Football_Tuesdays_May_Aug_2025_OCF_Football_Tuesdays_May_Aug_25_1789330923.xlsx,Tue 2nd June,48,0,CREATE_SESSION,92fd142a-36e0-4066-9b50-a394a8d2977a,
Boys Football,Boys Football,2025-06-09,NO,12:00,13:00,default,1,UNIQUE,OCF_Football_Tuesdays_May_Aug_2025_OCF_Football_Tuesdays_May_Aug_25_1789330923.xlsx,Tue 9th June,42,0,CREATE_SESSION,f8e16127-19f4-44f7-bee6-354475538ffe,
Boys Football,Boys Football,2025-06-16,NO,12:00,13:00,default,1,UNIQUE,OCF_Football_Tuesdays_May_Aug_2025_OCF_Football_Tuesdays_May_Aug_25_1789330923.xlsx,Tue 16th June,46,0,CREATE_SESSION,508b6af0-52fe-4e54-b075-6e5c28af6dd1,
Boys Football,Boys Football,2025-06-23,NO,12:00,13:00,default,1,UNIQUE,OCF_Football_Tuesdays_May_Aug_2025_OCF_Football_Tuesdays_May_Aug_25_1789330923.xlsx,Tue 23rd June,51,0,CREATE_SESSION,b634e0d8-724b-49b4-86fb-4f41460c13a9,
Boys Football,Boys Football,2025-06-30,NO,12:00,13:00,default,1,UNIQUE,OCF_Football_Tuesdays_May_Aug_2025_OCF_Football_Tuesdays_May_Aug_25_1789330923.xlsx,Tue 30th June,49,0,CREATE_SESSION,a648991d-9f1f-4687-837f-157a26064487,
Boys Football,Boys Football,2025-07-08,NO,12:00,13:00,weekday:Tuesday,1,UNIQUE,OCF_Football_Tuesdays_May_Aug_2025_OCF_Football_Tuesdays_May_Aug_25_1789330923.xlsx,Tue 8th July,50,0,CREATE_SESSION,9183bce3-bfdc-4726-b83d-41ff317dcc9c,
Boys Football,Boys Football,2025-07-15,NO,12:00,13:00,weekday:Tuesday,1,UNIQUE,OCF_Football_Tuesdays_May_Aug_2025_OCF_Football_Tuesdays_May_Aug_25_1789330923.xlsx,Tue 15th July,53,0,CREATE_SESSION,cc926178-7aa9-4aa4-a6e8-8ac8186dc782,
Boys Football,Boys Football,2025-07-22,NO,12:00,13:00,weekday:Tuesday,1,UNIQUE,OCF_Football_Tuesdays_May_Aug_2025_OCF_Football_Tuesdays_May_Aug_25_1789330923.xlsx,Tue 22nd July,45,0,CREATE_SESSION,32c9d3c3-7dc5-4090-8965-95c34eb80e58,
Boys Football,Boys Football,2025-07-29,NO,12:00,13:00,weekday:Tuesday,1,UNIQUE,OCF_Football_Tuesdays_May_Aug_2025_OCF_Football_Tuesdays_May_Aug_25_1789330923.xlsx,Tue 29th July,44,0,CREATE_SESSION,d348bde5-0fdd-4690-9fcb-ceda692e6ff6,
Boys Football,Boys Football,2025-08-05,NO,12:00,13:00,weekday:Tuesday,1,UNIQUE,OCF_Football_Tuesdays_May_Aug_2025_OCF_Football_Tuesdays_May_Aug_25_1789330923.xlsx,Tue 5th Aug,49,0,CREATE_SESSION,31fa9deb-59c4-4da8-a92e-bec45fffcb62,
Boys Football,Boys Football,2025-08-12,NO,12:00,13:00,weekday:Tuesday,1,UNIQUE,OCF_Football_Tuesdays_May_Aug_2025_OCF_Football_Tuesdays_May_Aug_25_1789330923.xlsx,Tue 12th Aug,49,0,CREATE_SESSION,7e6a7610-af1b-4493-8ccf-16db0f32d087,
Boys Football,Boys Football,2025-08-19,NO,12:00,13:00,weekday:Tuesday,1,UNIQUE,OCF_Football_Tuesdays_May_Aug_2025_OCF_Football_Tuesdays_May_Aug_25_1789330923.xlsx,Tue 19th Aug,48,0,CREATE_SESSION,5b8a688c-0f90-4b07-a5a5-6784b0ed86ec,
Boys Football,Boys Football,2025-08-26,NO,12:00,13:00,weekday:Tuesday,1,UNIQUE,OCF_Football_Tuesdays_May_Aug_2025_OCF_Football_Tuesdays_May_Aug_25_1789330923.xlsx,Tue 26th Aug,38,0,CREATE_SESSION,f7ee4432-c0fc-48c5-a983-7919fa8cc3b0,
Boys Football,Boys Football,2025-09-02,NO,12:00,13:00,weekday:Tuesday,1,UNIQUE,OCF_Football_Tuesdays_Sep_Nov_2025_OCF_Football_Tuesdays_Sep_Nov_25_1789330931.xlsx,Tue 2th sep,38,16,CREATE_SESSION,5dfdd672-3ac2-4bd7-a40f-d46d52ba5fbc,
Boys Football,Boys Football,2025-09-09,NO,12:00,13:00,weekday:Tuesday,1,UNIQUE,OCF_Football_Tuesdays_Sep_Nov_2025_OCF_Football_Tuesdays_Sep_Nov_25_1789330931.xlsx,Tue 9th sep,34,0,CREATE_SESSION,7e6960df-54d3-45ee-8a52-667e06ba7af2,
Boys Football,Boys Football,2025-09-16,NO,12:00,13:00,weekday:Tuesday,1,UNIQUE,OCF_Football_Tuesdays_Sep_Nov_2025_OCF_Football_Tuesdays_Sep_Nov_25_1789330931.xlsx,Tue 16th sep,40,0,CREATE_SESSION,ca909626-32b2-474b-ae2d-cd55ed89ed76,
Boys Football,Boys Football,2025-09-23,NO,12:00,13:00,weekday:Tuesday,1,UNIQUE,OCF_Football_Tuesdays_Sep_Nov_2025_OCF_Football_Tuesdays_Sep_Nov_25_1789330931.xlsx,Tue 23th sep,40,0,CREATE_SESSION,a009086f-9cc8-4084-8224-4c2512db563b,
Boys Football,Boys Football,2025-09-30,NO,12:00,13:00,weekday:Tuesday,1,UNIQUE,OCF_Football_Tuesdays_Sep_Nov_2025_OCF_Football_Tuesdays_Sep_Nov_25_1789330931.xlsx,Tue 30th Sep,40,0,CREATE_SESSION,d6842f8b-ce0a-4293-9088-5fa0a24a003a,
Boys Football,Boys Football,2025-10-07,NO,12:00,13:00,weekday:Tuesday,1,UNIQUE,OCF_Football_Tuesdays_Sep_Nov_2025_OCF_Football_Tuesdays_Sep_Nov_25_1789330931.xlsx,Tue 7th oct,39,0,CREATE_SESSION,6ae3042c-2cd9-4e38-abf4-beb79227ab76,
Boys Football,Boys Football,2025-10-14,NO,12:00,13:00,weekday:Tuesday,1,UNIQUE,OCF_Football_Tuesdays_Sep_Nov_2025_OCF_Football_Tuesdays_Sep_Nov_25_1789330931.xlsx,Tue 14th oct,37,1,CREATE_SESSION,f33a947b-01b5-4874-8d49-47a83a1380c7,
Boys Football,Boys Football,2025-10-21,NO,12:00,13:00,weekday:Tuesday,1,UNIQUE,OCF_Football_Tuesdays_Sep_Nov_2025_OCF_Football_Tuesdays_Sep_Nov_25_1789330931.xlsx,Tue 21th oct,43,0,CREATE_SESSION,4630ae8c-1ca9-4a41-bfa2-65436a8b819f,
Boys Football,Boys Football,2025-10-28,NO,12:00,13:00,weekday:Tuesday,1,UNIQUE,OCF_Football_Tuesdays_Sep_Nov_2025_OCF_Football_Tuesdays_Sep_Nov_25_1789330931.xlsx,Tue 28th oct,32,1,CREATE_SESSION,07cd6bd2-1009-4583-a030-c02ff60d5a45,
Boys Football,Boys Football,2025-11-04,NO,12:00,13:00,weekday:Tuesday,1,UNIQUE,OCF_Football_Tuesdays_Sep_Nov_2025_OCF_Football_Tuesdays_Sep_Nov_25_1789330931.xlsx,Tue 4th nov,34,0,CREATE_SESSION,ecf018d6-b455-4210-b2e9-02f7c30a779c,
Boys Football,Boys Football,2025-11-11,NO,12:00,13:00,weekday:Tuesday,1,UNIQUE,OCF_Football_Tuesdays_Sep_Nov_2025_OCF_Football_Tuesdays_Sep_Nov_25_1789330931.xlsx,Tue 11th Nov,34,0,CREATE_SESSION,16223d01-22a4-4d4e-9aad-b1103ab73276,
Boys Football,Boys Football,2025-11-18,NO,12:00,13:00,weekday:Tuesday,1,UNIQUE,OCF_Football_Tuesdays_Sep_Nov_2025_OCF_Football_Tuesdays_Sep_Nov_25_1789330931.xlsx,Tue 18th Nov,31,0,CREATE_SESSION,6ed2da67-5bd5-42b4-8aa0-74acd84cf8f8,
Boys Football,Boys Football,2025-11-25,NO,12:00,13:00,weekday:Tuesday,1,UNIQUE,OCF_Football_Tuesdays_Sep_Nov_2025_OCF_Football_Tuesdays_Sep_Nov_25_1789330931.xlsx,Tue 25th Nov,17,0,CREATE_SESSION,781bb791-bcd7-4947-bc80-9ded2e7cbb33,
Boys Football,Boys Football,2025-12-09,NO,12:00,13:00,weekday:Tuesday,1,UNIQUE,OCF_Football_Tuesdays_Dec_2025_OCF_Football_Tuesdays_Dec_25_1789330938.xlsx,Tue 9th dec,43,0,CREATE_SESSION,092b40ab-fc14-418c-ba2e-72cafa6c21d9,
Boys Football,Boys Football,2025-12-16,NO,12:00,13:00,weekday:Tuesday,1,UNIQUE,OCF_Football_Tuesdays_Dec_2025_OCF_Football_Tuesdays_Dec_25_1789330938.xlsx,Tue 16th dec,36,0,CREATE_SESSION,2e7b7eba-e1d6-40f8-9ceb-527bcc5f4f37,
Boys Football,Boys Football,2025-12-23,NO,12:00,13:00,weekday:Tuesday,1,UNIQUE,OCF_Football_Tuesdays_Dec_2025_OCF_Football_Tuesdays_Dec_25_1789330938.xlsx,Tue 23rd dec,40,0,CREATE_SESSION,22845cbc-59db-4220-8f03-32d8f5051417,
Boys Football,Boys Football,2025-12-30,NO,12:00,13:00,weekday:Tuesday,1,UNIQUE,OCF_Football_Tuesdays_Dec_2025_OCF_Football_Tuesdays_Dec_25_1789330938.xlsx,Tue 30th dec,41,0,CREATE_SESSION,fa78dca7-8a84-4bdc-bfe7-2da98f8e7b52,
Boys Football,Boys Football,2026-01-06,NO,12:00,13:00,weekday:Tuesday,1,UNIQUE,OCF_Football_Tuesdays_Jan_March_2026_OCF_Football_Tuesdays_Jan_March_2026_1789330945.xlsx,Tue 6th Jan,37,0,CREATE_SESSION,eae4ccef-57b5-45e8-a968-e8af1050947b,
Boys Football,Boys Football,2026-01-13,NO,12:00,13:00,weekday:Tuesday,1,UNIQUE,OCF_Football_Tuesdays_Jan_March_2026_OCF_Football_Tuesdays_Jan_March_2026_1789330945.xlsx,Tue 13th Jan,46,0,CREATE_SESSION,57eb4c54-0046-4b93-ace6-56540d9acd70,
Boys Football,Boys Football,2026-01-20,NO,12:00,13:00,weekday:Tuesday,1,UNIQUE,OCF_Football_Tuesdays_Jan_March_2026_OCF_Football_Tuesdays_Jan_March_2026_1789330945.xlsx,Tue 20th Jan,35,0,CREATE_SESSION,e07cd057-dacc-4f23-8c9a-306801cb4687,
Boys Football,Boys Football,2026-01-27,NO,12:00,13:00,weekday:Tuesday,1,UNIQUE,OCF_Football_Tuesdays_Jan_March_2026_OCF_Football_Tuesdays_Jan_March_2026_1789330945.xlsx,Tue 27th Jan,46,0,CREATE_SESSION,205d4484-ee47-405e-82ab-1d5a79c52f9d,
Boys Football,Boys Football,2026-02-03,NO,12:00,13:00,weekday:Tuesday,1,UNIQUE,OCF_Football_Tuesdays_Jan_March_2026_OCF_Football_Tuesdays_Jan_March_2026_1789330945.xlsx,Tue 3rd Feb,48,0,CREATE_SESSION,85ff99b9-48b2-4288-939a-67c6635a9ec0,
Boys Football,Boys Football,2026-02-10,NO,12:00,13:00,weekday:Tuesday,1,UNIQUE,OCF_Football_Tuesdays_Jan_March_2026_OCF_Football_Tuesdays_Jan_March_2026_1789330945.xlsx,Tue 10th Feb,42,0,CREATE_SESSION,3afa3113-b09c-4fef-b659-18c6351f029f,
Boys Football,Boys Football,2026-02-17,NO,12:00,13:00,weekday:Tuesday,1,UNIQUE,OCF_Football_Tuesdays_Jan_March_2026_OCF_Football_Tuesdays_Jan_March_2026_1789330945.xlsx,Tue 17th Feb,46,0,CREATE_SESSION,32af62a7-983f-43b2-8713-aaa05d4cdb91,
Boys Football,Boys Football,2026-02-24,NO,12:00,13:00,weekday:Tuesday,1,UNIQUE,OCF_Football_Tuesdays_Jan_March_2026_OCF_Football_Tuesdays_Jan_March_2026_1789330945.xlsx,Tue 24th Feb,51,0,CREATE_SESSION,0f6b00f7-5afc-470f-95b1-45758bbfab74,
Boys Football,Boys Football,2026-04-07,NO,12:00,13:00,weekday:Tuesday,1,UNIQUE,OCF_Football_Tuesdays_April_June_2026_OCF_Football_Tuesdays_April_June_2026_1789330952.xlsx,Tue 7th Apr,40,0,CREATE_SESSION,58d1d57f-ff83-4077-887b-416072f173b2,
Boys Football,Boys Football,2026-04-14,NO,12:00,13:00,weekday:Tuesday,1,UNIQUE,OCF_Football_Tuesdays_April_June_2026_OCF_Football_Tuesdays_April_June_2026_1789330952.xlsx,Tue 14th Apr,46,0,CREATE_SESSION,38150d3c-7bb9-41a2-bb5b-a3e2e049352a,
Boys Football,Boys Football,2026-04-21,NO,12:00,13:00,weekday:Tuesday,1,UNIQUE,OCF_Football_Tuesdays_April_June_2026_OCF_Football_Tuesdays_April_June_2026_1789330952.xlsx,Tue 21st Apr,38,0,CREATE_SESSION,3dbfdc83-67c6-466f-90e5-2d77f5500a69,
Boys Football,Boys Football,2026-04-28,NO,12:00,13:00,weekday:Tuesday,1,UNIQUE,OCF_Football_Tuesdays_April_June_2026_OCF_Football_Tuesdays_April_June_2026_1789330952.xlsx,Tue 28th Apr,46,0,CREATE_SESSION,dbc1ec9a-1177-427b-bb66-e1f3cbf9e1e7,
Boys Football,Boys Football,2026-05-05,NO,12:00,13:00,weekday:Tuesday,1,UNIQUE,OCF_Football_Tuesdays_April_June_2026_OCF_Football_Tuesdays_April_June_2026_1789330952.xlsx,Tue 5th May,47,0,CREATE_SESSION,9a3c3b78-63dd-458f-a12e-50b10e7b04da,
Boys Football,Boys Football,2026-05-12,NO,12:00,13:00,weekday:Tuesday,1,UNIQUE,OCF_Football_Tuesdays_April_June_2026_OCF_Football_Tuesdays_April_June_2026_1789330952.xlsx,Tue 12th May,40,0,CREATE_SESSION,e77cd424-a4be-4a51-9e9b-6b4930db3599,
Boys Football,Boys Football,2026-05-19,NO,12:00,13:00,weekday:Tuesday,1,UNIQUE,OCF_Football_Tuesdays_April_June_2026_OCF_Football_Tuesdays_April_June_2026_1789330952.xlsx,Tue 19th May,48,0,CREATE_SESSION,1f38d972-7d7d-4401-b205-5d6b36b3e163,
Boys Football,Boys Football,2026-05-26,NO,12:00,13:00,weekday:Tuesday,1,UNIQUE,OCF_Football_Tuesdays_April_June_2026_OCF_Football_Tuesdays_April_June_2026_1789330952.xlsx,Tue 26th May,52,0,CREATE_SESSION,172b8848-4b7d-4383-8553-7cbe04949908,
Boys Football,Boys Football,2026-06-02,NO,12:00,13:00,weekday:Tuesday,1,UNIQUE,OCF_Football_Tuesdays_April_June_2026_OCF_Football_Tuesdays_April_June_2026_1789330952.xlsx,tue 2nd jun,30,0,CREATE_SESSION,d0c30039-86f4-4ff1-87d7-ed93fb0b5063,
Boys Football,Boys Football,2026-06-09,NO,12:00,13:00,weekday:Tuesday,1,UNIQUE,OCF_Football_Tuesdays_April_June_2026_OCF_Football_Tuesdays_April_June_2026_1789330952.xlsx,tus 9th jun,34,0,CREATE_SESSION,ecd97b96-dcbf-4186-abda-b3f995f4fb41,
Boys Football,Boys Football,2026-06-16,NO,12:00,13:00,weekday:Tuesday,1,UNIQUE,OCF_Football_Tuesdays_April_June_2026_OCF_Football_Tuesdays_April_June_2026_1789330952.xlsx,tue 16th jun,39,0,CREATE_SESSION,e3e582c7-cef9-4ea0-80ae-497e7935b482,
Boys Football,Boys Football,2026-07-07,NO,12:00,13:00,weekday:Tuesday,1,UNIQUE,OCF_Football_Tuesdays_April_June_2026_OCF_Football_Tuesdays_April_June_2026_1789330952.xlsx,tue 7th jul,41,0,CREATE_SESSION,bfe4fe31-197a-4e0c-a745-ea2d71fcef67,
Boys Football,Boys Football,2026-07-14,NO,12:00,13:00,weekday:Tuesday,1,UNIQUE,OCF_Football_Tuesdays_April_June_2026_OCF_Football_Tuesdays_April_June_2026_1789330952.xlsx,tur 14th jul,35,0,CREATE_SESSION,2015d2e0-80b2-4820-9ea8-a70459d65a87,
Boys Football,Boys Football,2026-07-21,NO,12:00,13:00,weekday:Tuesday,1,UNIQUE,OCF_Football_Tuesdays_April_June_2026_OCF_Football_Tuesdays_April_June_2026_1789330952.xlsx,tue 21th jul,39,0,CREATE_SESSION,f070c7fe-834b-41f4-898e-3531e81646ed,
Boys Football,Boys Football,2026-07-28,NO,12:00,13:00,weekday:Tuesday,1,UNIQUE,OCF_Football_Tuesdays_April_June_2026_OCF_Football_Tuesdays_April_June_2026_1789330952.xlsx,tue 28th jul,43,0,CREATE_SESSION,26105e65-3a8b-48e7-87d6-ae97c17c8508,
Boys Football,Boys Football,2026-08-04,NO,12:00,13:00,weekday:Tuesday,1,UNIQUE,OCF_Football_Tuesdays_April_June_2026_OCF_Football_Tuesdays_April_June_2026_1789330952.xlsx,tue 4th aug,36,0,CREATE_SESSION,e023e8a7-3a6b-4a17-86bd-9df1c05cb5c1,
Boys Football,Boys Football,2026-08-11,NO,12:00,13:00,weekday:Tuesday,1,UNIQUE,OCF_Football_Tuesdays_April_June_2026_OCF_Football_Tuesdays_April_June_2026_1789330952.xlsx,tue 11 aug,4,0,CREATE_SESSION,fd9942e3-eb7e-4fbc-9d05-f5a0ea193ff9,
Girls Cricket,Girl's Cricket,2026-04-07,NO,12:00,13:00,default,1,UNIQUE,Girls_Cricket_Attendance_Apr_Jun_26_Girls_Youth_Club_Apr_Jun_26_Attendance_1789330107.xlsx,Tue 7th Apr,0,0,CREATE_SESSION,b646716b-f19a-4506-9158-3d3aad51b6d9,
Girls Cricket,Girl's Cricket,2026-04-14,NO,12:00,13:00,default,1,UNIQUE,Girls_Cricket_Attendance_Apr_Jun_26_Girls_Youth_Club_Apr_Jun_26_Attendance_1789330107.xlsx,Tue 14th Apr,8,0,CREATE_SESSION,457a2f8e-f93a-4b51-829e-045a877e167f,
Girls Cricket,Girl's Cricket,2026-04-21,NO,12:00,13:00,default,1,UNIQUE,Girls_Cricket_Attendance_Apr_Jun_26_Girls_Youth_Club_Apr_Jun_26_Attendance_1789330107.xlsx,Tue 21st Apr,8,0,CREATE_SESSION,ba1845fa-abac-4e4c-b7a1-36f29dfd0dbf,
Girls Cricket,Girl's Cricket,2026-04-28,NO,12:00,13:00,default,1,UNIQUE,Girls_Cricket_Attendance_Apr_Jun_26_Girls_Youth_Club_Apr_Jun_26_Attendance_1789330107.xlsx,Tue 28th Apr,1,0,CREATE_SESSION,32507a17-4f04-4dd1-ac60-2a05f00a8162,
Girls Cricket,Girl's Cricket,2026-07-07,NO,12:00,13:00,default,1,UNIQUE,Girls_Cricket_Attendance_Apr_Jun_26_Girls_Youth_Club_Apr_Jun_26_Attendance_1789330107.xlsx,Tue 7th July,3,0,CREATE_SESSION,f2886657-5c6f-4a05-aebe-65f693e72674,
Girls Cricket,Girl's Cricket,2026-07-14,NO,12:00,13:00,default,1,UNIQUE,Girls_Cricket_Attendance_Apr_Jun_26_Girls_Youth_Club_Apr_Jun_26_Attendance_1789330107.xlsx,Tue 14th July,2,0,CREATE_SESSION,069d543e-e215-49c0-9a9f-6ea748216fc0,
Girls Cricket,Girl's Cricket,2026-07-21,NO,12:00,13:00,default,1,UNIQUE,Girls_Cricket_Attendance_Apr_Jun_26_Girls_Youth_Club_Apr_Jun_26_Attendance_1789330107.xlsx,Tue 21st July,2,0,CREATE_SESSION,db90d1f8-1212-4b27-a9ca-828303370f6d,
Girls Cricket,Girl's Cricket,2026-07-28,NO,12:00,13:00,default,1,UNIQUE,Girls_Cricket_Attendance_Apr_Jun_26_Girls_Youth_Club_Apr_Jun_26_Attendance_1789330107.xlsx,Tue 28th July,4,0,CREATE_SESSION,4a23a928-62c9-4cb2-ad3b-9f1ef3f22022,
Girls Cricket,Girl's Cricket,2026-08-04,NO,12:00,13:00,default,1,UNIQUE,Girls_Cricket_Attendance_Apr_Jun_26_Girls_Youth_Club_Apr_Jun_26_Attendance_1789330107.xlsx,Tue 4th Aug,0,0,CREATE_SESSION,cce7323c-cce5-43a3-a5fb-b8c3fd2006ae,
Girls Cricket,Girl's Cricket,2026-08-11,NO,12:00,13:00,default,1,UNIQUE,Girls_Cricket_Attendance_Apr_Jun_26_Girls_Youth_Club_Apr_Jun_26_Attendance_1789330107.xlsx,Tue 11th Aug,0,0,CREATE_SESSION,05f3e7cd-eca7-479f-bf2d-6c51b39f3f0e,
Girls Football,Girls Football,2025-06-11,NO,12:00,13:00,weekday:Wednesday,1,UNIQUE,Girls_Football_Attendance_Jun_Girls_Football_Wednesdays_June_2025_1789330758.xlsx,Wed 11th Jun,15,0,CREATE_SESSION,5b0afd8d-3e4c-4fde-ab25-cdfb333c07f7,
Girls Football,Girls Football,2025-06-18,NO,12:00,13:00,weekday:Wednesday,1,UNIQUE,Girls_Football_Attendance_Jun_Girls_Football_Wednesdays_June_2025_1789330758.xlsx,Wed 18th Jun,12,0,CREATE_SESSION,b98e9b8b-8bcf-4cd4-8314-35022531064b,
Girls Football,Girls Football,2025-06-25,NO,12:00,13:00,weekday:Wednesday,1,UNIQUE,Girls_Football_Attendance_Jun_Girls_Football_Wednesdays_June_2025_1789330758.xlsx,Wed 25th Jun,15,0,CREATE_SESSION,3526626b-42e9-405f-bdcf-c15a6a850bef,
Girls Football,Girls Football,2025-07-02,NO,12:00,13:00,weekday:Wednesday,1,UNIQUE,Girls_Football_Attendance_July_Sep_Girls_Football_Wednesdays_Tuesdays_July_Sep_25_1789330765.xlsx,Wed 2nd July,18,0,CREATE_SESSION,310846c0-f1b3-4586-b140-75b9b748414f,
Girls Football,Girls Football,2025-07-09,NO,12:00,13:00,weekday:Wednesday,1,UNIQUE,Girls_Football_Attendance_July_Sep_Girls_Football_Wednesdays_Tuesdays_July_Sep_25_1789330765.xlsx,Wed 9th July,14,0,CREATE_SESSION,a081fc26-125f-4e75-a800-8fe3a9d86e9b,
Girls Football,Girls Football,2025-07-16,NO,12:00,13:00,weekday:Wednesday,1,UNIQUE,Girls_Football_Attendance_July_Sep_Girls_Football_Wednesdays_Tuesdays_July_Sep_25_1789330765.xlsx,Wed 16th July,18,0,CREATE_SESSION,bf6c5fbf-9431-43a3-affc-2caa4e9f74db,
Girls Football,Girls Football,2025-07-23,NO,12:00,13:00,weekday:Wednesday,1,UNIQUE,Girls_Football_Attendance_July_Sep_Girls_Football_Wednesdays_Tuesdays_July_Sep_25_1789330765.xlsx,Wed 23rd July,15,0,CREATE_SESSION,c190817b-3abe-461e-afc6-78a1a8829533,
Girls Football,Girls Football,2025-07-30,NO,12:00,13:00,weekday:Wednesday,1,UNIQUE,Girls_Football_Attendance_July_Sep_Girls_Football_Wednesdays_Tuesdays_July_Sep_25_1789330765.xlsx,Wed 30th July,21,0,CREATE_SESSION,3e355d07-4b21-4b4c-9d0d-7a67e53c5e5b,
Girls Football,Girls Football,2025-08-06,NO,12:00,13:00,weekday:Wednesday,1,UNIQUE,Girls_Football_Attendance_July_Sep_Girls_Football_Wednesdays_Tuesdays_July_Sep_25_1789330765.xlsx,Wed 6th Aug,11,0,CREATE_SESSION,1e7c63e5-ce11-439e-a8ae-9af4f8514f4a,
Girls Football,Girls Football,2025-08-13,NO,12:00,13:00,weekday:Wednesday,1,UNIQUE,Girls_Football_Attendance_July_Sep_Girls_Football_Wednesdays_Tuesdays_July_Sep_25_1789330765.xlsx,Wed 13th Aug,17,0,CREATE_SESSION,82b75107-90d1-4e19-941a-0424af6aa7d9,
Girls Football,Girls Football,2025-08-20,NO,12:00,13:00,weekday:Wednesday,1,UNIQUE,Girls_Football_Attendance_July_Sep_Girls_Football_Wednesdays_Tuesdays_July_Sep_25_1789330765.xlsx,Wed 20th Aug,17,0,CREATE_SESSION,8a9656d3-a484-4a75-94b6-7b26ad016f4f,
Girls Football,Girls Football,2025-08-27,NO,12:00,13:00,weekday:Wednesday,1,UNIQUE,Girls_Football_Attendance_July_Sep_Girls_Football_Wednesdays_Tuesdays_July_Sep_25_1789330765.xlsx,Wed 27th Aug,10,0,CREATE_SESSION,364d947c-22aa-4129-a856-e5f623b40025,
Girls Football,Girls Football,2025-09-03,NO,12:00,13:00,weekday:Wednesday,1,UNIQUE,Girls_Football_Attendance_July_Sep_Girls_Football_Wednesdays_Tuesdays_July_Sep_25_1789330765.xlsx,Wed 3rd Sep,11,0,CREATE_SESSION,4a0dd2a8-bb8e-4c52-9975-e5f76f711196,
Girls Football,Girls Football,2025-09-10,NO,12:00,13:00,weekday:Wednesday,1,UNIQUE,Girls_Football_Attendance_July_Sep_Girls_Football_Wednesdays_Tuesdays_July_Sep_25_1789330765.xlsx,Wed 10th Sep,11,0,CREATE_SESSION,b0918b57-6421-4099-90b9-aee54fb57c16,
Girls Football,Girls Football,2025-09-16,NO,12:00,13:00,weekday:Tuesday,1,UNIQUE,Girls_Football_Attendance_July_Sep_Girls_Football_Wednesdays_Tuesdays_July_Sep_25_1789330765.xlsx,Tue 16 Sep,16,0,CREATE_SESSION,aaf0b5b3-d40f-4428-a4fd-4ee029053608,
Girls Football,Girls Football,2025-09-23,NO,12:00,13:00,weekday:Tuesday,1,UNIQUE,Girls_Football_Attendance_July_Sep_Girls_Football_Wednesdays_Tuesdays_July_Sep_25_1789330765.xlsx,Tue 23rd Sep,19,0,CREATE_SESSION,c097b86e-7d51-47f9-b0b2-fb01c61e160a,
Girls Football,Girls Football,2025-09-30,NO,12:00,13:00,weekday:Tuesday,1,UNIQUE,Girls_Football_Attendance_July_Sep_Girls_Football_Wednesdays_Tuesdays_July_Sep_25_1789330765.xlsx,Tue 30th Sep,18,0,CREATE_SESSION,14df83f8-4b2c-4c77-aacd-f8d73b7754ae,
Girls Football,Girls Football,2025-10-07,NO,12:00,13:00,weekday:Tuesday,1,UNIQUE,Girls_Football_Attendance_Oct_Dec_25_Girls_Football_Tuesdays_Oct_Dec_25_1789330773.xlsx,Tue 7th Oct,16,0,CREATE_SESSION,dff0f9e1-1cca-4680-9722-e90310e5b647,
Girls Football,Girls Football,2025-10-14,YES,12:00,13:00,weekday:Tuesday,1,UNIQUE,Girls_Football_Attendance_Oct_Dec_25_Girls_Football_Tuesdays_Oct_Dec_25_1789330773.xlsx,Tue 14th Oct (Cancelled),0,0,CREATE_SESSION,4f8c9304-cf12-4996-adc9-13450bbdbfe3,
Girls Football,Girls Football,2025-10-21,NO,12:00,13:00,weekday:Tuesday,1,UNIQUE,Girls_Football_Attendance_Oct_Dec_25_Girls_Football_Tuesdays_Oct_Dec_25_1789330773.xlsx,Tue 21st Oct,14,0,CREATE_SESSION,f49a49ab-3b47-42f7-b622-71f9af235cee,
Girls Football,Girls Football,2025-10-28,NO,12:00,13:00,weekday:Tuesday,1,UNIQUE,Girls_Football_Attendance_Oct_Dec_25_Girls_Football_Tuesdays_Oct_Dec_25_1789330773.xlsx,Tue 28th Oct,20,0,CREATE_SESSION,730b4b88-3043-4cce-abfa-a6c131726a5e,
Girls Football,Girls Football,2025-11-04,NO,12:00,13:00,weekday:Tuesday,1,UNIQUE,Girls_Football_Attendance_Oct_Dec_25_Girls_Football_Tuesdays_Oct_Dec_25_1789330773.xlsx,Tue 4th Nov,18,0,CREATE_SESSION,07ef8e6e-7d54-4e26-af0f-0368c235ef0c,
Girls Football,Girls Football,2025-11-11,NO,12:00,13:00,weekday:Tuesday,1,UNIQUE,Girls_Football_Attendance_Oct_Dec_25_Girls_Football_Tuesdays_Oct_Dec_25_1789330773.xlsx,Tue 11th Nov,23,0,CREATE_SESSION,42974725-d1de-44f0-a1aa-d667ac7a95b8,
Girls Football,Girls Football,2025-11-19,NO,12:00,13:00,weekday:Wednesday,1,UNIQUE,Girls_Football_Attendance_Oct_Dec_25_Girls_Football_Tuesdays_Oct_Dec_25_1789330773.xlsx,Tue 19th Nov,19,0,CREATE_SESSION,5e6d41ea-c3ac-4847-9482-273816b30fec,
Girls Football,Girls Football,2025-11-25,NO,12:00,13:00,weekday:Tuesday,1,UNIQUE,Girls_Football_Attendance_Oct_Dec_25_Girls_Football_Tuesdays_Oct_Dec_25_1789330773.xlsx,Tue 25th Nov,14,0,CREATE_SESSION,dabe7d83-8e65-4e93-852f-647e1eccd794,
Girls Football,Girls Football,2025-12-16,NO,12:00,13:00,weekday:Tuesday,1,UNIQUE,Girls_Football_Attendance_Oct_Dec_25_Girls_Football_Tuesdays_Oct_Dec_25_1789330773.xlsx,Tue 16th Dec,7,0,CREATE_SESSION,124ef139-f2ba-42ad-9887-991300cc1c45,
Girls Football,Girls Football,2025-12-23,NO,12:00,13:00,weekday:Tuesday,1,UNIQUE,Girls_Football_Attendance_Oct_Dec_25_Girls_Football_Tuesdays_Oct_Dec_25_1789330773.xlsx,Tue 23rd Dec,7,0,CREATE_SESSION,d1d19c27-32ff-4ec0-837e-4d447af93d63,
Girls Football,Girls Football,2025-12-30,NO,12:00,13:00,weekday:Tuesday,1,UNIQUE,Girls_Football_Attendance_Oct_Dec_25_Girls_Football_Tuesdays_Oct_Dec_25_1789330773.xlsx,Tue 30th Dec,11,0,CREATE_SESSION,675712bf-dad5-41b9-90e8-0eb17be61fcd,
Girls Football,Girls Football,2026-01-06,NO,12:00,13:00,weekday:Tuesday,1,UNIQUE,Girls_Football_Attendance_Jan_Mar_26_Girls_Football_Tuesdays_Jan_Mar_26_1789330781.xlsx,Tue 6th Jan,12,0,CREATE_SESSION,f51ea3e1-a658-47f8-9ed5-efdfd956f46c,
Girls Football,Girls Football,2026-01-13,NO,12:00,13:00,weekday:Tuesday,1,UNIQUE,Girls_Football_Attendance_Jan_Mar_26_Girls_Football_Tuesdays_Jan_Mar_26_1789330781.xlsx,Tue 13th Jan,21,0,CREATE_SESSION,8e2d7b3d-25db-4d6f-80c0-22e6a507a1ca,
Girls Football,Girls Football,2026-01-20,NO,12:00,13:00,weekday:Tuesday,1,UNIQUE,Girls_Football_Attendance_Jan_Mar_26_Girls_Football_Tuesdays_Jan_Mar_26_1789330781.xlsx,Tue 20th Jan,16,0,CREATE_SESSION,3fde9b76-3559-4ded-b597-cdc7b8af4e2e,
Girls Football,Girls Football,2026-01-27,NO,12:00,13:00,weekday:Tuesday,1,UNIQUE,Girls_Football_Attendance_Jan_Mar_26_Girls_Football_Tuesdays_Jan_Mar_26_1789330781.xlsx,Tue 27th Jan,13,0,CREATE_SESSION,6ac101b9-ef01-407e-873d-1211c213a12b,
Girls Football,Girls Football,2026-02-03,YES,12:00,13:00,weekday:Tuesday,1,UNIQUE,Girls_Football_Attendance_Jan_Mar_26_Girls_Football_Tuesdays_Jan_Mar_26_1789330781.xlsx,Tue 3rd Feb (cancelled),0,0,CREATE_SESSION,badd4458-46cf-421a-9faa-872bdecf96d4,
Girls Football,Girls Football,2026-02-10,NO,12:00,13:00,weekday:Tuesday,1,UNIQUE,Girls_Football_Attendance_Jan_Mar_26_Girls_Football_Tuesdays_Jan_Mar_26_1789330781.xlsx,Tue 10th Feb,16,0,CREATE_SESSION,b1d1284d-0029-4946-a038-7f227d68c164,
Girls Football,Girls Football,2026-04-01,NO,12:00,13:00,weekday:Wednesday,1,UNIQUE,Girls_Football_Attendance_Apr_Jun_26_Girls_Football_Wednesdays_Apr_Jun_26_1789330789.xlsx,Wed 1st Apr,11,0,CREATE_SESSION,442eaa09-bd00-4389-8dea-fdcf13dec6ba,
Girls Football,Girls Football,2026-04-08,NO,12:00,13:00,weekday:Wednesday,1,UNIQUE,Girls_Football_Attendance_Apr_Jun_26_Girls_Football_Wednesdays_Apr_Jun_26_1789330789.xlsx,Wed 8th Apr,9,0,CREATE_SESSION,77818701-d290-4e0e-a34b-ee74e571b662,
Girls Football,Girls Football,2026-04-15,NO,12:00,13:00,weekday:Wednesday,1,UNIQUE,Girls_Football_Attendance_Apr_Jun_26_Girls_Football_Wednesdays_Apr_Jun_26_1789330789.xlsx,Wed 15th Apr,13,0,CREATE_SESSION,b7773e63-99f4-4f97-9150-958826b54df2,
Girls Football,Girls Football,2026-04-22,NO,12:00,13:00,weekday:Wednesday,1,UNIQUE,Girls_Football_Attendance_Apr_Jun_26_Girls_Football_Wednesdays_Apr_Jun_26_1789330789.xlsx,Wed 22nd Apr,18,0,CREATE_SESSION,d38b86f7-f7ef-4667-b60c-2243b358f2e1,
Girls Football,Girls Football,2026-04-29,NO,12:00,13:00,weekday:Wednesday,1,UNIQUE,Girls_Football_Attendance_Apr_Jun_26_Girls_Football_Wednesdays_Apr_Jun_26_1789330789.xlsx,Wed 29th Apr,22,0,CREATE_SESSION,213e66b7-21f7-4720-8fe9-9c1cb5c134f9,
Girls Football,Girls Football,2026-05-06,NO,12:00,13:00,weekday:Wednesday,1,UNIQUE,Girls_Football_Attendance_Apr_Jun_26_Girls_Football_Wednesdays_Apr_Jun_26_1789330789.xlsx,Wed 6th May,20,0,CREATE_SESSION,453ea701-2488-4683-9267-71bf23d5a364,
Girls Football,Girls Football,2026-05-13,NO,12:00,13:00,weekday:Wednesday,1,UNIQUE,Girls_Football_Attendance_Apr_Jun_26_Girls_Football_Wednesdays_Apr_Jun_26_1789330789.xlsx,Wed 13th May,9,0,CREATE_SESSION,9d00e8e9-c9eb-4f91-ad62-b94f9ad403cf,
Girls Football,Girls Football,2026-05-20,NO,12:00,13:00,weekday:Wednesday,1,UNIQUE,Girls_Football_Attendance_Apr_Jun_26_Girls_Football_Wednesdays_Apr_Jun_26_1789330789.xlsx,Wed 20th May,24,0,CREATE_SESSION,fafe8a09-39fb-481b-80c0-ac204772b3a8,
Girls Football,Girls Football,2026-06-10,NO,12:00,13:00,weekday:Wednesday,1,UNIQUE,Girls_Football_Attendance_Apr_Jun_26_Girls_Football_Wednesdays_Apr_Jun_26_1789330789.xlsx,Wed 10th Jun,12,0,CREATE_SESSION,4db0a016-a8ac-42ec-b8c6-cc6330f622ba,
Girls Football,Girls Football,2026-06-17,NO,12:00,13:00,weekday:Wednesday,1,UNIQUE,Girls_Football_Attendance_Apr_Jun_26_Girls_Football_Wednesdays_Apr_Jun_26_1789330789.xlsx,Wed 17th Jun,3,0,CREATE_SESSION,4aa8a8d2-8ec4-455d-acd8-090bccbaf1b9,
Girls Football,Girls Football,2026-07-08,NO,12:00,13:00,weekday:Wednesday,1,UNIQUE,Girls_Football_Attendance_Jul_Sep_26_Girls_Football_Wednesdays_Jul_Sep_26_1789330797.xlsx,Wed 8th Jul,13,0,CREATE_SESSION,012578ef-8984-4e0a-a34e-76ad4a177d6b,
Girls Football,Girls Football,2026-07-15,NO,12:00,13:00,weekday:Wednesday,1,UNIQUE,Girls_Football_Attendance_Jul_Sep_26_Girls_Football_Wednesdays_Jul_Sep_26_1789330797.xlsx,Wed 15th July,8,0,CREATE_SESSION,478a8301-1514-4578-bb23-72bff4a7dc64,
Girls Football,Girls Football,2026-08-19,NO,12:00,13:00,weekday:Wednesday,1,UNIQUE,Girls_Football_Attendance_Jul_Sep_26_Girls_Football_Wednesdays_Jul_Sep_26_1789330797.xlsx,Wed 19th Aug,13,0,CREATE_SESSION,e1948c91-0ae5-4e01-b71a-a327ce7c64cc,
Girls Football,Girls Football,2026-08-26,NO,12:00,13:00,weekday:Wednesday,1,UNIQUE,Girls_Football_Attendance_Jul_Sep_26_Girls_Football_Wednesdays_Jul_Sep_26_1789330797.xlsx,Wed 26th Aug,9,0,CREATE_SESSION,fba6375f-c0a6-4dd3-81a8-4cf411a8eec6,
Girls Football,Girls Football,2026-09-09,NO,12:00,13:00,weekday:Wednesday,1,UNIQUE,Girls_Football_Attendance_Jul_Sep_26_Girls_Football_Wednesdays_Jul_Sep_26_1789330797.xlsx,Wed 9th Sep,10,0,CREATE_SESSION,62f6e18f-3214-427e-a988-60656f8d3d84,
Girls Youth Club,Girls Youth Club,2025-01-07,NO,12:00,13:00,default,1,UNIQUE,Girls_Attendance_Jan_Mar_25_Girls_Youth_Club_Jan_Mar_25_Attendance_1789330812.xlsx,Tue 7th Jan,4,8,CREATE_SESSION,f32d50b0-e3b0-4997-b1d6-36175034c7df,
Girls Youth Club,Girls Youth Club,2025-01-08,NO,12:00,13:00,default,1,UNIQUE,Girls_Attendance_Jan_Mar_25_Girls_Youth_Club_Jan_Mar_25_Attendance_1789330812.xlsx,Wed 8th Jan,8,4,CREATE_SESSION,d1f7ca1e-3cfd-4e55-b2c5-73d26a181aae,
Girls Youth Club,Girls Youth Club,2025-01-14,NO,12:00,13:00,default,1,UNIQUE,Girls_Attendance_Jan_Mar_25_Girls_Youth_Club_Jan_Mar_25_Attendance_1789330812.xlsx,Tue 14th Jan,7,5,CREATE_SESSION,5f496ec2-23d0-4c99-8ce4-16ff111c9d9a,
Girls Youth Club,Girls Youth Club,2025-01-15,NO,12:00,13:00,default,1,UNIQUE,Girls_Attendance_Jan_Mar_25_Girls_Youth_Club_Jan_Mar_25_Attendance_1789330812.xlsx,Wed 15th Jan (F),8,9,CREATE_SESSION,961ac6c7-f7fb-4873-86f4-9130584b8c73,
Girls Youth Club,Girls Youth Club,2025-01-21,NO,12:00,13:00,default,1,UNIQUE,Girls_Attendance_Jan_Mar_25_Girls_Youth_Club_Jan_Mar_25_Attendance_1789330812.xlsx,Tue 21st Jan,6,11,CREATE_SESSION,1b73bdd2-e19b-46ff-aca1-efbec2bc56f8,
Girls Youth Club,Girls Youth Club,2025-01-22,NO,12:00,13:00,default,1,UNIQUE,Girls_Attendance_Jan_Mar_25_Girls_Youth_Club_Jan_Mar_25_Attendance_1789330812.xlsx,Wed 22nd Jan,5,12,CREATE_SESSION,eadd1a76-b254-4e0e-b0d9-45c99c74521f,
Girls Youth Club,Girls Youth Club,2025-01-28,NO,12:00,13:00,default,1,UNIQUE,Girls_Attendance_Jan_Mar_25_Girls_Youth_Club_Jan_Mar_25_Attendance_1789330812.xlsx,Tue 28th Jan,5,12,CREATE_SESSION,846f77a8-13c1-4712-bb22-29c7d85be33c,
Girls Youth Club,Girls Youth Club,2025-02-04,NO,12:00,13:00,default,1,UNIQUE,Girls_Attendance_Jan_Mar_25_Girls_Youth_Club_Jan_Mar_25_Attendance_1789330812.xlsx,Tue 4th Feb,6,11,CREATE_SESSION,df7866cc-c978-4ab3-a06d-5e9be06af171,
Girls Youth Club,Girls Youth Club,2025-02-05,NO,12:00,13:00,default,1,UNIQUE,Girls_Attendance_Jan_Mar_25_Girls_Youth_Club_Jan_Mar_25_Attendance_1789330812.xlsx,Wed 5th Feb (F),13,4,CREATE_SESSION,340b2fde-554c-4e33-bf69-5cedca513af9,
Girls Youth Club,Girls Youth Club,2025-02-12,NO,12:00,13:00,default,1,UNIQUE,Girls_Attendance_Jan_Mar_25_Girls_Youth_Club_Jan_Mar_25_Attendance_1789330812.xlsx,Wed 12th Feb (F),11,6,CREATE_SESSION,e2327701-e3e4-42d3-8f12-5edc364358b3,
Girls Youth Club,Girls Youth Club,2025-02-18,NO,12:00,13:00,default,1,UNIQUE,Girls_Attendance_Jan_Mar_25_Girls_Youth_Club_Jan_Mar_25_Attendance_1789330812.xlsx,Tue 18th Feb,14,3,CREATE_SESSION,42bdd833-8f16-48fb-bd03-fd2e54e3b85f,
Girls Youth Club,Girls Youth Club,2025-02-19,NO,12:00,13:00,default,1,UNIQUE,Girls_Attendance_Jan_Mar_25_Girls_Youth_Club_Jan_Mar_25_Attendance_1789330812.xlsx,Wed 19th Feb (F),11,8,CREATE_SESSION,622387d4-1102-45c3-9a2a-c10db477747a,
Girls Youth Club,Girls Youth Club,2025-02-25,NO,12:00,13:00,default,1,UNIQUE,Girls_Attendance_Jan_Mar_25_Girls_Youth_Club_Jan_Mar_25_Attendance_1789330812.xlsx,Tue 25th Feb,10,9,CREATE_SESSION,a6a41611-6873-4b67-8249-f48a12c8aa90,
Girls Youth Club,Girls Youth Club,2025-02-26,NO,12:00,13:00,default,1,UNIQUE,Girls_Attendance_Jan_Mar_25_Girls_Youth_Club_Jan_Mar_25_Attendance_1789330812.xlsx,Wed 26th Feb (F),4,15,CREATE_SESSION,41df163a-3273-4c35-84df-d1873a82f950,
Girls Youth Club,Girls Youth Club,2025-04-08,NO,12:00,13:00,default,1,UNIQUE,Girls_Attendance_Apr_Jun_25_Girls_Youth_Club_Apr_Jun_25_Attendance_1789330824.xlsx,Tue 8th Apr,5,9,CREATE_SESSION,576cc6d3-f55f-4f6a-8e0d-51c9d80a338a,
Girls Youth Club,Girls Youth Club,2025-04-09,NO,12:00,13:00,default,1,UNIQUE,Girls_Attendance_Apr_Jun_25_Girls_Youth_Club_Apr_Jun_25_Attendance_1789330824.xlsx,Wed 9th Apr,4,10,CREATE_SESSION,ea341ed2-8f03-4f27-8f67-006cf4d4a8ca,
Girls Youth Club,Girls Youth Club,2025-04-14,NO,12:00,13:00,default,1,UNIQUE,Girls_Attendance_Apr_Jun_25_Girls_Youth_Club_Apr_Jun_25_Attendance_1789330824.xlsx,Mon 14th Apr (HAF),8,7,CREATE_SESSION,b9f12304-f152-4046-bde3-5b63133cf7ed,
Girls Youth Club,Girls Youth Club,2025-04-15,NO,12:00,13:00,default,1,UNIQUE,Girls_Attendance_Apr_Jun_25_Girls_Youth_Club_Apr_Jun_25_Attendance_1789330824.xlsx,Tue 15th Apr (HAF),5,10,CREATE_SESSION,21967547-eeed-47e2-8a9c-bc7d758282e6,
Girls Youth Club,Girls Youth Club,2025-04-16,NO,12:00,13:00,default,1,UNIQUE,Girls_Attendance_Apr_Jun_25_Girls_Youth_Club_Apr_Jun_25_Attendance_1789330824.xlsx,Wed 16th Apr (HAF),7,8,CREATE_SESSION,c87c4cf9-03ec-473e-bc7b-4900110232ed,
Girls Youth Club,Girls Youth Club,2025-04-17,NO,12:00,13:00,default,1,UNIQUE,Girls_Attendance_Apr_Jun_25_Girls_Youth_Club_Apr_Jun_25_Attendance_1789330824.xlsx,Thu 17th Apr (HAF),10,5,CREATE_SESSION,d0063d44-76fa-4507-9e7a-ab38ae2fa22f,
Girls Youth Club,Girls Youth Club,2025-04-22,NO,12:00,13:00,default,1,UNIQUE,Girls_Attendance_Apr_Jun_25_Girls_Youth_Club_Apr_Jun_25_Attendance_1789330824.xlsx,Tue 22nd Apr,4,11,CREATE_SESSION,80d57dca-5f2d-4b34-acf6-5d65ce25aec6,
Girls Youth Club,Girls Youth Club,2025-04-23,NO,12:00,13:00,default,1,UNIQUE,Girls_Attendance_Apr_Jun_25_Girls_Youth_Club_Apr_Jun_25_Attendance_1789330824.xlsx,Wed 23rd Apr,5,1,CREATE_SESSION,2d088713-8816-4bc0-b904-919a4cb5c829,
Girls Youth Club,Girls Youth Club,2025-05-06,NO,12:00,13:00,default,1,UNIQUE,Girls_Attendance_Apr_Jun_25_Girls_Youth_Club_Apr_Jun_25_Attendance_1789330824.xlsx,Tue 6th May,4,11,CREATE_SESSION,11445557-c764-4397-aeaa-5b336d842041,
Girls Youth Club,Girls Youth Club,2025-05-13,NO,12:00,13:00,default,1,UNIQUE,Girls_Attendance_Apr_Jun_25_Girls_Youth_Club_Apr_Jun_25_Attendance_1789330824.xlsx,Tue 13th May,6,9,CREATE_SESSION,83ce1a3a-4b26-4377-8518-194d44250a08,
Girls Youth Club,Girls Youth Club,2025-05-20,NO,12:00,13:00,default,1,UNIQUE,Girls_Attendance_Apr_Jun_25_Girls_Youth_Club_Apr_Jun_25_Attendance_1789330824.xlsx,Tue 20th May,6,9,CREATE_SESSION,bd902958-a6cc-415c-99b8-f15fdc7c1813,
Girls Youth Club,Girls Youth Club,2025-05-21,NO,12:00,13:00,default,1,UNIQUE,Girls_Attendance_Apr_Jun_25_Girls_Youth_Club_Apr_Jun_25_Attendance_1789330824.xlsx,Wed 21st May,14,0,CREATE_SESSION,94b26ecc-a09e-40d5-8b66-f4258f412dad,
Girls Youth Club,Girls Youth Club,2025-05-27,NO,12:00,13:00,default,1,UNIQUE,Girls_Attendance_Apr_Jun_25_Girls_Youth_Club_Apr_Jun_25_Attendance_1789330824.xlsx,Tue 27th May (Half term),20,0,CREATE_SESSION,ccf3614e-4b2a-46b6-a9c0-70c618db5830,
Girls Youth Club,Girls Youth Club,2025-05-28,NO,12:00,13:00,default,1,UNIQUE,Girls_Attendance_Apr_Jun_25_Girls_Youth_Club_Apr_Jun_25_Attendance_1789330824.xlsx,Wed 28th May (Half term),21,0,CREATE_SESSION,2b78e018-0226-496f-b181-6577cc4410c9,
Girls Youth Club,Girls Youth Club,2025-05-29,NO,12:00,13:00,default,1,UNIQUE,Girls_Attendance_Apr_Jun_25_Girls_Youth_Club_Apr_Jun_25_Attendance_1789330824.xlsx,Thu 29th May (Half term),17,0,CREATE_SESSION,b5f31a3f-d4d7-482b-9b85-cd0dd97b0291,
Girls Youth Club,Girls Youth Club,2025-06-03,NO,12:00,13:00,default,1,UNIQUE,Girls_Attendance_Apr_Jun_25_Girls_Youth_Club_Apr_Jun_25_Attendance_1789330824.xlsx,Tue 3rd Jun,10,0,CREATE_SESSION,e6c29743-7eef-461d-ac3e-2a22f4358c87,
Girls Youth Club,Girls Youth Club,2025-06-10,NO,12:00,13:00,default,1,UNIQUE,Girls_Attendance_Apr_Jun_25_Girls_Youth_Club_Apr_Jun_25_Attendance_1789330824.xlsx,Tue 10th Jun,10,0,CREATE_SESSION,42fdf8a1-3d30-48bb-a98f-1c9f04b6d466,
Girls Youth Club,Girls Youth Club,2025-06-17,NO,12:00,13:00,default,1,UNIQUE,Girls_Attendance_Apr_Jun_25_Girls_Youth_Club_Apr_Jun_25_Attendance_1789330824.xlsx,Tue 17th Jun,14,0,CREATE_SESSION,5d681572-2fbb-4703-8e51-3704154439e8,
Girls Youth Club,Girls Youth Club,2025-07-01,NO,12:00,13:00,default,1,UNIQUE,Girls_Attendance_Jul_Sep_25_Girls_Youth_Club_Jul_Sep_25_Attendance_1789330830.xlsx,Tue 1st Jul,9,0,CREATE_SESSION,c544e734-6adb-432d-98de-8041a4d658b5,
Girls Youth Club,Girls Youth Club,2025-07-08,NO,12:00,13:00,default,1,UNIQUE,Girls_Attendance_Jul_Sep_25_Girls_Youth_Club_Jul_Sep_25_Attendance_1789330830.xlsx,Tue 8th July,11,0,CREATE_SESSION,01dcf9b4-6677-4779-a692-3e24168f2867,
Girls Youth Club,Girls Youth Club,2025-07-15,NO,12:00,13:00,default,1,UNIQUE,Girls_Attendance_Jul_Sep_25_Girls_Youth_Club_Jul_Sep_25_Attendance_1789330830.xlsx,Tue 15th July,10,0,CREATE_SESSION,05c2e706-9639-4289-9bb3-af3bc909d592,
Girls Youth Club,Girls Youth Club,2025-08-19,NO,12:00,13:00,default,1,UNIQUE,Girls_Attendance_Jul_Sep_25_Girls_Youth_Club_Jul_Sep_25_Attendance_1789330830.xlsx,Tue 19th Aug,6,0,CREATE_SESSION,0d9471b4-b3bc-4fc3-b5b1-b01f37013e9c,
Girls Youth Club,Girls Youth Club,2025-08-26,NO,12:00,13:00,default,1,UNIQUE,Girls_Attendance_Jul_Sep_25_Girls_Youth_Club_Jul_Sep_25_Attendance_1789330830.xlsx,Tue 26th Aug,8,0,CREATE_SESSION,82301148-559f-4a92-951e-aab66f4774ce,
Girls Youth Club,Girls Youth Club,2025-09-02,NO,12:00,13:00,default,1,UNIQUE,Girls_Attendance_Jul_Sep_25_Girls_Youth_Club_Jul_Sep_25_Attendance_1789330830.xlsx,Tue 2nd Sep,4,0,CREATE_SESSION,09e9d6c3-74f8-42c7-b8db-9e3a79bbcb15,
Girls Youth Club,Girls Youth Club,2025-09-03,NO,12:00,13:00,default,1,UNIQUE,Girls_Attendance_Jul_Sep_25_Girls_Youth_Club_Jul_Sep_25_Attendance_1789330830.xlsx,Wed 3rd Sep,8,0,CREATE_SESSION,aaa7d9ec-f001-43aa-be80-00c55f362095,
Girls Youth Club,Girls Youth Club,2025-09-09,NO,12:00,13:00,default,1,UNIQUE,Girls_Attendance_Jul_Sep_25_Girls_Youth_Club_Jul_Sep_25_Attendance_1789330830.xlsx,Tue 9th Sep,11,0,CREATE_SESSION,2735b54a-1902-461d-8592-ee71cf64bf95,
Girls Youth Club,Girls Youth Club,2025-09-10,NO,12:00,13:00,default,1,UNIQUE,Girls_Attendance_Jul_Sep_25_Girls_Youth_Club_Jul_Sep_25_Attendance_1789330830.xlsx,Wed 10th Sep,7,0,CREATE_SESSION,a0fc613c-14d1-403c-81a8-949bd5b3c11b,
Girls Youth Club,Girls Youth Club,2025-09-16,NO,12:00,13:00,default,1,UNIQUE,Girls_Attendance_Jul_Sep_25_Girls_Youth_Club_Jul_Sep_25_Attendance_1789330830.xlsx,Tue 16th Sep,7,0,CREATE_SESSION,f56ff30b-b58f-4254-a313-64546ebc7c3e,
Girls Youth Club,Girls Youth Club,2025-09-17,NO,12:00,13:00,default,1,UNIQUE,Girls_Attendance_Jul_Sep_25_Girls_Youth_Club_Jul_Sep_25_Attendance_1789330830.xlsx,Wed 17th Sep,7,0,CREATE_SESSION,2baf88f0-9825-4d07-bc3c-43b2cec5942c,
Girls Youth Club,Girls Youth Club,2025-09-23,NO,12:00,13:00,default,1,UNIQUE,Girls_Attendance_Jul_Sep_25_Girls_Youth_Club_Jul_Sep_25_Attendance_1789330830.xlsx,Wed 23rd Sep,7,0,CREATE_SESSION,99e76360-ac74-48b2-9b2a-181c42f8bb1f,
Girls Youth Club,Girls Youth Club,2025-09-30,NO,12:00,13:00,default,1,UNIQUE,Girls_Attendance_Jul_Sep_25_Girls_Youth_Club_Jul_Sep_25_Attendance_1789330830.xlsx,Tue 30th Sep,7,0,CREATE_SESSION,80690e34-3cba-48c1-8361-100248f7983d,
Girls Youth Club,Girls Youth Club,2025-10-01,NO,12:00,13:00,default,1,UNIQUE,Girls_Attendance_Oct_Dec_25_Girls_Youth_Club_Oct_Dec_25_Attendance_1789330838.xlsx,Wed 1st Oct,8,0,CREATE_SESSION,5738b155-2105-4ec1-b7ce-7fefd2f256c6,
Girls Youth Club,Girls Youth Club,2025-10-07,NO,12:00,13:00,default,1,UNIQUE,Girls_Attendance_Oct_Dec_25_Girls_Youth_Club_Oct_Dec_25_Attendance_1789330838.xlsx,Tue 7th Oct,5,0,CREATE_SESSION,37d96d37-9f8f-4770-b621-82c5d96507fc,
Girls Youth Club,Girls Youth Club,2025-10-08,NO,12:00,13:00,default,1,UNIQUE,Girls_Attendance_Oct_Dec_25_Girls_Youth_Club_Oct_Dec_25_Attendance_1789330838.xlsx,Wed 8th Oct,5,0,CREATE_SESSION,b564a748-28ef-490a-b992-2421207c10f6,
Girls Youth Club,Girls Youth Club,2025-10-14,NO,12:00,13:00,default,1,UNIQUE,Girls_Attendance_Oct_Dec_25_Girls_Youth_Club_Oct_Dec_25_Attendance_1789330838.xlsx,Tue 14th Oct,11,0,CREATE_SESSION,e742b5d7-73d0-45f9-858f-3ba2f7dc8909,
Girls Youth Club,Girls Youth Club,2025-10-15,NO,12:00,13:00,default,1,UNIQUE,Girls_Attendance_Oct_Dec_25_Girls_Youth_Club_Oct_Dec_25_Attendance_1789330838.xlsx,Wed 15th Oct,8,0,CREATE_SESSION,18512054-78eb-4c50-a507-500e67f1543e,
Girls Youth Club,Girls Youth Club,2025-10-21,NO,12:00,13:00,default,1,UNIQUE,Girls_Attendance_Oct_Dec_25_Girls_Youth_Club_Oct_Dec_25_Attendance_1789330838.xlsx,Tue 21st Oct,5,0,CREATE_SESSION,5345182e-de60-4929-bbd9-84a4ca4d4fdd,
Girls Youth Club,Girls Youth Club,2025-10-27,NO,12:00,13:00,default,1,UNIQUE,Girls_Attendance_Oct_Dec_25_Girls_Youth_Club_Oct_Dec_25_Attendance_1789330838.xlsx,Mon 27th Oct,8,0,CREATE_SESSION,d52f44d5-a1e1-45c4-bdae-37bf13b797b3,
Girls Youth Club,Girls Youth Club,2025-10-28,NO,12:00,13:00,default,1,UNIQUE,Girls_Attendance_Oct_Dec_25_Girls_Youth_Club_Oct_Dec_25_Attendance_1789330838.xlsx,Tue 28th Oct,9,0,CREATE_SESSION,9be8746c-9627-40d8-86dd-1ee5f46e9747,
Girls Youth Club,Girls Youth Club,2025-10-29,NO,12:00,13:00,default,1,UNIQUE,Girls_Attendance_Oct_Dec_25_Girls_Youth_Club_Oct_Dec_25_Attendance_1789330838.xlsx,Wed 29th Oct,10,0,CREATE_SESSION,7ca66b24-b81a-44a1-8e24-0e08a93be055,
Girls Youth Club,Girls Youth Club,2025-11-04,NO,12:00,13:00,default,1,UNIQUE,Girls_Attendance_Oct_Dec_25_Girls_Youth_Club_Oct_Dec_25_Attendance_1789330838.xlsx,Tue 4th Nov,7,0,CREATE_SESSION,46566a59-e34d-4193-9c4c-9fffadf26fbe,
Girls Youth Club,Girls Youth Club,2025-11-05,NO,12:00,13:00,default,1,UNIQUE,Girls_Attendance_Oct_Dec_25_Girls_Youth_Club_Oct_Dec_25_Attendance_1789330838.xlsx,Wed 5th Nov (BQS),7,0,CREATE_SESSION,702f9f39-490c-40fb-adf9-fb79b465f639,
Girls Youth Club,Girls Youth Club,2025-11-11,NO,12:00,13:00,default,1,UNIQUE,Girls_Attendance_Oct_Dec_25_Girls_Youth_Club_Oct_Dec_25_Attendance_1789330838.xlsx,Tue 11th Nov,14,0,CREATE_SESSION,87018ff5-5fe5-4801-81b5-2ddb16f5ae5e,
Girls Youth Club,Girls Youth Club,2025-11-12,NO,12:00,13:00,default,1,UNIQUE,Girls_Attendance_Oct_Dec_25_Girls_Youth_Club_Oct_Dec_25_Attendance_1789330838.xlsx,Wed 12th Nov (BQS),7,0,CREATE_SESSION,b52e9050-d06d-4eb8-9f15-d2a03d5b2410,
Girls Youth Club,Girls Youth Club,2025-11-18,NO,12:00,13:00,default,1,UNIQUE,Girls_Attendance_Oct_Dec_25_Girls_Youth_Club_Oct_Dec_25_Attendance_1789330838.xlsx,Tue 18th Nov,11,0,CREATE_SESSION,c10d2678-0fd7-4ed0-aa84-8bf47bf510fa,
Girls Youth Club,Girls Youth Club,2025-11-19,NO,12:00,13:00,default,1,UNIQUE,Girls_Attendance_Oct_Dec_25_Girls_Youth_Club_Oct_Dec_25_Attendance_1789330838.xlsx,Wed 19th Nov (Box),5,0,CREATE_SESSION,a8b0063e-ab4a-47ee-86ba-b83a8023ac83,
Girls Youth Club,Girls Youth Club,2025-11-25,YES,12:00,13:00,default,1,UNIQUE,Girls_Attendance_Oct_Dec_25_Girls_Youth_Club_Oct_Dec_25_Attendance_1789330838.xlsx,Tue 25th Nov (cancelled),0,0,CREATE_SESSION,80eb80bc-d894-4ca0-9793-26414b125274,
Girls Youth Club,Girls Youth Club,2025-11-26,NO,12:00,13:00,default,1,UNIQUE,Girls_Attendance_Oct_Dec_25_Girls_Youth_Club_Oct_Dec_25_Attendance_1789330838.xlsx,Wed 26th Nov (Box),9,0,CREATE_SESSION,088a17bb-34f3-488e-afe2-1532b545b874,
Girls Youth Club,Girls Youth Club,2025-12-02,NO,12:00,13:00,default,1,UNIQUE,Girls_Attendance_Oct_Dec_25_Girls_Youth_Club_Oct_Dec_25_Attendance_1789330838.xlsx,Tue 2nd Dec,5,0,CREATE_SESSION,4d49eef5-c3b6-4eb9-87b1-e96ca4584329,
Girls Youth Club,Girls Youth Club,2025-12-03,NO,12:00,13:00,default,1,UNIQUE,Girls_Attendance_Oct_Dec_25_Girls_Youth_Club_Oct_Dec_25_Attendance_1789330838.xlsx,Wed 3rd Dec (Boxing),6,0,CREATE_SESSION,039f7ed9-1421-401d-bc54-65a576255588,
Girls Youth Club,Girls Youth Club,2025-12-09,NO,12:00,13:00,default,1,UNIQUE,Girls_Attendance_Oct_Dec_25_Girls_Youth_Club_Oct_Dec_25_Attendance_1789330838.xlsx,Tue 9th Dec,4,0,CREATE_SESSION,5e5c4e0a-e02d-4bbd-9ab6-eb904e3f8f91,
Girls Youth Club,Girls Youth Club,2025-12-16,NO,12:00,13:00,default,1,UNIQUE,Girls_Attendance_Oct_Dec_25_Girls_Youth_Club_Oct_Dec_25_Attendance_1789330838.xlsx,Tue 16th Dec,6,0,CREATE_SESSION,be739ce2-5640-4f98-b06c-95f657d50b97,
Girls Youth Club,Girls Youth Club,2026-01-06,NO,12:00,13:00,default,1,UNIQUE,Girls_Attendance_Jan_Mar_26_Girls_Youth_Club_Jan_Mar_26_Attendance_1789330846.xlsx,Tue 6th Jan,4,0,CREATE_SESSION,1f613166-213b-4e24-952e-d89263ab1af8,
Girls Youth Club,Girls Youth Club,2026-01-13,YES,12:00,13:00,default,1,UNIQUE,Girls_Attendance_Jan_Mar_26_Girls_Youth_Club_Jan_Mar_26_Attendance_1789330846.xlsx,Tue 13th Jan (cancelled),0,0,CREATE_SESSION,3f9ecad9-5ec2-43f5-9ccd-3bcab204f2c9,
Girls Youth Club,Girls Youth Club,2026-01-14,NO,12:00,13:00,default,1,UNIQUE,Girls_Attendance_Jan_Mar_26_Girls_Youth_Club_Jan_Mar_26_Attendance_1789330846.xlsx,Tue 14th Jan,5,0,CREATE_SESSION,0d4a607c-09d7-4f58-bf00-4ef553218ab1,
Girls Youth Club,Girls Youth Club,2026-01-20,NO,12:00,13:00,default,1,UNIQUE,Girls_Attendance_Jan_Mar_26_Girls_Youth_Club_Jan_Mar_26_Attendance_1789330846.xlsx,Tue 20th Jan,9,0,CREATE_SESSION,775026fc-8ac8-494b-bccd-9a9af9da68a5,
Girls Youth Club,Girls Youth Club,2026-01-21,NO,12:00,13:00,default,1,UNIQUE,Girls_Attendance_Jan_Mar_26_Girls_Youth_Club_Jan_Mar_26_Attendance_1789330846.xlsx,Wed 21st Jan,7,0,CREATE_SESSION,63c95a3d-d44f-4d36-83e5-3a71ad65d7c9,
Girls Youth Club,Girls Youth Club,2026-01-27,NO,12:00,13:00,default,1,UNIQUE,Girls_Attendance_Jan_Mar_26_Girls_Youth_Club_Jan_Mar_26_Attendance_1789330846.xlsx,Tue 27th Jan,8,0,CREATE_SESSION,c958610e-6e28-4890-b0d4-6408403fe2be,
Girls Youth Club,Girls Youth Club,2026-01-28,NO,12:00,13:00,default,1,UNIQUE,Girls_Attendance_Jan_Mar_26_Girls_Youth_Club_Jan_Mar_26_Attendance_1789330846.xlsx,Wed 28th Jan,8,0,CREATE_SESSION,15d4083e-d188-4eea-877b-0489afa3881d,
Girls Youth Club,Girls Youth Club,2026-02-03,NO,12:00,13:00,default,1,UNIQUE,Girls_Attendance_Jan_Mar_26_Girls_Youth_Club_Jan_Mar_26_Attendance_1789330846.xlsx,Tue 3rd Feb,5,0,CREATE_SESSION,ea577d1a-ca74-4c98-91bf-afa520eae205,
Girls Youth Club,Girls Youth Club,2026-02-04,NO,12:00,13:00,default,1,UNIQUE,Girls_Attendance_Jan_Mar_26_Girls_Youth_Club_Jan_Mar_26_Attendance_1789330846.xlsx,Wed 4th Feb,6,0,CREATE_SESSION,e522568b-5c89-4e57-ba4a-9520e1c3b759,
Girls Youth Club,Girls Youth Club,2026-02-11,NO,12:00,13:00,default,1,UNIQUE,Girls_Attendance_Jan_Mar_26_Girls_Youth_Club_Jan_Mar_26_Attendance_1789330846.xlsx,Wed 11th Feb,4,0,CREATE_SESSION,ed33ac98-fec5-450a-a8ab-86b45c81d092,
Girls Youth Club,Girls Youth Club,2026-02-17,NO,12:00,13:00,default,1,UNIQUE,Girls_Attendance_Jan_Mar_26_Girls_Youth_Club_Jan_Mar_26_Attendance_1789330846.xlsx,Tue 17th Feb,8,0,CREATE_SESSION,46f42860-1955-4d4b-afa2-c45762fa0bfc,
Girls Youth Club,Girls Youth Club,2026-03-24,NO,12:00,13:00,default,1,UNIQUE,Girls_Attendance_Jan_Mar_26_Girls_Youth_Club_Jan_Mar_26_Attendance_1789330846.xlsx,Tue 24th Mar,5,0,CREATE_SESSION,c83ca53d-de8b-4946-9675-0d59f50b120b,
Girls Youth Club,Girls Youth Club,2026-04-08,NO,12:00,13:00,default,1,UNIQUE,Girls_Attendance_Apr_Jun_26_Girls_Youth_Club_Apr_Jun_26_Attendance_1789330854.xlsx,Wed 8th Apr,9,0,CREATE_SESSION,dc493e0d-83d5-4f68-b092-27e368468e9e,
Girls Youth Club,Girls Youth Club,2026-04-14,NO,12:00,13:00,default,1,UNIQUE,Girls_Attendance_Apr_Jun_26_Girls_Youth_Club_Apr_Jun_26_Attendance_1789330854.xlsx,Tue 14th Apr,9,0,CREATE_SESSION,dea3c17a-60bb-47bc-9ddd-3aa34f4c30e5,
Girls Youth Club,Girls Youth Club,2026-04-15,NO,12:00,13:00,default,1,UNIQUE,Girls_Attendance_Apr_Jun_26_Girls_Youth_Club_Apr_Jun_26_Attendance_1789330854.xlsx,Wed 15th Apr,9,0,CREATE_SESSION,2e8e5266-bdca-4fda-b819-8130adb442d7,
Girls Youth Club,Girls Youth Club,2026-04-21,NO,12:00,13:00,default,1,UNIQUE,Girls_Attendance_Apr_Jun_26_Girls_Youth_Club_Apr_Jun_26_Attendance_1789330854.xlsx,Tue 21st Apr,9,0,CREATE_SESSION,b7740b24-f398-4e50-8312-6cf004e3e452,
Girls Youth Club,Girls Youth Club,2026-04-22,NO,12:00,13:00,default,1,UNIQUE,Girls_Attendance_Apr_Jun_26_Girls_Youth_Club_Apr_Jun_26_Attendance_1789330854.xlsx,Wed 22nd Apr,8,0,CREATE_SESSION,7950918d-d55e-46a8-800c-16af25331c57,
Girls Youth Club,Girls Youth Club,2026-04-28,NO,12:00,13:00,default,1,UNIQUE,Girls_Attendance_Apr_Jun_26_Girls_Youth_Club_Apr_Jun_26_Attendance_1789330854.xlsx,Tue 28th Apr,5,0,CREATE_SESSION,aef9c44e-5acb-496a-8063-8455e2cd090b,
Girls Youth Club,Girls Youth Club,2026-04-29,NO,12:00,13:00,default,1,UNIQUE,Girls_Attendance_Apr_Jun_26_Girls_Youth_Club_Apr_Jun_26_Attendance_1789330854.xlsx,Wed 29th Apr,11,0,CREATE_SESSION,47823b16-c8ee-4cc1-b354-62b0f888bc1a,
Girls Youth Club,Girls Youth Club,2026-05-05,NO,12:00,13:00,default,1,UNIQUE,Girls_Attendance_Apr_Jun_26_Girls_Youth_Club_Apr_Jun_26_Attendance_1789330854.xlsx,Tue 5th May,9,0,CREATE_SESSION,378cb4f9-d400-4bee-8730-868040bdd7b5,
Girls Youth Club,Girls Youth Club,2026-05-06,NO,12:00,13:00,default,1,UNIQUE,Girls_Attendance_Apr_Jun_26_Girls_Youth_Club_Apr_Jun_26_Attendance_1789330854.xlsx,Wed 6th May,11,0,CREATE_SESSION,d75c8b6a-e948-4838-ac47-7a4599af7b5c,
Girls Youth Club,Girls Youth Club,2026-05-12,NO,12:00,13:00,default,1,UNIQUE,Girls_Attendance_Apr_Jun_26_Girls_Youth_Club_Apr_Jun_26_Attendance_1789330854.xlsx,Tue 12th May,5,0,CREATE_SESSION,baf390f0-3649-45ed-a564-cf9a373badd6,
Girls Youth Club,Girls Youth Club,2026-05-19,NO,12:00,13:00,default,1,UNIQUE,Girls_Attendance_Apr_Jun_26_Girls_Youth_Club_Apr_Jun_26_Attendance_1789330854.xlsx,Tue 19th May,5,0,CREATE_SESSION,6622d648-590e-4725-85f6-cf5e18684446,
Girls Youth Club,Girls Youth Club,2026-05-20,NO,12:00,13:00,default,1,UNIQUE,Girls_Attendance_Apr_Jun_26_Girls_Youth_Club_Apr_Jun_26_Attendance_1789330854.xlsx,Wed 20th May,8,0,CREATE_SESSION,404617bc-617d-463b-98d7-ca47f4fa9d44,
Girls Youth Club,Girls Youth Club,2026-06-02,NO,12:00,13:00,default,1,UNIQUE,Girls_Attendance_Apr_Jun_26_Girls_Youth_Club_Apr_Jun_26_Attendance_1789330854.xlsx,Tue 2nd Jun,1,0,CREATE_SESSION,0fcb6cba-dfbd-4376-8d18-ad08c7d208c9,
Girls Youth Club,Girls Youth Club,2026-06-03,NO,12:00,13:00,default,1,UNIQUE,Girls_Attendance_Apr_Jun_26_Girls_Youth_Club_Apr_Jun_26_Attendance_1789330854.xlsx,Wed 3rd Jun,4,0,CREATE_SESSION,df89fb7d-a582-43bc-8b25-9dc202696888,
Girls Youth Club,Girls Youth Club,2026-06-09,NO,12:00,13:00,default,1,UNIQUE,Girls_Attendance_Apr_Jun_26_Girls_Youth_Club_Apr_Jun_26_Attendance_1789330854.xlsx,Tue 9th Jun,5,0,CREATE_SESSION,d0f5f257-a92e-40d5-a7ab-ac4953542e2e,
Girls Youth Club,Girls Youth Club,2026-06-16,NO,12:00,13:00,default,1,UNIQUE,Girls_Attendance_Apr_Jun_26_Girls_Youth_Club_Apr_Jun_26_Attendance_1789330854.xlsx,Tue 16th Jun,3,0,CREATE_SESSION,5b1011c2-4b70-455d-b0d0-0aea19c4b03d,
Girls Youth Club,Girls Youth Club,2026-06-17,NO,12:00,13:00,default,1,UNIQUE,Girls_Attendance_Apr_Jun_26_Girls_Youth_Club_Apr_Jun_26_Attendance_1789330854.xlsx,Wed 17th Jun,2,0,CREATE_SESSION,f011c5df-ca83-4e81-a152-afd87f537419,
Girls Youth Club,Girls Youth Club,2026-07-15,NO,12:00,13:00,default,2,DEDUP_IDENTICAL,Girls_Attendance_Apr_Jun_26_Girls_Youth_Club_Apr_Jun_26_Attendance_1789330854.xlsx | Girls_Attendance_Jul_Sep_26_Girls_Youth_Club_Jul_Sep_26_Attendance_1789330862.xlsx,Wed 15th Jul,7,0,CREATE_SESSION,f5e64bc2-f240-4349-a637-73d78d493d12,
Girls Youth Club,Girls Youth Club,2026-08-19,NO,12:00,13:00,default,2,DEDUP_IDENTICAL,Girls_Attendance_Apr_Jun_26_Girls_Youth_Club_Apr_Jun_26_Attendance_1789330854.xlsx | Girls_Attendance_Jul_Sep_26_Girls_Youth_Club_Jul_Sep_26_Attendance_1789330862.xlsx,Wed 19th Aug,3,0,CREATE_SESSION,5403f1d1-a92a-40d8-b6b2-80de34b2b463,
Girls Youth Club,Girls Youth Club,2026-09-02,NO,12:00,13:00,default,1,UNIQUE,Girls_Attendance_Jul_Sep_26_Girls_Youth_Club_Jul_Sep_26_Attendance_1789330862.xlsx,Wed 2nd Sep,7,0,CREATE_SESSION,e0f7f2b5-c1d0-4997-9075-770e08ffc266,
Girls Youth Club,Girls Youth Club,2026-09-08,NO,12:00,13:00,default,1,UNIQUE,Girls_Attendance_Jul_Sep_26_Girls_Youth_Club_Jul_Sep_26_Attendance_1789330862.xlsx,Tue 8th Sep,3,0,CREATE_SESSION,5e188378-d62d-4e93-b609-661294f497e3,
Girls Youth Club,Girls Youth Club,2026-09-09,NO,12:00,13:00,default,1,UNIQUE,Girls_Attendance_Jul_Sep_26_Girls_Youth_Club_Jul_Sep_26_Attendance_1789330862.xlsx,Wed 9th Sep,3,0,CREATE_SESSION,9f76e480-c09c-4a6c-8573-b98cd7bbd629,
HAF,HAF,2025-07-22,NO,12:00,13:00,default,1,UNIQUE,HAF_Summer_2025_July_August_2025_1789330965.xlsx,22/07/2025,41,0,CREATE_SESSION,4e1c9c7e-442e-4735-875f-edf3a1eabdc2,
HAF,HAF,2025-07-23,NO,12:00,13:00,default,1,UNIQUE,HAF_Summer_2025_July_August_2025_1789330965.xlsx,23/07/2025,47,0,CREATE_SESSION,52461fcf-c043-4029-860f-e9a5d2f995e6,
HAF,HAF,2025-07-24,NO,12:00,13:00,default,1,UNIQUE,HAF_Summer_2025_July_August_2025_1789330965.xlsx,24/07/2025,42,0,CREATE_SESSION,c848ae52-5fb7-4b2f-b598-78c618af38e5,
HAF,HAF,2025-07-28,NO,12:00,13:00,default,1,UNIQUE,HAF_Summer_2025_July_August_2025_1789330965.xlsx,28/07/2025,40,0,CREATE_SESSION,7cc4db20-c6dc-45c8-bf7f-487fcdf8ed14,
HAF,HAF,2025-07-29,NO,12:00,13:00,default,1,UNIQUE,HAF_Summer_2025_July_August_2025_1789330965.xlsx,29/07/2025,44,0,CREATE_SESSION,06ef0f02-5038-4fdd-b0df-6c696df883f5,
HAF,HAF,2025-07-30,NO,12:00,13:00,default,1,UNIQUE,HAF_Summer_2025_July_August_2025_1789330965.xlsx,30/07/2025,33,0,CREATE_SESSION,b9442bd7-aa26-4ef1-823f-171a44cb8ba0,
HAF,HAF,2025-07-31,NO,12:00,13:00,default,1,UNIQUE,HAF_Summer_2025_July_August_2025_1789330965.xlsx,31/07/2025,43,0,CREATE_SESSION,804c7b71-5086-48d3-af8b-8e2bfee40a11,
HAF,HAF,2025-08-04,NO,12:00,13:00,default,1,UNIQUE,HAF_Summer_2025_July_August_2025_1789330965.xlsx,04/08/2025,39,0,CREATE_SESSION,6febf311-22e8-472d-bb33-ece6c8f70bb2,
HAF,HAF,2025-08-05,NO,12:00,13:00,default,1,UNIQUE,HAF_Summer_2025_July_August_2025_1789330965.xlsx,05/08/2025,39,0,CREATE_SESSION,575bb88f-42ec-4ede-a14b-ed6653f34210,
HAF,HAF,2025-08-06,NO,12:00,13:00,default,1,UNIQUE,HAF_Summer_2025_July_August_2025_1789330965.xlsx,06/08/2025,40,0,CREATE_SESSION,d6e3f6d7-386f-48b0-a622-1738a3daadbb,
HAF,HAF,2025-08-07,NO,12:00,13:00,default,1,UNIQUE,HAF_Summer_2025_July_August_2025_1789330965.xlsx,07/08/2025,30,0,CREATE_SESSION,9190e31c-95d5-4b24-bf23-b21caebccc44,
HAF,HAF,2025-08-11,NO,12:00,13:00,default,1,UNIQUE,HAF_Summer_2025_July_August_2025_1789330965.xlsx,11/08/2025,39,0,CREATE_SESSION,60d45724-242b-45e2-953e-1866a04a9611,
HAF,HAF,2025-08-12,NO,12:00,13:00,default,1,UNIQUE,HAF_Summer_2025_July_August_2025_1789330965.xlsx,12/08/2025,38,0,CREATE_SESSION,4bdacde9-c58a-4452-a151-02e4471c8f92,
HAF,HAF,2025-08-13,NO,12:00,13:00,default,1,UNIQUE,HAF_Summer_2025_July_August_2025_1789330965.xlsx,13/08/2025,32,0,CREATE_SESSION,7e7be9f3-ff1b-4df8-96fa-e07a7c3ba646,
HAF,HAF,2025-08-14,NO,12:00,13:00,default,1,UNIQUE,HAF_Summer_2025_July_August_2025_1789330965.xlsx,14/08/2025,35,0,CREATE_SESSION,26797828-d4c1-482d-8f60-108c0911ab03,
HAF,HAF,2025-12-29,NO,12:00,13:00,default,1,UNIQUE,HAF_Winter_Dec_2025_December_2025_29th_31st_1789330972.xlsx,29th Dec,34,0,CREATE_SESSION,f7a0a881-1eaa-40ad-b4ef-d2d63a391264,
HAF,HAF,2025-12-30,NO,12:00,13:00,default,1,UNIQUE,HAF_Winter_Dec_2025_December_2025_29th_31st_1789330972.xlsx,30th Dec,32,0,CREATE_SESSION,6ebb8814-fa5b-42b7-9400-b582c644e943,
HAF,HAF,2025-12-31,NO,12:00,13:00,default,1,UNIQUE,HAF_Winter_Dec_2025_December_2025_29th_31st_1789330972.xlsx,31st Dec,32,0,CREATE_SESSION,264a5f24-66e7-43ef-adeb-489243e4a436,
HAF,HAF,2026-03-30,NO,12:00,13:00,default,1,UNIQUE,HAF_Spring_March_April_2026_March_April_2026_1789330980.xlsx,Mon 30th Mar,27,0,CREATE_SESSION,a1837920-0ec4-41b5-a38e-23f2aa2889b8,
HAF,HAF,2026-03-31,NO,12:00,13:00,default,1,UNIQUE,HAF_Spring_March_April_2026_March_April_2026_1789330980.xlsx,Tue 31st March,28,0,CREATE_SESSION,86984369-b0e9-4280-8e8d-f6b75b6e6ad6,
HAF,HAF,2026-04-01,NO,12:00,13:00,default,1,UNIQUE,HAF_Spring_March_April_2026_March_April_2026_1789330980.xlsx,Wed 1st April,24,0,CREATE_SESSION,9ad58983-86a4-464c-9afc-877f9d3c0d3f,
HAF,HAF,2026-04-02,NO,12:00,13:00,default,1,UNIQUE,HAF_Spring_March_April_2026_March_April_2026_1789330980.xlsx,Thur 2nd April,25,0,CREATE_SESSION,597cce40-8458-49ae-ae28-676a03424ad6,
HAF,HAF,2026-07-20,NO,12:00,13:00,default,1,UNIQUE,HAF_Summer_2026_July_August_2026_1789330987.xlsx,Mon 20th July,40,0,CREATE_SESSION,5398f66b-23d9-483a-812c-4c680c2dff12,
HAF,HAF,2026-07-21,NO,12:00,13:00,default,1,UNIQUE,HAF_Summer_2026_July_August_2026_1789330987.xlsx,Tue 21st July,35,0,CREATE_SESSION,a79fc52e-d9ce-4de6-a8c1-96a051bb606a,
HAF,HAF,2026-07-22,NO,12:00,13:00,default,1,UNIQUE,HAF_Summer_2026_July_August_2026_1789330987.xlsx,Wed 22nd July,46,0,CREATE_SESSION,992522d6-7c74-4ca8-b69e-9d4cd6931152,
HAF,HAF,2026-07-23,NO,12:00,13:00,default,1,UNIQUE,HAF_Summer_2026_July_August_2026_1789330987.xlsx,Thur 23rd July,37,0,CREATE_SESSION,2244feec-e018-4bc8-bb16-687b7794175d,
HAF,HAF,2026-07-27,NO,12:00,13:00,default,1,UNIQUE,HAF_Summer_2026_July_August_2026_1789330987.xlsx,Mon 27th July,32,0,CREATE_SESSION,2254ec93-09fc-4864-adcc-d56dcbab2f83,
HAF,HAF,2026-07-28,NO,12:00,13:00,default,1,UNIQUE,HAF_Summer_2026_July_August_2026_1789330987.xlsx,Tue 28th July,28,0,CREATE_SESSION,8a1e21ee-611e-47cd-a165-cbaddbf7c81b,
HAF,HAF,2026-07-30,NO,12:00,13:00,default,1,UNIQUE,HAF_Summer_2026_July_August_2026_1789330987.xlsx,Thur 30th July,31,0,CREATE_SESSION,ba864fda-b4b9-43d7-949a-a9efe8183cf4,
HAF,HAF,2026-08-03,NO,12:00,13:00,default,1,UNIQUE,HAF_Summer_2026_July_August_2026_1789330987.xlsx,Mon 3rd Aug,36,0,CREATE_SESSION,8bb4de9c-bae0-4212-ba79-1e5c9c187658,
HAF,HAF,2026-08-04,NO,12:00,13:00,default,1,UNIQUE,HAF_Summer_2026_July_August_2026_1789330987.xlsx,Tue 4th Aug,31,0,CREATE_SESSION,8338c987-383a-4579-b354-005f2f24ff33,
HAF,HAF,2026-08-05,NO,12:00,13:00,default,1,UNIQUE,HAF_Summer_2026_July_August_2026_1789330987.xlsx,Wed 5th Aug,26,0,CREATE_SESSION,e9442d45-c16d-4513-8bc7-407874dfe865,
HAF,HAF,2026-08-06,NO,12:00,13:00,default,1,UNIQUE,HAF_Summer_2026_July_August_2026_1789330987.xlsx,Thur 6th Aug,31,0,CREATE_SESSION,9d3e8efb-c8cd-4876-b5b4-bb574b8578a4,
HAF,HAF,2026-08-10,NO,12:00,13:00,default,1,UNIQUE,HAF_Summer_2026_July_August_2026_1789330987.xlsx,Mon 10th Aug,25,0,CREATE_SESSION,97df026b-44d1-44db-9986-8d48a3231977,
HAF,HAF,2026-08-11,NO,12:00,13:00,default,1,UNIQUE,HAF_Summer_2026_July_August_2026_1789330987.xlsx,Tue 11th Aug,30,0,CREATE_SESSION,f71773fe-08fe-4cd0-b36a-5f52cf95bcf4,
HAF,HAF,2026-08-13,NO,12:00,13:00,default,1,UNIQUE,HAF_Summer_2026_July_August_2026_1789330987.xlsx,Thu 13th Aug,14,0,CREATE_SESSION,0f5a015b-12f8-47d1-b967-dbf95fe48fe1,
XLR8,XLR8,2025-05-07,NO,12:00,13:00,default,1,UNIQUE,XLR8_Workshops_May_Aug_2025_XLR8_Workshops_May_Aug_2025_1789330899.xlsx,Wed 7th May,6,0,CREATE_SESSION,b3d93ae3-fa48-4b6f-9f7b-56ec29a797a5,
XLR8,XLR8,2025-05-14,NO,12:00,13:00,default,1,UNIQUE,XLR8_Workshops_May_Aug_2025_XLR8_Workshops_May_Aug_2025_1789330899.xlsx,Wed 14th May,6,0,CREATE_SESSION,ca2d3752-d3f1-4ee1-bc1f-4736306e4450,
XLR8,XLR8,2025-05-21,NO,12:00,13:00,default,1,UNIQUE,XLR8_Workshops_May_Aug_2025_XLR8_Workshops_May_Aug_2025_1789330899.xlsx,Wed 21st May,14,0,CREATE_SESSION,6f8d7002-7b26-433e-babb-c1ee2f2ee521,
XLR8,XLR8,2025-06-11,NO,12:00,13:00,default,1,UNIQUE,XLR8_Workshops_May_Aug_2025_XLR8_Workshops_May_Aug_2025_1789330899.xlsx,Wed 11th Jun,7,0,CREATE_SESSION,b25067bd-79d2-407f-9257-0d3a9e41eacf,
XLR8,XLR8,2025-06-18,NO,12:00,13:00,default,1,UNIQUE,XLR8_Workshops_May_Aug_2025_XLR8_Workshops_May_Aug_2025_1789330899.xlsx,Wed 18th Jun,9,0,CREATE_SESSION,647e9d60-e6d7-434e-96a0-dd8a260cba74,
XLR8,XLR8,2025-07-02,NO,12:00,13:00,default,1,UNIQUE,XLR8_Workshops_May_Aug_2025_XLR8_Workshops_May_Aug_2025_1789330899.xlsx,Wed 2nd July,9,0,CREATE_SESSION,29b8f682-1f66-4744-aca9-1c9125615f15,
XLR8,XLR8,2025-07-09,NO,12:00,13:00,default,1,UNIQUE,XLR8_Workshops_May_Aug_2025_XLR8_Workshops_May_Aug_2025_1789330899.xlsx,Wed 9th July,6,0,CREATE_SESSION,ac3df6a4-c28a-49af-aa92-406570fc9754,
XLR8,XLR8,2025-08-27,NO,12:00,13:00,default,1,UNIQUE,XLR8_Workshops_May_Aug_2025_XLR8_Workshops_May_Aug_2025_1789330899.xlsx,Wed 27th Aug,8,0,CREATE_SESSION,7926862a-9694-496f-9331-e7d0ac3a0348,
Youth Club (Mixed),Youth Club (Mixed),2025-06-02,NO,12:00,13:00,weekday:Monday,1,UNIQUE,OCF_Youth_Club_Mondays_OCF_Youth_Club_Mondays_Jun_Aug_25_1789330997.xlsx,Mon 2nd Jun,11,0,CREATE_SESSION,19b99b0d-3fb0-45ec-aa73-3ce787307012,
Youth Club (Mixed),Youth Club (Mixed),2025-06-09,NO,12:00,13:00,weekday:Monday,1,UNIQUE,OCF_Youth_Club_Mondays_OCF_Youth_Club_Mondays_Jun_Aug_25_1789330997.xlsx,Mon 9th June,8,0,CREATE_SESSION,a6b283bb-286e-4874-8e39-62b67907ded2,
Youth Club (Mixed),Youth Club (Mixed),2025-06-16,NO,12:00,13:00,weekday:Monday,1,UNIQUE,OCF_Youth_Club_Mondays_OCF_Youth_Club_Mondays_Jun_Aug_25_1789330997.xlsx,Mon 16th Jun,12,0,CREATE_SESSION,c1681a87-fd75-4e84-8dca-6a4ea9370176,
Youth Club (Mixed),Youth Club (Mixed),2025-06-23,NO,12:00,13:00,weekday:Monday,1,UNIQUE,OCF_Youth_Club_Mondays_OCF_Youth_Club_Mondays_Jun_Aug_25_1789330997.xlsx,Mon 23rd Jun,9,0,CREATE_SESSION,1df9872f-ecb7-4e8c-bf18-09b7bb22f719,
Youth Club (Mixed),Youth Club (Mixed),2025-06-30,NO,12:00,13:00,weekday:Monday,1,UNIQUE,OCF_Youth_Club_Mondays_OCF_Youth_Club_Mondays_Jun_Aug_25_1789330997.xlsx,Mon 30th Jun,9,0,CREATE_SESSION,743f87bd-3dfa-4577-ad0b-9180dc9edbbd,
Youth Club (Mixed),Youth Club (Mixed),2025-07-07,NO,12:00,13:00,weekday:Monday,1,UNIQUE,OCF_Youth_Club_Mondays_OCF_Youth_Club_Mondays_Jun_Aug_25_1789330997.xlsx,Mon 7th July,4,0,CREATE_SESSION,90a67bb6-74a7-4589-986b-83ee07db7e81,
Youth Club (Mixed),Youth Club (Mixed),2025-07-14,NO,12:00,13:00,weekday:Monday,1,UNIQUE,OCF_Youth_Club_Mondays_OCF_Youth_Club_Mondays_Jun_Aug_25_1789330997.xlsx,Mon 14th July,3,0,CREATE_SESSION,bac446c1-f750-44c4-a2cb-6776ce13fc20,
Youth Club (Mixed),Youth Club (Mixed),2025-07-21,NO,12:00,13:00,weekday:Monday,1,UNIQUE,OCF_Youth_Club_Mondays_OCF_Youth_Club_Mondays_Jun_Aug_25_1789330997.xlsx,Mon 21st July,3,0,CREATE_SESSION,986c7936-9dbd-4aa4-ab6a-1fabe59f997c,
