Action,Date,Venue,Activity,SourceFile,SourceSheet,SourceSessionRef,SessionId,SourceCard,SourceName,MemberRef,Detail
EXISTING_SESSION,2025-05-29,Calthorpe Wellbeing Hub,Men's Know Your Number,Men's sessions (FFF Know your numbers) Zaheers (1).xlsx,June 2025 - March 2026,COL-X,15447,,,,Reused SessionId=15447; CRM time=07:00:00-07:45:00
ALREADY_IN_CRM,2025-05-29,Calthorpe Wellbeing Hub,Men's Know Your Number,Men's sessions (FFF Know your numbers) Zaheers (1).xlsx,June 2025 - March 2026,COL-X,15447,,Ali Kurji,LITE:46A8E277-AA58-41B1-9C78-8E8214D334C0,MATCHED_LITE_EXACT_NAME; attendance exists
ALREADY_IN_CRM,2025-05-29,Calthorpe Wellbeing Hub,Men's Know Your Number,Men's sessions (FFF Know your numbers) Zaheers (1).xlsx,June 2025 - March 2026,COL-X,15447,,Noel Mcmanamon,LITE:FAD71D28-1C60-4B48-A1AD-013BD677FDE4,MATCHED_LITE_EXACT_NAME; attendance exists
ALREADY_IN_CRM,2025-05-29,Calthorpe Wellbeing Hub,Men's Know Your Number,Men's sessions (FFF Know your numbers) Zaheers (1).xlsx,June 2025 - March 2026,COL-X,15447,,Abdul Rashid,LITE:646A68C3-2CB6-4601-BF6F-AB7EFE4F1BAA,MATCHED_LITE_EXACT_NAME; attendance exists
ALREADY_IN_CRM,2025-05-29,Calthorpe Wellbeing Hub,Men's Know Your Number,Men's sessions (FFF Know your numbers) Zaheers (1).xlsx,June 2025 - March 2026,COL-X,15447,,Fatehi Hasan,LITE:32E3CEC0-5EE7-4714-BDA8-7A3A2B54A43E,MATCHED_LITE_EXACT_NAME; attendance exists
ALREADY_IN_CRM,2025-05-29,Calthorpe Wellbeing Hub,Men's Know Your Number,Men's sessions (FFF Know your numbers) Zaheers (1).xlsx,June 2025 - March 2026,COL-X,15447,,Abdul Bawazir,LITE:A93CDB63-92E9-4FAE-A144-50B4C8ABD383,MATCHED_LITE_EXACT_NAME; attendance exists
EXISTING_SESSION,2025-05-30,Strensham Rd,Men's Know Your Number,Men's sessions (FFF Know your numbers) Zaheers (1).xlsx,June 2025 - March 2026,COL-Y,15448,,,,Reused SessionId=15448; CRM time=07:00:00-07:45:00
ALREADY_IN_CRM,2025-05-30,Strensham Rd,Men's Know Your Number,Men's sessions (FFF Know your numbers) Zaheers (1).xlsx,June 2025 - March 2026,COL-Y,15448,,Satnam Singh,LITE:10CD7978-6CD8-42AF-89C3-3139E75717AD,MATCHED_LITE_EXACT_NAME; attendance exists
ALREADY_IN_CRM,2025-05-30,Strensham Rd,Men's Know Your Number,Men's sessions (FFF Know your numbers) Zaheers (1).xlsx,June 2025 - March 2026,COL-Y,15448,,Wasim Fakir,LITE:088A1DE0-A98E-4EA1-B745-911ACF571156,MATCHED_LITE_EXACT_NAME; attendance exists
ALREADY_IN_CRM,2025-05-30,Strensham Rd,Men's Know Your Number,Men's sessions (FFF Know your numbers) Zaheers (1).xlsx,June 2025 - March 2026,COL-Y,15448,,Mohidin Mohammed,LITE:A605A7F0-3D24-41AB-B7DA-D5F79911FEB7,MATCHED_LITE_EXACT_NAME; attendance exists
EXISTING_SESSION,2025-06-03,Bahu Trust,Men's Know Your Number,Men's sessions (FFF Know your numbers) Zaheers (1).xlsx,June 2025 - March 2026,COL-Z,15449,,,,Reused SessionId=15449; CRM time=13:30:00-14:30:00
ALREADY_IN_CRM,2025-06-03,Bahu Trust,Men's Know Your Number,Men's sessions (FFF Know your numbers) Zaheers (1).xlsx,June 2025 - March 2026,COL-Z,15449,,quarban ali,LITE:55617D0C-3812-4997-8C30-337F37BD32CE,MATCHED_LITE_EXACT_NAME; attendance exists
ALREADY_IN_CRM,2025-06-03,Bahu Trust,Men's Know Your Number,Men's sessions (FFF Know your numbers) Zaheers (1).xlsx,June 2025 - March 2026,COL-Z,15449,,khadim husain,LITE:658EB0A8-F586-45C7-A3F0-4B5D2C42DB5A,MATCHED_LITE_EXACT_NAME; attendance exists
ALREADY_IN_CRM,2025-06-03,Bahu Trust,Men's Know Your Number,Men's sessions (FFF Know your numbers) Zaheers (1).xlsx,June 2025 - March 2026,COL-Z,15449,,mohamad bashir,LITE:C2322A8A-9B7D-430F-9A56-519C4074B98F,MATCHED_LITE_EXACT_NAME; attendance exists
ALREADY_IN_CRM,2025-06-03,Bahu Trust,Men's Know Your Number,Men's sessions (FFF Know your numbers) Zaheers (1).xlsx,June 2025 - March 2026,COL-Z,15449,,mohamad ayub,LITE:B67CE631-949C-43E1-AC1F-DDD7A2C162E8,MATCHED_LITE_EXACT_NAME; attendance exists
ALREADY_IN_CRM,2025-06-03,Bahu Trust,Men's Know Your Number,Men's sessions (FFF Know your numbers) Zaheers (1).xlsx,June 2025 - March 2026,COL-Z,15449,,tasadiq hussain,LITE:26A5EA46-D1C4-45BD-A48B-5E4DBE371DAF,MATCHED_LITE_EXACT_NAME; attendance exists
ALREADY_IN_CRM,2025-06-03,Bahu Trust,Men's Know Your Number,Men's sessions (FFF Know your numbers) Zaheers (1).xlsx,June 2025 - March 2026,COL-Z,15449,,mohammad ramzan,LITE:E059078D-248B-462E-8054-AC370A935C5B,MATCHED_LITE_EXACT_NAME; attendance exists
ALREADY_IN_CRM,2025-06-03,Bahu Trust,Men's Know Your Number,Men's sessions (FFF Know your numbers) Zaheers (1).xlsx,June 2025 - March 2026,COL-Z,15449,,abdullah rehman,LITE:AD55753D-182A-4D37-B2C5-4CB23A0AE289,MATCHED_LITE_EXACT_NAME; attendance exists
EXISTING_SESSION,2025-06-05,Calthorpe Wellbeing Hub,Men's Know Your Number,Men's sessions (FFF Know your numbers) Zaheers (1).xlsx,June 2025 - March 2026,COL-AA,15450,,,,Reused SessionId=15450; CRM time=07:00:00-07:45:00
ALREADY_IN_CRM,2025-06-05,Calthorpe Wellbeing Hub,Men's Know Your Number,Men's sessions (FFF Know your numbers) Zaheers (1).xlsx,June 2025 - March 2026,COL-AA,15450,,Ali Kurji,LITE:46A8E277-AA58-41B1-9C78-8E8214D334C0,MATCHED_LITE_EXACT_NAME; attendance exists
ALREADY_IN_CRM,2025-06-05,Calthorpe Wellbeing Hub,Men's Know Your Number,Men's sessions (FFF Know your numbers) Zaheers (1).xlsx,June 2025 - March 2026,COL-AA,15450,,Noel Mcmanamon,LITE:FAD71D28-1C60-4B48-A1AD-013BD677FDE4,MATCHED_LITE_EXACT_NAME; attendance exists
ALREADY_IN_CRM,2025-06-05,Calthorpe Wellbeing Hub,Men's Know Your Number,Men's sessions (FFF Know your numbers) Zaheers (1).xlsx,June 2025 - March 2026,COL-AA,15450,,Fatehi Hasan,LITE:32E3CEC0-5EE7-4714-BDA8-7A3A2B54A43E,MATCHED_LITE_EXACT_NAME; attendance exists
EXISTING_SESSION,2025-06-10,Bahu Trust,Men's Know Your Number,Men's sessions (FFF Know your numbers) Zaheers (1).xlsx,June 2025 - March 2026,COL-AB,15451,,,,Reused SessionId=15451; CRM time=13:30:00-14:30:00
ALREADY_IN_CRM,2025-06-10,Bahu Trust,Men's Know Your Number,Men's sessions (FFF Know your numbers) Zaheers (1).xlsx,June 2025 - March 2026,COL-AB,15451,,quarban ali,LITE:55617D0C-3812-4997-8C30-337F37BD32CE,MATCHED_LITE_EXACT_NAME; attendance exists
ALREADY_IN_CRM,2025-06-10,Bahu Trust,Men's Know Your Number,Men's sessions (FFF Know your numbers) Zaheers (1).xlsx,June 2025 - March 2026,COL-AB,15451,,khadim husain,LITE:658EB0A8-F586-45C7-A3F0-4B5D2C42DB5A,MATCHED_LITE_EXACT_NAME; attendance exists
ALREADY_IN_CRM,2025-06-10,Bahu Trust,Men's Know Your Number,Men's sessions (FFF Know your numbers) Zaheers (1).xlsx,June 2025 - March 2026,COL-AB,15451,,mohamad bashir,LITE:C2322A8A-9B7D-430F-9A56-519C4074B98F,MATCHED_LITE_EXACT_NAME; attendance exists
ALREADY_IN_CRM,2025-06-10,Bahu Trust,Men's Know Your Number,Men's sessions (FFF Know your numbers) Zaheers (1).xlsx,June 2025 - March 2026,COL-AB,15451,,tasadiq hussain,LITE:26A5EA46-D1C4-45BD-A48B-5E4DBE371DAF,MATCHED_LITE_EXACT_NAME; attendance exists
ALREADY_IN_CRM,2025-06-10,Bahu Trust,Men's Know Your Number,Men's sessions (FFF Know your numbers) Zaheers (1).xlsx,June 2025 - March 2026,COL-AB,15451,,abdullah rehman,LITE:AD55753D-182A-4D37-B2C5-4CB23A0AE289,MATCHED_LITE_EXACT_NAME; attendance exists
ALREADY_IN_CRM,2025-06-10,Bahu Trust,Men's Know Your Number,Men's sessions (FFF Know your numbers) Zaheers (1).xlsx,June 2025 - March 2026,COL-AB,15451,,Mohammed Kassim,LITE:957E464F-EF4D-4192-8A98-0EA4CA430C8B,MATCHED_LITE_EXACT_NAME; attendance exists
ALREADY_IN_CRM,2025-06-10,Bahu Trust,Men's Know Your Number,Men's sessions (FFF Know your numbers) Zaheers (1).xlsx,June 2025 - March 2026,COL-AB,15451,,Mohammed Sadiq,LITE:ED3B3B79-C615-4532-813D-3417CC76BD38,MATCHED_LITE_EXACT_NAME; attendance exists
ALREADY_IN_CRM,2025-06-10,Bahu Trust,Men's Know Your Number,Men's sessions (FFF Know your numbers) Zaheers (1).xlsx,June 2025 - March 2026,COL-AB,15451,,Mustafa Ahmed,LITE:69C71C65-B3D8-4583-8E5D-9D6CE698052D,MATCHED_LITE_EXACT_NAME; attendance exists
ALREADY_IN_CRM,2025-06-10,Bahu Trust,Men's Know Your Number,Men's sessions (FFF Know your numbers) Zaheers (1).xlsx,June 2025 - March 2026,COL-AB,15451,,Mohammed Ajaz,LITE:97569499-3428-433F-864A-9082918E4A98,MATCHED_LITE_EXACT_NAME; attendance exists
ALREADY_IN_CRM,2025-06-10,Bahu Trust,Men's Know Your Number,Men's sessions (FFF Know your numbers) Zaheers (1).xlsx,June 2025 - March 2026,COL-AB,15451,,Isfaq Shah,LITE:814C123D-5A50-4E00-9494-24F43D64629F,MATCHED_LITE_EXACT_NAME; attendance exists
EXISTING_SESSION,2025-06-12,Calthorpe Wellbeing Hub,Men's Know Your Number,Men's sessions (FFF Know your numbers) Zaheers (1).xlsx,June 2025 - March 2026,COL-AC,15452,,,,Reused SessionId=15452; CRM time=07:00:00-07:45:00
ALREADY_IN_CRM,2025-06-12,Calthorpe Wellbeing Hub,Men's Know Your Number,Men's sessions (FFF Know your numbers) Zaheers (1).xlsx,June 2025 - March 2026,COL-AC,15452,,Ali Kurji,LITE:46A8E277-AA58-41B1-9C78-8E8214D334C0,MATCHED_LITE_EXACT_NAME; attendance exists
ALREADY_IN_CRM,2025-06-12,Calthorpe Wellbeing Hub,Men's Know Your Number,Men's sessions (FFF Know your numbers) Zaheers (1).xlsx,June 2025 - March 2026,COL-AC,15452,,Noel Mcmanamon,LITE:FAD71D28-1C60-4B48-A1AD-013BD677FDE4,MATCHED_LITE_EXACT_NAME; attendance exists
ALREADY_IN_CRM,2025-06-12,Calthorpe Wellbeing Hub,Men's Know Your Number,Men's sessions (FFF Know your numbers) Zaheers (1).xlsx,June 2025 - March 2026,COL-AC,15452,,Fatehi Hasan,LITE:32E3CEC0-5EE7-4714-BDA8-7A3A2B54A43E,MATCHED_LITE_EXACT_NAME; attendance exists
ALREADY_IN_CRM,2025-06-12,Calthorpe Wellbeing Hub,Men's Know Your Number,Men's sessions (FFF Know your numbers) Zaheers (1).xlsx,June 2025 - March 2026,COL-AC,15452,,Mohammed Uddin,LITE:00D7C562-D9A4-4469-8B5A-14E23C0F1DDB,MATCHED_LITE_EXACT_NAME; attendance exists
ALREADY_IN_CRM,2025-06-12,Calthorpe Wellbeing Hub,Men's Know Your Number,Men's sessions (FFF Know your numbers) Zaheers (1).xlsx,June 2025 - March 2026,COL-AC,15452,,Abdul Rahman,LITE:5B3A9A61-E2A8-438A-8BE9-D7D577C035E6,MATCHED_LITE_EXACT_NAME; attendance exists
EXISTING_SESSION,2025-06-13,Strensham Rd,Men's Know Your Number,Men's sessions (FFF Know your numbers) Zaheers (1).xlsx,June 2025 - March 2026,COL-AD,15453,,,,Reused SessionId=15453; CRM time=07:00:00-07:45:00
ALREADY_IN_CRM,2025-06-13,Strensham Rd,Men's Know Your Number,Men's sessions (FFF Know your numbers) Zaheers (1).xlsx,June 2025 - March 2026,COL-AD,15453,,Wasim Fakir,LITE:088A1DE0-A98E-4EA1-B745-911ACF571156,MATCHED_LITE_EXACT_NAME; attendance exists
ALREADY_IN_CRM,2025-06-13,Strensham Rd,Men's Know Your Number,Men's sessions (FFF Know your numbers) Zaheers (1).xlsx,June 2025 - March 2026,COL-AD,15453,,Mohidin Mohammed,LITE:A605A7F0-3D24-41AB-B7DA-D5F79911FEB7,MATCHED_LITE_EXACT_NAME; attendance exists
ALREADY_IN_CRM,2025-06-13,Strensham Rd,Men's Know Your Number,Men's sessions (FFF Know your numbers) Zaheers (1).xlsx,June 2025 - March 2026,COL-AD,15453,,Mohammed Amaan,LITE:3B1ABB1D-E987-4830-8BBB-FF9EF19CF1EF,MATCHED_LITE_EXACT_NAME; attendance exists
ALREADY_IN_CRM,2025-06-13,Strensham Rd,Men's Know Your Number,Men's sessions (FFF Know your numbers) Zaheers (1).xlsx,June 2025 - March 2026,COL-AD,15453,,Sana Ullah Chaudhary,LITE:854F8AFB-026E-4C11-BD19-538E79661519,MATCHED_LITE_EXACT_NAME; attendance exists
ALREADY_IN_CRM,2025-06-13,Strensham Rd,Men's Know Your Number,Men's sessions (FFF Know your numbers) Zaheers (1).xlsx,June 2025 - March 2026,COL-AD,15453,,Femi Adekunle,LITE:DBC0F9AA-2CD0-4BD2-BA9E-F71E5A275BFE,MATCHED_LITE_EXACT_NAME; attendance exists
ALREADY_IN_CRM,2025-06-13,Strensham Rd,Men's Know Your Number,Men's sessions (FFF Know your numbers) Zaheers (1).xlsx,June 2025 - March 2026,COL-AD,15453,,Abdul Hafeez Anhari,LITE:FAEC282B-84E8-4FF1-8F66-0FBEF3EA7EAB,MATCHED_LITE_EXACT_NAME; attendance exists
EXISTING_SESSION,2025-06-17,Bahu Trust,Men's Know Your Number,Men's sessions (FFF Know your numbers) Zaheers (1).xlsx,June 2025 - March 2026,COL-AE,15454,,,,Reused SessionId=15454; CRM time=13:30:00-14:30:00
ALREADY_IN_CRM,2025-06-17,Bahu Trust,Men's Know Your Number,Men's sessions (FFF Know your numbers) Zaheers (1).xlsx,June 2025 - March 2026,COL-AE,15454,,quarban ali,LITE:55617D0C-3812-4997-8C30-337F37BD32CE,MATCHED_LITE_EXACT_NAME; attendance exists
ALREADY_IN_CRM,2025-06-17,Bahu Trust,Men's Know Your Number,Men's sessions (FFF Know your numbers) Zaheers (1).xlsx,June 2025 - March 2026,COL-AE,15454,,khadim husain,LITE:658EB0A8-F586-45C7-A3F0-4B5D2C42DB5A,MATCHED_LITE_EXACT_NAME; attendance exists
ALREADY_IN_CRM,2025-06-17,Bahu Trust,Men's Know Your Number,Men's sessions (FFF Know your numbers) Zaheers (1).xlsx,June 2025 - March 2026,COL-AE,15454,,mohamad bashir,LITE:C2322A8A-9B7D-430F-9A56-519C4074B98F,MATCHED_LITE_EXACT_NAME; attendance exists
ALREADY_IN_CRM,2025-06-17,Bahu Trust,Men's Know Your Number,Men's sessions (FFF Know your numbers) Zaheers (1).xlsx,June 2025 - March 2026,COL-AE,15454,,abdullah rehman,LITE:AD55753D-182A-4D37-B2C5-4CB23A0AE289,MATCHED_LITE_EXACT_NAME; attendance exists
ALREADY_IN_CRM,2025-06-17,Bahu Trust,Men's Know Your Number,Men's sessions (FFF Know your numbers) Zaheers (1).xlsx,June 2025 - March 2026,COL-AE,15454,,Mohammed Kassim,LITE:957E464F-EF4D-4192-8A98-0EA4CA430C8B,MATCHED_LITE_EXACT_NAME; attendance exists
ALREADY_IN_CRM,2025-06-17,Bahu Trust,Men's Know Your Number,Men's sessions (FFF Know your numbers) Zaheers (1).xlsx,June 2025 - March 2026,COL-AE,15454,,Mohammed Sadiq,LITE:ED3B3B79-C615-4532-813D-3417CC76BD38,MATCHED_LITE_EXACT_NAME; attendance exists
ALREADY_IN_CRM,2025-06-17,Bahu Trust,Men's Know Your Number,Men's sessions (FFF Know your numbers) Zaheers (1).xlsx,June 2025 - March 2026,COL-AE,15454,,Mohammed Ajaz,LITE:97569499-3428-433F-864A-9082918E4A98,MATCHED_LITE_EXACT_NAME; attendance exists
ALREADY_IN_CRM,2025-06-17,Bahu Trust,Men's Know Your Number,Men's sessions (FFF Know your numbers) Zaheers (1).xlsx,June 2025 - March 2026,COL-AE,15454,,Isfaq Shah,LITE:814C123D-5A50-4E00-9494-24F43D64629F,MATCHED_LITE_EXACT_NAME; attendance exists
ALREADY_IN_CRM,2025-06-17,Bahu Trust,Men's Know Your Number,Men's sessions (FFF Know your numbers) Zaheers (1).xlsx,June 2025 - March 2026,COL-AE,15454,,Mohanmed Malik,LITE:24ADFDE4-9F95-4D6C-9761-2C710617C6CB,MATCHED_LITE_EXACT_NAME; attendance exists
ALREADY_IN_CRM,2025-06-17,Bahu Trust,Men's Know Your Number,Men's sessions (FFF Know your numbers) Zaheers (1).xlsx,June 2025 - March 2026,COL-AE,15454,,Abdul Gaffa,LITE:E7685995-D901-4761-926C-F97D6FC8366D,MATCHED_LITE_EXACT_NAME; attendance exists
ALREADY_IN_CRM,2025-06-17,Bahu Trust,Men's Know Your Number,Men's sessions (FFF Know your numbers) Zaheers (1).xlsx,June 2025 - March 2026,COL-AE,15454,,Mohammed Jamil,LITE:432EFB1B-C6B3-4D28-9A50-3851E36B1EBE,MATCHED_LITE_EXACT_NAME; attendance exists
EXISTING_SESSION,2025-07-10,Sparkbrook Community Centre,Men's Know Your Number,Men's sessions (FFF Know your numbers) Zaheers (1).xlsx,June 2025 - March 2026,COL-AM,15455,,,,Reused SessionId=15455; CRM time=07:00:00-07:45:00
ALREADY_IN_CRM,2025-07-10,Sparkbrook Community Centre,Men's Know Your Number,Men's sessions (FFF Know your numbers) Zaheers (1).xlsx,June 2025 - March 2026,COL-AM,15455,,Taj Shinwari,LITE:91E9EF35-F34C-4515-A132-D43876D27AD8,MATCHED_LITE_EXACT_NAME; attendance exists
ALREADY_IN_CRM,2025-07-10,Sparkbrook Community Centre,Men's Know Your Number,Men's sessions (FFF Know your numbers) Zaheers (1).xlsx,June 2025 - March 2026,COL-AM,15455,,Yonas Kasa,LITE:BFBB76B4-62D7-4E8E-8165-9B04BBFD8B36,MATCHED_LITE_EXACT_NAME; attendance exists
ALREADY_IN_CRM,2025-07-10,Sparkbrook Community Centre,Men's Know Your Number,Men's sessions (FFF Know your numbers) Zaheers (1).xlsx,June 2025 - March 2026,COL-AM,15455,,Suphia Aslam,LITE:6E9BEEDB-6B27-446F-85A8-F835C2640024,MATCHED_LITE_EXACT_NAME; attendance exists
ALREADY_IN_CRM,2025-07-10,Sparkbrook Community Centre,Men's Know Your Number,Men's sessions (FFF Know your numbers) Zaheers (1).xlsx,June 2025 - March 2026,COL-AM,15455,,Nilofar Ghorban Zadeh,LITE:CFF0C523-1B6D-400F-AAA0-EF3295E82E94,MATCHED_LITE_EXACT_NAME; attendance exists
ALREADY_IN_CRM,2025-07-10,Sparkbrook Community Centre,Men's Know Your Number,Men's sessions (FFF Know your numbers) Zaheers (1).xlsx,June 2025 - March 2026,COL-AM,15455,,Isha Farooq,LITE:C20B8DC3-FC7E-4A9E-9138-3CADDF4F0141,MATCHED_LITE_EXACT_NAME; attendance exists
ALREADY_IN_CRM,2025-07-10,Sparkbrook Community Centre,Men's Know Your Number,Men's sessions (FFF Know your numbers) Zaheers (1).xlsx,June 2025 - March 2026,COL-AM,15455,,Hameema Begum,LITE:357D966F-2561-4356-81D0-E2BD894C82B2,MATCHED_LITE_EXACT_NAME; attendance exists
ALREADY_IN_CRM,2025-07-10,Sparkbrook Community Centre,Men's Know Your Number,Men's sessions (FFF Know your numbers) Zaheers (1).xlsx,June 2025 - March 2026,COL-AM,15455,,Ben Price,LITE:FDA60E57-DBC2-4E88-9DB9-6E6FC61C9FA6,MATCHED_LITE_EXACT_NAME; attendance exists
ALREADY_IN_CRM,2025-07-10,Sparkbrook Community Centre,Men's Know Your Number,Men's sessions (FFF Know your numbers) Zaheers (1).xlsx,June 2025 - March 2026,COL-AM,15455,,Smail,LITE:CEEE95FC-9B01-48EE-9E33-51B1CFBD1B71,MATCHED_LITE_EXACT_NAME; attendance exists
ALREADY_IN_CRM,2025-07-10,Sparkbrook Community Centre,Men's Know Your Number,Men's sessions (FFF Know your numbers) Zaheers (1).xlsx,June 2025 - March 2026,COL-AM,15455,,Shamriat,LITE:BC4FAE36-FBE8-47CF-9297-F49837CD17D6,MATCHED_LITE_EXACT_NAME; attendance exists
EXISTING_SESSION,2025-07-10,Bahu Trust,Men's Know Your Number,Men's sessions (FFF Know your numbers) Zaheers (1).xlsx,June 2025 - March 2026,COL-AM,15456,,,,Reused SessionId=15456; CRM time=13:30:00-14:30:00
ALREADY_IN_CRM,2025-07-10,Bahu Trust,Men's Know Your Number,Men's sessions (FFF Know your numbers) Zaheers (1).xlsx,June 2025 - March 2026,COL-AM,15456,,khadim husain,LITE:658EB0A8-F586-45C7-A3F0-4B5D2C42DB5A,MATCHED_LITE_EXACT_NAME; attendance exists
ALREADY_IN_CRM,2025-07-10,Bahu Trust,Men's Know Your Number,Men's sessions (FFF Know your numbers) Zaheers (1).xlsx,June 2025 - March 2026,COL-AM,15456,,mohamad bashir,LITE:C2322A8A-9B7D-430F-9A56-519C4074B98F,MATCHED_LITE_EXACT_NAME; attendance exists
ALREADY_IN_CRM,2025-07-10,Bahu Trust,Men's Know Your Number,Men's sessions (FFF Know your numbers) Zaheers (1).xlsx,June 2025 - March 2026,COL-AM,15456,,tasadiq hussain,LITE:26A5EA46-D1C4-45BD-A48B-5E4DBE371DAF,MATCHED_LITE_EXACT_NAME; attendance exists
ALREADY_IN_CRM,2025-07-10,Bahu Trust,Men's Know Your Number,Men's sessions (FFF Know your numbers) Zaheers (1).xlsx,June 2025 - March 2026,COL-AM,15456,,mohammad ramzan,LITE:E059078D-248B-462E-8054-AC370A935C5B,MATCHED_LITE_EXACT_NAME; attendance exists
ALREADY_IN_CRM,2025-07-10,Bahu Trust,Men's Know Your Number,Men's sessions (FFF Know your numbers) Zaheers (1).xlsx,June 2025 - March 2026,COL-AM,15456,,abdullah rehman,LITE:AD55753D-182A-4D37-B2C5-4CB23A0AE289,MATCHED_LITE_EXACT_NAME; attendance exists
ALREADY_IN_CRM,2025-07-10,Bahu Trust,Men's Know Your Number,Men's sessions (FFF Know your numbers) Zaheers (1).xlsx,June 2025 - March 2026,COL-AM,15456,,Mohammed Ajaz,LITE:97569499-3428-433F-864A-9082918E4A98,MATCHED_LITE_EXACT_NAME; attendance exists
ALREADY_IN_CRM,2025-07-10,Bahu Trust,Men's Know Your Number,Men's sessions (FFF Know your numbers) Zaheers (1).xlsx,June 2025 - March 2026,COL-AM,15456,,Mohanmed Malik,LITE:24ADFDE4-9F95-4D6C-9761-2C710617C6CB,MATCHED_LITE_EXACT_NAME; attendance exists
ALREADY_IN_CRM,2025-07-10,Bahu Trust,Men's Know Your Number,Men's sessions (FFF Know your numbers) Zaheers (1).xlsx,June 2025 - March 2026,COL-AM,15456,,Mohammed Jamil,LITE:432EFB1B-C6B3-4D28-9A50-3851E36B1EBE,MATCHED_LITE_EXACT_NAME; attendance exists
ALREADY_IN_CRM,2025-07-10,Bahu Trust,Men's Know Your Number,Men's sessions (FFF Know your numbers) Zaheers (1).xlsx,June 2025 - March 2026,COL-AM,15456,,mohammed maroof,LITE:AEB826B1-58F4-493D-BDD8-F776E6213333,MATCHED_LITE_EXACT_NAME; attendance exists
ALREADY_IN_CRM,2025-07-10,Bahu Trust,Men's Know Your Number,Men's sessions (FFF Know your numbers) Zaheers (1).xlsx,June 2025 - March 2026,COL-AM,15456,,Asif Hussain,LITE:F93F5891-A658-44F1-9240-EC39C179AC58,MATCHED_LITE_EXACT_NAME; attendance exists
ALREADY_IN_CRM,2025-07-10,Bahu Trust,Men's Know Your Number,Men's sessions (FFF Know your numbers) Zaheers (1).xlsx,June 2025 - March 2026,COL-AM,15456,,Mohammed Nazir,LITE:D018C1AB-1C59-4A12-9C53-BD7BBA8CBC8D,MATCHED_LITE_EXACT_NAME; attendance exists
ALREADY_IN_CRM,2025-07-10,Bahu Trust,Men's Know Your Number,Men's sessions (FFF Know your numbers) Zaheers (1).xlsx,June 2025 - March 2026,COL-AM,15456,,Nazir Hussain,LITE:1D2B4A31-DB27-4D30-8931-08F9445576C7,MATCHED_LITE_EXACT_NAME; attendance exists
EXISTING_SESSION,2025-07-15,Bahu Trust,Men's Know Your Number,Men's sessions (FFF Know your numbers) Zaheers (1).xlsx,June 2025 - March 2026,COL-AH,15457,,,,Reused SessionId=15457; CRM time=13:30:00-14:30:00
ALREADY_IN_CRM,2025-07-15,Bahu Trust,Men's Know Your Number,Men's sessions (FFF Know your numbers) Zaheers (1).xlsx,June 2025 - March 2026,COL-AH,15457,,tasadiq hussain,LITE:26A5EA46-D1C4-45BD-A48B-5E4DBE371DAF,MATCHED_LITE_EXACT_NAME; attendance exists
ALREADY_IN_CRM,2025-07-15,Bahu Trust,Men's Know Your Number,Men's sessions (FFF Know your numbers) Zaheers (1).xlsx,June 2025 - March 2026,COL-AH,15457,,abdullah rehman,LITE:AD55753D-182A-4D37-B2C5-4CB23A0AE289,MATCHED_LITE_EXACT_NAME; attendance exists
ALREADY_IN_CRM,2025-07-15,Bahu Trust,Men's Know Your Number,Men's sessions (FFF Know your numbers) Zaheers (1).xlsx,June 2025 - March 2026,COL-AH,15457,,Mustafa Ahmed,LITE:69C71C65-B3D8-4583-8E5D-9D6CE698052D,MATCHED_LITE_EXACT_NAME; attendance exists
ALREADY_IN_CRM,2025-07-15,Bahu Trust,Men's Know Your Number,Men's sessions (FFF Know your numbers) Zaheers (1).xlsx,June 2025 - March 2026,COL-AH,15457,,Mohammed Ajaz,LITE:97569499-3428-433F-864A-9082918E4A98,MATCHED_LITE_EXACT_NAME; attendance exists
ALREADY_IN_CRM,2025-07-15,Bahu Trust,Men's Know Your Number,Men's sessions (FFF Know your numbers) Zaheers (1).xlsx,June 2025 - March 2026,COL-AH,15457,,Isfaq Shah,LITE:814C123D-5A50-4E00-9494-24F43D64629F,MATCHED_LITE_EXACT_NAME; attendance exists
ALREADY_IN_CRM,2025-07-15,Bahu Trust,Men's Know Your Number,Men's sessions (FFF Know your numbers) Zaheers (1).xlsx,June 2025 - March 2026,COL-AH,15457,,Mohanmed Malik,LITE:24ADFDE4-9F95-4D6C-9761-2C710617C6CB,MATCHED_LITE_EXACT_NAME; attendance exists
ALREADY_IN_CRM,2025-07-15,Bahu Trust,Men's Know Your Number,Men's sessions (FFF Know your numbers) Zaheers (1).xlsx,June 2025 - March 2026,COL-AH,15457,,Haji Bashir,LITE:A438A045-8379-4766-A7B1-E58C947199AA,MATCHED_LITE_EXACT_NAME; attendance exists
ALREADY_IN_CRM,2025-07-15,Bahu Trust,Men's Know Your Number,Men's sessions (FFF Know your numbers) Zaheers (1).xlsx,June 2025 - March 2026,COL-AH,15457,,Qurban Ali,LITE:A6595BF2-167D-4A4A-AE1F-81F7100EAEFD,MATCHED_LITE_PROGRAM_HISTORY_OVERRIDE; attendance exists
ALREADY_IN_CRM,2025-07-15,Bahu Trust,Men's Know Your Number,Men's sessions (FFF Know your numbers) Zaheers (1).xlsx,June 2025 - March 2026,COL-AH,15457,,Khadim Hussain,LITE:F137B8E5-D567-4D00-8207-7E704C4A3D33,MATCHED_LITE_EXACT_NAME; attendance exists
ALREADY_IN_CRM,2025-07-15,Bahu Trust,Men's Know Your Number,Men's sessions (FFF Know your numbers) Zaheers (1).xlsx,June 2025 - March 2026,COL-AH,15457,,Mohammed Qazam,LITE:639C5C7E-0A34-449A-99A2-3C6A854E6989,MATCHED_LITE_EXACT_NAME; attendance exists
EXISTING_SESSION,2025-07-22,Bahu Trust,Men's Know Your Number,Men's sessions (FFF Know your numbers) Zaheers (1).xlsx,June 2025 - March 2026,COL-AI,15458,,,,Reused SessionId=15458; CRM time=13:30:00-14:30:00
ALREADY_IN_CRM,2025-07-22,Bahu Trust,Men's Know Your Number,Men's sessions (FFF Know your numbers) Zaheers (1).xlsx,June 2025 - March 2026,COL-AI,15458,,quarban ali,LITE:55617D0C-3812-4997-8C30-337F37BD32CE,MATCHED_LITE_EXACT_NAME; attendance exists
ALREADY_IN_CRM,2025-07-22,Bahu Trust,Men's Know Your Number,Men's sessions (FFF Know your numbers) Zaheers (1).xlsx,June 2025 - March 2026,COL-AI,15458,,khadim husain,LITE:658EB0A8-F586-45C7-A3F0-4B5D2C42DB5A,MATCHED_LITE_EXACT_NAME; attendance exists
ALREADY_IN_CRM,2025-07-22,Bahu Trust,Men's Know Your Number,Men's sessions (FFF Know your numbers) Zaheers (1).xlsx,June 2025 - March 2026,COL-AI,15458,,mohamad bashir,LITE:C2322A8A-9B7D-430F-9A56-519C4074B98F,MATCHED_LITE_EXACT_NAME; attendance exists
ALREADY_IN_CRM,2025-07-22,Bahu Trust,Men's Know Your Number,Men's sessions (FFF Know your numbers) Zaheers (1).xlsx,June 2025 - March 2026,COL-AI,15458,,tasadiq hussain,LITE:26A5EA46-D1C4-45BD-A48B-5E4DBE371DAF,MATCHED_LITE_EXACT_NAME; attendance exists
ALREADY_IN_CRM,2025-07-22,Bahu Trust,Men's Know Your Number,Men's sessions (FFF Know your numbers) Zaheers (1).xlsx,June 2025 - March 2026,COL-AI,15458,,abdullah rehman,LITE:AD55753D-182A-4D37-B2C5-4CB23A0AE289,MATCHED_LITE_EXACT_NAME; attendance exists
ALREADY_IN_CRM,2025-07-22,Bahu Trust,Men's Know Your Number,Men's sessions (FFF Know your numbers) Zaheers (1).xlsx,June 2025 - March 2026,COL-AI,15458,,Mohammed Kassim,LITE:957E464F-EF4D-4192-8A98-0EA4CA430C8B,MATCHED_LITE_EXACT_NAME; attendance exists
ALREADY_IN_CRM,2025-07-22,Bahu Trust,Men's Know Your Number,Men's sessions (FFF Know your numbers) Zaheers (1).xlsx,June 2025 - March 2026,COL-AI,15458,,Mohammed Sadiq,LITE:ED3B3B79-C615-4532-813D-3417CC76BD38,MATCHED_LITE_EXACT_NAME; attendance exists
ALREADY_IN_CRM,2025-07-22,Bahu Trust,Men's Know Your Number,Men's sessions (FFF Know your numbers) Zaheers (1).xlsx,June 2025 - March 2026,COL-AI,15458,,Mohammed Ajaz,LITE:97569499-3428-433F-864A-9082918E4A98,MATCHED_LITE_EXACT_NAME; attendance exists
ALREADY_IN_CRM,2025-07-22,Bahu Trust,Men's Know Your Number,Men's sessions (FFF Know your numbers) Zaheers (1).xlsx,June 2025 - March 2026,COL-AI,15458,,Isfaq Shah,LITE:814C123D-5A50-4E00-9494-24F43D64629F,MATCHED_LITE_EXACT_NAME; attendance exists
EXISTING_SESSION,2025-07-29,Bahu Trust,Men's Know Your Number,Men's sessions (FFF Know your numbers) Zaheers (1).xlsx,June 2025 - March 2026,COL-AJ,15459,,,,Reused SessionId=15459; CRM time=13:30:00-14:30:00
ALREADY_IN_CRM,2025-07-29,Bahu Trust,Men's Know Your Number,Men's sessions (FFF Know your numbers) Zaheers (1).xlsx,June 2025 - March 2026,COL-AJ,15459,,Asif Hussain,LITE:F93F5891-A658-44F1-9240-EC39C179AC58,MATCHED_LITE_EXACT_NAME; attendance exists
ALREADY_IN_CRM,2025-07-29,Bahu Trust,Men's Know Your Number,Men's sessions (FFF Know your numbers) Zaheers (1).xlsx,June 2025 - March 2026,COL-AJ,15459,,Mohammed Nazir,LITE:D018C1AB-1C59-4A12-9C53-BD7BBA8CBC8D,MATCHED_LITE_EXACT_NAME; attendance exists
ALREADY_IN_CRM,2025-07-29,Bahu Trust,Men's Know Your Number,Men's sessions (FFF Know your numbers) Zaheers (1).xlsx,June 2025 - March 2026,COL-AJ,15459,,Mohammed Islam,LITE:D3EFF12C-2DA6-472D-B727-1C70F699B9B9,MATCHED_LITE_EXACT_NAME; attendance exists
EXISTING_SESSION,2025-08-12,Bahu Trust,Men's Know Your Number,Men's sessions (FFF Know your numbers) Zaheers (1).xlsx,June 2025 - March 2026,COL-AK,15460,,,,Reused SessionId=15460; CRM time=13:30:00-14:30:00
ALREADY_IN_CRM,2025-08-12,Bahu Trust,Men's Know Your Number,Men's sessions (FFF Know your numbers) Zaheers (1).xlsx,June 2025 - March 2026,COL-AK,15460,,quarban ali,LITE:55617D0C-3812-4997-8C30-337F37BD32CE,MATCHED_LITE_EXACT_NAME; attendance exists
ALREADY_IN_CRM,2025-08-12,Bahu Trust,Men's Know Your Number,Men's sessions (FFF Know your numbers) Zaheers (1).xlsx,June 2025 - March 2026,COL-AK,15460,,khadim husain,LITE:658EB0A8-F586-45C7-A3F0-4B5D2C42DB5A,MATCHED_LITE_EXACT_NAME; attendance exists
ALREADY_IN_CRM,2025-08-12,Bahu Trust,Men's Know Your Number,Men's sessions (FFF Know your numbers) Zaheers (1).xlsx,June 2025 - March 2026,COL-AK,15460,,mohamad bashir,LITE:C2322A8A-9B7D-430F-9A56-519C4074B98F,MATCHED_LITE_EXACT_NAME; attendance exists
EXISTING_SESSION,2025-09-09,Bahu Trust,Men's Know Your Number,Men's sessions (FFF Know your numbers) Zaheers (1).xlsx,June 2025 - March 2026,COL-AL,15461,,,,Reused SessionId=15461; CRM time=13:30:00-14:30:00
ALREADY_IN_CRM,2025-09-09,Bahu Trust,Men's Know Your Number,Men's sessions (FFF Know your numbers) Zaheers (1).xlsx,June 2025 - March 2026,COL-AL,15461,,quarban ali,LITE:55617D0C-3812-4997-8C30-337F37BD32CE,MATCHED_LITE_EXACT_NAME; attendance exists
ALREADY_IN_CRM,2025-09-09,Bahu Trust,Men's Know Your Number,Men's sessions (FFF Know your numbers) Zaheers (1).xlsx,June 2025 - March 2026,COL-AL,15461,,khadim husain,LITE:658EB0A8-F586-45C7-A3F0-4B5D2C42DB5A,MATCHED_LITE_EXACT_NAME; attendance exists
ALREADY_IN_CRM,2025-09-09,Bahu Trust,Men's Know Your Number,Men's sessions (FFF Know your numbers) Zaheers (1).xlsx,June 2025 - March 2026,COL-AL,15461,,mohamad bashir,LITE:C2322A8A-9B7D-430F-9A56-519C4074B98F,MATCHED_LITE_EXACT_NAME; attendance exists
ALREADY_IN_CRM,2025-09-09,Bahu Trust,Men's Know Your Number,Men's sessions (FFF Know your numbers) Zaheers (1).xlsx,June 2025 - March 2026,COL-AL,15461,,abdullah rehman,LITE:AD55753D-182A-4D37-B2C5-4CB23A0AE289,MATCHED_LITE_EXACT_NAME; attendance exists
ALREADY_IN_CRM,2025-09-09,Bahu Trust,Men's Know Your Number,Men's sessions (FFF Know your numbers) Zaheers (1).xlsx,June 2025 - March 2026,COL-AL,15461,,Mohammed Sadiq,LITE:ED3B3B79-C615-4532-813D-3417CC76BD38,MATCHED_LITE_EXACT_NAME; attendance exists
ALREADY_IN_CRM,2025-09-09,Bahu Trust,Men's Know Your Number,Men's sessions (FFF Know your numbers) Zaheers (1).xlsx,June 2025 - March 2026,COL-AL,15461,,Mohammed Ajaz,LITE:97569499-3428-433F-864A-9082918E4A98,MATCHED_LITE_EXACT_NAME; attendance exists
ALREADY_IN_CRM,2025-09-09,Bahu Trust,Men's Know Your Number,Men's sessions (FFF Know your numbers) Zaheers (1).xlsx,June 2025 - March 2026,COL-AL,15461,,Isfaq Shah,LITE:814C123D-5A50-4E00-9494-24F43D64629F,MATCHED_LITE_EXACT_NAME; attendance exists
ALREADY_IN_CRM,2025-09-09,Bahu Trust,Men's Know Your Number,Men's sessions (FFF Know your numbers) Zaheers (1).xlsx,June 2025 - March 2026,COL-AL,15461,,Mohanmed Malik,LITE:24ADFDE4-9F95-4D6C-9761-2C710617C6CB,MATCHED_LITE_EXACT_NAME; attendance exists
ALREADY_IN_CRM,2025-09-09,Bahu Trust,Men's Know Your Number,Men's sessions (FFF Know your numbers) Zaheers (1).xlsx,June 2025 - March 2026,COL-AL,15461,,Abdul Gaffa,LITE:E7685995-D901-4761-926C-F97D6FC8366D,MATCHED_LITE_EXACT_NAME; attendance exists
ALREADY_IN_CRM,2025-09-09,Bahu Trust,Men's Know Your Number,Men's sessions (FFF Know your numbers) Zaheers (1).xlsx,June 2025 - March 2026,COL-AL,15461,,Mohammed Jamil,LITE:432EFB1B-C6B3-4D28-9A50-3851E36B1EBE,MATCHED_LITE_EXACT_NAME; attendance exists
ALREADY_IN_CRM,2025-09-09,Bahu Trust,Men's Know Your Number,Men's sessions (FFF Know your numbers) Zaheers (1).xlsx,June 2025 - March 2026,COL-AL,15461,,Asif Hussain,LITE:F93F5891-A658-44F1-9240-EC39C179AC58,MATCHED_LITE_EXACT_NAME; attendance exists
ALREADY_IN_CRM,2025-09-09,Bahu Trust,Men's Know Your Number,Men's sessions (FFF Know your numbers) Zaheers (1).xlsx,June 2025 - March 2026,COL-AL,15461,,Mohammed Nazir,LITE:D018C1AB-1C59-4A12-9C53-BD7BBA8CBC8D,MATCHED_LITE_EXACT_NAME; attendance exists
ALREADY_IN_CRM,2025-09-09,Bahu Trust,Men's Know Your Number,Men's sessions (FFF Know your numbers) Zaheers (1).xlsx,June 2025 - March 2026,COL-AL,15461,,Mohammed Islam,LITE:D3EFF12C-2DA6-472D-B727-1C70F699B9B9,MATCHED_LITE_EXACT_NAME; attendance exists
EXISTING_SESSION,2025-10-14,Bahu Trust,Men's Know Your Number,Men's sessions (FFF Know your numbers) Zaheers (1).xlsx,June 2025 - March 2026,COL-AN,15462,,,,Reused SessionId=15462; CRM time=13:30:00-14:30:00
ALREADY_IN_CRM,2025-10-14,Bahu Trust,Men's Know Your Number,Men's sessions (FFF Know your numbers) Zaheers (1).xlsx,June 2025 - March 2026,COL-AN,15462,,mohamad bashir,LITE:C2322A8A-9B7D-430F-9A56-519C4074B98F,MATCHED_LITE_EXACT_NAME; attendance exists
ALREADY_IN_CRM,2025-10-14,Bahu Trust,Men's Know Your Number,Men's sessions (FFF Know your numbers) Zaheers (1).xlsx,June 2025 - March 2026,COL-AN,15462,,tasadiq hussain,LITE:26A5EA46-D1C4-45BD-A48B-5E4DBE371DAF,MATCHED_LITE_EXACT_NAME; attendance exists
ALREADY_IN_CRM,2025-10-14,Bahu Trust,Men's Know Your Number,Men's sessions (FFF Know your numbers) Zaheers (1).xlsx,June 2025 - March 2026,COL-AN,15462,,mohammad ramzan,LITE:E059078D-248B-462E-8054-AC370A935C5B,MATCHED_LITE_EXACT_NAME; attendance exists
ALREADY_IN_CRM,2025-10-14,Bahu Trust,Men's Know Your Number,Men's sessions (FFF Know your numbers) Zaheers (1).xlsx,June 2025 - March 2026,COL-AN,15462,,abdullah rehman,LITE:AD55753D-182A-4D37-B2C5-4CB23A0AE289,MATCHED_LITE_EXACT_NAME; attendance exists
ALREADY_IN_CRM,2025-10-14,Bahu Trust,Men's Know Your Number,Men's sessions (FFF Know your numbers) Zaheers (1).xlsx,June 2025 - March 2026,COL-AN,15462,,Mohanmed Malik,LITE:24ADFDE4-9F95-4D6C-9761-2C710617C6CB,MATCHED_LITE_EXACT_NAME; attendance exists
ALREADY_IN_CRM,2025-10-14,Bahu Trust,Men's Know Your Number,Men's sessions (FFF Know your numbers) Zaheers (1).xlsx,June 2025 - March 2026,COL-AN,15462,,Asif Hussain,LITE:F93F5891-A658-44F1-9240-EC39C179AC58,MATCHED_LITE_EXACT_NAME; attendance exists
ALREADY_IN_CRM,2025-10-14,Bahu Trust,Men's Know Your Number,Men's sessions (FFF Know your numbers) Zaheers (1).xlsx,June 2025 - March 2026,COL-AN,15462,,Mohammed Nazir,LITE:D018C1AB-1C59-4A12-9C53-BD7BBA8CBC8D,MATCHED_LITE_EXACT_NAME; attendance exists
EXISTING_SESSION,2025-10-21,Bahu Trust,Men's Know Your Number,Men's sessions (FFF Know your numbers) Zaheers (1).xlsx,June 2025 - March 2026,COL-AO,15463,,,,Reused SessionId=15463; CRM time=13:30:00-14:30:00
ALREADY_IN_CRM,2025-10-21,Bahu Trust,Men's Know Your Number,Men's sessions (FFF Know your numbers) Zaheers (1).xlsx,June 2025 - March 2026,COL-AO,15463,,mohamad bashir,LITE:C2322A8A-9B7D-430F-9A56-519C4074B98F,MATCHED_LITE_EXACT_NAME; attendance exists
ALREADY_IN_CRM,2025-10-21,Bahu Trust,Men's Know Your Number,Men's sessions (FFF Know your numbers) Zaheers (1).xlsx,June 2025 - March 2026,COL-AO,15463,,tasadiq hussain,LITE:26A5EA46-D1C4-45BD-A48B-5E4DBE371DAF,MATCHED_LITE_EXACT_NAME; attendance exists
ALREADY_IN_CRM,2025-10-21,Bahu Trust,Men's Know Your Number,Men's sessions (FFF Know your numbers) Zaheers (1).xlsx,June 2025 - March 2026,COL-AO,15463,,mohammad ramzan,LITE:E059078D-248B-462E-8054-AC370A935C5B,MATCHED_LITE_EXACT_NAME; attendance exists
ALREADY_IN_CRM,2025-10-21,Bahu Trust,Men's Know Your Number,Men's sessions (FFF Know your numbers) Zaheers (1).xlsx,June 2025 - March 2026,COL-AO,15463,,abdullah rehman,LITE:AD55753D-182A-4D37-B2C5-4CB23A0AE289,MATCHED_LITE_EXACT_NAME; attendance exists
ALREADY_IN_CRM,2025-10-21,Bahu Trust,Men's Know Your Number,Men's sessions (FFF Know your numbers) Zaheers (1).xlsx,June 2025 - March 2026,COL-AO,15463,,Asif Hussain,LITE:F93F5891-A658-44F1-9240-EC39C179AC58,MATCHED_LITE_EXACT_NAME; attendance exists
ALREADY_IN_CRM,2025-10-21,Bahu Trust,Men's Know Your Number,Men's sessions (FFF Know your numbers) Zaheers (1).xlsx,June 2025 - March 2026,COL-AO,15463,,Mohammed Nazir,LITE:D018C1AB-1C59-4A12-9C53-BD7BBA8CBC8D,MATCHED_LITE_EXACT_NAME; attendance exists
ALREADY_IN_CRM,2025-10-21,Bahu Trust,Men's Know Your Number,Men's sessions (FFF Know your numbers) Zaheers (1).xlsx,June 2025 - March 2026,COL-AO,15463,,Mohammed Asif (Mufti),LITE:7AA58AD9-FB99-4182-AC9B-C8020B567FAB,MATCHED_LITE_EXACT_NAME; attendance exists
EXISTING_SESSION,2025-10-28,Bahu Trust,Men's Know Your Number,Men's sessions (FFF Know your numbers) Zaheers (1).xlsx,June 2025 - March 2026,COL-AP,15464,,,,Reused SessionId=15464; CRM time=13:30:00-14:30:00
ALREADY_IN_CRM,2025-10-28,Bahu Trust,Men's Know Your Number,Men's sessions (FFF Know your numbers) Zaheers (1).xlsx,June 2025 - March 2026,COL-AP,15464,,mohamad bashir,LITE:C2322A8A-9B7D-430F-9A56-519C4074B98F,MATCHED_LITE_EXACT_NAME; attendance exists
ALREADY_IN_CRM,2025-10-28,Bahu Trust,Men's Know Your Number,Men's sessions (FFF Know your numbers) Zaheers (1).xlsx,June 2025 - March 2026,COL-AP,15464,,tasadiq hussain,LITE:26A5EA46-D1C4-45BD-A48B-5E4DBE371DAF,MATCHED_LITE_EXACT_NAME; attendance exists
ALREADY_IN_CRM,2025-10-28,Bahu Trust,Men's Know Your Number,Men's sessions (FFF Know your numbers) Zaheers (1).xlsx,June 2025 - March 2026,COL-AP,15464,,mohammad ramzan,LITE:E059078D-248B-462E-8054-AC370A935C5B,MATCHED_LITE_EXACT_NAME; attendance exists
ALREADY_IN_CRM,2025-10-28,Bahu Trust,Men's Know Your Number,Men's sessions (FFF Know your numbers) Zaheers (1).xlsx,June 2025 - March 2026,COL-AP,15464,,abdullah rehman,LITE:AD55753D-182A-4D37-B2C5-4CB23A0AE289,MATCHED_LITE_EXACT_NAME; attendance exists
ALREADY_IN_CRM,2025-10-28,Bahu Trust,Men's Know Your Number,Men's sessions (FFF Know your numbers) Zaheers (1).xlsx,June 2025 - March 2026,COL-AP,15464,,Isfaq Shah,LITE:814C123D-5A50-4E00-9494-24F43D64629F,MATCHED_LITE_EXACT_NAME; attendance exists
ALREADY_IN_CRM,2025-10-28,Bahu Trust,Men's Know Your Number,Men's sessions (FFF Know your numbers) Zaheers (1).xlsx,June 2025 - March 2026,COL-AP,15464,,Mohanmed Malik,LITE:24ADFDE4-9F95-4D6C-9761-2C710617C6CB,MATCHED_LITE_EXACT_NAME; attendance exists
ALREADY_IN_CRM,2025-10-28,Bahu Trust,Men's Know Your Number,Men's sessions (FFF Know your numbers) Zaheers (1).xlsx,June 2025 - March 2026,COL-AP,15464,,mohammed maroof,LITE:AEB826B1-58F4-493D-BDD8-F776E6213333,MATCHED_LITE_EXACT_NAME; attendance exists
ALREADY_IN_CRM,2025-10-28,Bahu Trust,Men's Know Your Number,Men's sessions (FFF Know your numbers) Zaheers (1).xlsx,June 2025 - March 2026,COL-AP,15464,,Asif Hussain,LITE:F93F5891-A658-44F1-9240-EC39C179AC58,MATCHED_LITE_EXACT_NAME; attendance exists
ALREADY_IN_CRM,2025-10-28,Bahu Trust,Men's Know Your Number,Men's sessions (FFF Know your numbers) Zaheers (1).xlsx,June 2025 - March 2026,COL-AP,15464,,Mohammed Asif (Mufti),LITE:7AA58AD9-FB99-4182-AC9B-C8020B567FAB,MATCHED_LITE_EXACT_NAME; attendance exists
EXISTING_SESSION,2025-11-11,Bahu Trust,Men's Know Your Number,Men's sessions (FFF Know your numbers) Zaheers (1).xlsx,June 2025 - March 2026,COL-AQ,15465,,,,Reused SessionId=15465; CRM time=13:30:00-14:30:00
ALREADY_IN_CRM,2025-11-11,Bahu Trust,Men's Know Your Number,Men's sessions (FFF Know your numbers) Zaheers (1).xlsx,June 2025 - March 2026,COL-AQ,15465,,quarban ali,LITE:55617D0C-3812-4997-8C30-337F37BD32CE,MATCHED_LITE_EXACT_NAME; attendance exists
ALREADY_IN_CRM,2025-11-11,Bahu Trust,Men's Know Your Number,Men's sessions (FFF Know your numbers) Zaheers (1).xlsx,June 2025 - March 2026,COL-AQ,15465,,khadim husain,LITE:658EB0A8-F586-45C7-A3F0-4B5D2C42DB5A,MATCHED_LITE_EXACT_NAME; attendance exists
ALREADY_IN_CRM,2025-11-11,Bahu Trust,Men's Know Your Number,Men's sessions (FFF Know your numbers) Zaheers (1).xlsx,June 2025 - March 2026,COL-AQ,15465,,tasadiq hussain,LITE:26A5EA46-D1C4-45BD-A48B-5E4DBE371DAF,MATCHED_LITE_EXACT_NAME; attendance exists
ALREADY_IN_CRM,2025-11-11,Bahu Trust,Men's Know Your Number,Men's sessions (FFF Know your numbers) Zaheers (1).xlsx,June 2025 - March 2026,COL-AQ,15465,,mohammad ramzan,LITE:E059078D-248B-462E-8054-AC370A935C5B,MATCHED_LITE_EXACT_NAME; attendance exists
ALREADY_IN_CRM,2025-11-11,Bahu Trust,Men's Know Your Number,Men's sessions (FFF Know your numbers) Zaheers (1).xlsx,June 2025 - March 2026,COL-AQ,15465,,Isfaq Shah,LITE:814C123D-5A50-4E00-9494-24F43D64629F,MATCHED_LITE_EXACT_NAME; attendance exists
ALREADY_IN_CRM,2025-11-11,Bahu Trust,Men's Know Your Number,Men's sessions (FFF Know your numbers) Zaheers (1).xlsx,June 2025 - March 2026,COL-AQ,15465,,Mohanmed Malik,LITE:24ADFDE4-9F95-4D6C-9761-2C710617C6CB,MATCHED_LITE_EXACT_NAME; attendance exists
ALREADY_IN_CRM,2025-11-11,Bahu Trust,Men's Know Your Number,Men's sessions (FFF Know your numbers) Zaheers (1).xlsx,June 2025 - March 2026,COL-AQ,15465,,mohammed maroof,LITE:AEB826B1-58F4-493D-BDD8-F776E6213333,MATCHED_LITE_EXACT_NAME; attendance exists
ALREADY_IN_CRM,2025-11-11,Bahu Trust,Men's Know Your Number,Men's sessions (FFF Know your numbers) Zaheers (1).xlsx,June 2025 - March 2026,COL-AQ,15465,,Asif Hussain,LITE:F93F5891-A658-44F1-9240-EC39C179AC58,MATCHED_LITE_EXACT_NAME; attendance exists
ALREADY_IN_CRM,2025-11-11,Bahu Trust,Men's Know Your Number,Men's sessions (FFF Know your numbers) Zaheers (1).xlsx,June 2025 - March 2026,COL-AQ,15465,,Mohammed Asif (Mufti),LITE:7AA58AD9-FB99-4182-AC9B-C8020B567FAB,MATCHED_LITE_EXACT_NAME; attendance exists
EXISTING_SESSION,2025-11-18,Bahu Trust,Men's Know Your Number,Men's sessions (FFF Know your numbers) Zaheers (1).xlsx,June 2025 - March 2026,COL-AR,15466,,,,Reused SessionId=15466; CRM time=13:30:00-14:30:00
ALREADY_IN_CRM,2025-11-18,Bahu Trust,Men's Know Your Number,Men's sessions (FFF Know your numbers) Zaheers (1).xlsx,June 2025 - March 2026,COL-AR,15466,,quarban ali,LITE:55617D0C-3812-4997-8C30-337F37BD32CE,MATCHED_LITE_EXACT_NAME; attendance exists
ALREADY_IN_CRM,2025-11-18,Bahu Trust,Men's Know Your Number,Men's sessions (FFF Know your numbers) Zaheers (1).xlsx,June 2025 - March 2026,COL-AR,15466,,khadim husain,LITE:658EB0A8-F586-45C7-A3F0-4B5D2C42DB5A,MATCHED_LITE_EXACT_NAME; attendance exists
ALREADY_IN_CRM,2025-11-18,Bahu Trust,Men's Know Your Number,Men's sessions (FFF Know your numbers) Zaheers (1).xlsx,June 2025 - March 2026,COL-AR,15466,,tasadiq hussain,LITE:26A5EA46-D1C4-45BD-A48B-5E4DBE371DAF,MATCHED_LITE_EXACT_NAME; attendance exists
ALREADY_IN_CRM,2025-11-18,Bahu Trust,Men's Know Your Number,Men's sessions (FFF Know your numbers) Zaheers (1).xlsx,June 2025 - March 2026,COL-AR,15466,,Isfaq Shah,LITE:814C123D-5A50-4E00-9494-24F43D64629F,MATCHED_LITE_EXACT_NAME; attendance exists
ALREADY_IN_CRM,2025-11-18,Bahu Trust,Men's Know Your Number,Men's sessions (FFF Know your numbers) Zaheers (1).xlsx,June 2025 - March 2026,COL-AR,15466,,Mohanmed Malik,LITE:24ADFDE4-9F95-4D6C-9761-2C710617C6CB,MATCHED_LITE_EXACT_NAME; attendance exists
ALREADY_IN_CRM,2025-11-18,Bahu Trust,Men's Know Your Number,Men's sessions (FFF Know your numbers) Zaheers (1).xlsx,June 2025 - March 2026,COL-AR,15466,,mohammed maroof,LITE:AEB826B1-58F4-493D-BDD8-F776E6213333,MATCHED_LITE_EXACT_NAME; attendance exists
ALREADY_IN_CRM,2025-11-18,Bahu Trust,Men's Know Your Number,Men's sessions (FFF Know your numbers) Zaheers (1).xlsx,June 2025 - March 2026,COL-AR,15466,,Asif Hussain,LITE:F93F5891-A658-44F1-9240-EC39C179AC58,MATCHED_LITE_EXACT_NAME; attendance exists
ALREADY_IN_CRM,2025-11-18,Bahu Trust,Men's Know Your Number,Men's sessions (FFF Know your numbers) Zaheers (1).xlsx,June 2025 - March 2026,COL-AR,15466,,Mohammed Nazir,LITE:D018C1AB-1C59-4A12-9C53-BD7BBA8CBC8D,MATCHED_LITE_EXACT_NAME; attendance exists
ALREADY_IN_CRM,2025-11-18,Bahu Trust,Men's Know Your Number,Men's sessions (FFF Know your numbers) Zaheers (1).xlsx,June 2025 - March 2026,COL-AR,15466,,Mohammed Asif (Mufti),LITE:7AA58AD9-FB99-4182-AC9B-C8020B567FAB,MATCHED_LITE_EXACT_NAME; attendance exists
EXISTING_SESSION,2025-11-25,Saltley Centre,Men's Know Your Number,Men's sessions (FFF Know your numbers) Zaheers (1).xlsx,June 2025 - March 2026,COL-AS,15467,,,,Reused SessionId=15467; CRM time=07:00:00-07:45:00
ALREADY_IN_CRM,2025-11-25,Saltley Centre,Men's Know Your Number,Men's sessions (FFF Know your numbers) Zaheers (1).xlsx,June 2025 - March 2026,COL-AS,15467,,Ansar Butt,LITE:E7380B4B-AE8C-48D7-B5C2-F48390647FC1,MATCHED_LITE_EXACT_NAME; attendance exists
ALREADY_IN_CRM,2025-11-25,Saltley Centre,Men's Know Your Number,Men's sessions (FFF Know your numbers) Zaheers (1).xlsx,June 2025 - March 2026,COL-AS,15467,,Mazhar Mahmood,LITE:1ADA18B6-9C2E-4020-97B2-A8617A4C2ED2,MATCHED_LITE_EXACT_NAME; attendance exists
ALREADY_IN_CRM,2025-11-25,Saltley Centre,Men's Know Your Number,Men's sessions (FFF Know your numbers) Zaheers (1).xlsx,June 2025 - March 2026,COL-AS,15467,,Imtyaz Fazal,LITE:6508884E-C0A5-4242-888D-DD592A666D07,MATCHED_LITE_EXACT_NAME; attendance exists
ALREADY_IN_CRM,2025-11-25,Saltley Centre,Men's Know Your Number,Men's sessions (FFF Know your numbers) Zaheers (1).xlsx,June 2025 - March 2026,COL-AS,15467,,Ibrahim Karim,LITE:333A4C48-09ED-46A5-A608-403180B3AF35,MATCHED_LITE_EXACT_NAME; attendance exists
EXISTING_SESSION,2025-11-25,Bahu Trust,Men's Know Your Number,Men's sessions (FFF Know your numbers) Zaheers (1).xlsx,June 2025 - March 2026,COL-AS,15468,,,,Reused SessionId=15468; CRM time=13:30:00-14:30:00
ALREADY_IN_CRM,2025-11-25,Bahu Trust,Men's Know Your Number,Men's sessions (FFF Know your numbers) Zaheers (1).xlsx,June 2025 - March 2026,COL-AS,15468,,Quarban Ali,LITE:55617D0C-3812-4997-8C30-337F37BD32CE,MATCHED_LITE_EXACT_NAME; attendance exists
ALREADY_IN_CRM,2025-11-25,Bahu Trust,Men's Know Your Number,Men's sessions (FFF Know your numbers) Zaheers (1).xlsx,June 2025 - March 2026,COL-AS,15468,,Khadim Hussain,LITE:F137B8E5-D567-4D00-8207-7E704C4A3D33,MATCHED_LITE_EXACT_NAME; attendance exists
ALREADY_IN_CRM,2025-11-25,Bahu Trust,Men's Know Your Number,Men's sessions (FFF Know your numbers) Zaheers (1).xlsx,June 2025 - March 2026,COL-AS,15468,,Tasadiq Hussain,LITE:26A5EA46-D1C4-45BD-A48B-5E4DBE371DAF,MATCHED_LITE_EXACT_NAME; attendance exists
ALREADY_IN_CRM,2025-11-25,Bahu Trust,Men's Know Your Number,Men's sessions (FFF Know your numbers) Zaheers (1).xlsx,June 2025 - March 2026,COL-AS,15468,,Ishfaq Shah,LITE:63FCB4CE-7F0E-4132-89F2-10F3C51159CC,MATCHED_LITE_EXACT_NAME; attendance exists
ALREADY_IN_CRM,2025-11-25,Bahu Trust,Men's Know Your Number,Men's sessions (FFF Know your numbers) Zaheers (1).xlsx,June 2025 - March 2026,COL-AS,15468,,Mohammed Asif (Mufti saab,LITE:D6E347A1-8F79-4473-9FFC-1FE814952D72,MATCHED_LITE_EXACT_NAME; attendance exists
ALREADY_IN_CRM,2025-11-25,Bahu Trust,Men's Know Your Number,Men's sessions (FFF Know your numbers) Zaheers (1).xlsx,June 2025 - March 2026,COL-AS,15468,,Mohammed Maroof,LITE:AEB826B1-58F4-493D-BDD8-F776E6213333,MATCHED_LITE_EXACT_NAME; attendance exists
ALREADY_IN_CRM,2025-11-25,Bahu Trust,Men's Know Your Number,Men's sessions (FFF Know your numbers) Zaheers (1).xlsx,June 2025 - March 2026,COL-AS,15468,,Haji Mohammed Nazir,LITE:CDF8EBBF-2EDA-4764-B425-E020AED45C18,MATCHED_LITE_EXACT_NAME; attendance exists
ALREADY_IN_CRM,2025-11-25,Bahu Trust,Men's Know Your Number,Men's sessions (FFF Know your numbers) Zaheers (1).xlsx,June 2025 - March 2026,COL-AS,15468,,Mohanmed Malik,LITE:24ADFDE4-9F95-4D6C-9761-2C710617C6CB,MATCHED_LITE_EXACT_NAME; attendance exists
ALREADY_IN_CRM,2025-11-25,Bahu Trust,Men's Know Your Number,Men's sessions (FFF Know your numbers) Zaheers (1).xlsx,June 2025 - March 2026,COL-AS,15468,,Mohammed Anwar,LITE:2FB5A967-D42D-41FC-B62D-7C36105B67E6,MATCHED_LITE_EXACT_NAME; attendance exists
ALREADY_IN_CRM,2025-11-25,Bahu Trust,Men's Know Your Number,Men's sessions (FFF Know your numbers) Zaheers (1).xlsx,June 2025 - March 2026,COL-AS,15468,,Mohammed Usman,LITE:DB7BBC89-DCD0-4EE2-95BB-954B2BD44D20,MATCHED_LITE_EXACT_NAME; attendance exists
ALREADY_IN_CRM,2025-11-25,Bahu Trust,Men's Know Your Number,Men's sessions (FFF Know your numbers) Zaheers (1).xlsx,June 2025 - March 2026,COL-AS,15468,,Asif Hussain,LITE:F93F5891-A658-44F1-9240-EC39C179AC58,MATCHED_LITE_EXACT_NAME; attendance exists
EXISTING_SESSION,2025-12-02,Sparkbrook Community Centre,Men's Know Your Number,Men's sessions (FFF Know your numbers) Zaheers (1).xlsx,June 2025 - March 2026,COL-AT,15469,,,,Reused SessionId=15469; CRM time=07:00:00-07:45:00
ALREADY_IN_CRM,2025-12-02,Sparkbrook Community Centre,Men's Know Your Number,Men's sessions (FFF Know your numbers) Zaheers (1).xlsx,June 2025 - March 2026,COL-AT,15469,,Kim Cunningham,LITE:1A8CA4DC-13B5-41C0-8DC4-EC27DA26FFB4,MATCHED_LITE_EXACT_NAME; attendance exists
ALREADY_IN_CRM,2025-12-02,Sparkbrook Community Centre,Men's Know Your Number,Men's sessions (FFF Know your numbers) Zaheers (1).xlsx,June 2025 - March 2026,COL-AT,15469,,Sandal Khan,LITE:DD874BC9-8863-42DA-A1D1-23508BCB84C5,MATCHED_LITE_EXACT_NAME; attendance exists
ALREADY_IN_CRM,2025-12-02,Sparkbrook Community Centre,Men's Know Your Number,Men's sessions (FFF Know your numbers) Zaheers (1).xlsx,June 2025 - March 2026,COL-AT,15469,,Sonia Mahmood,LITE:483890F5-6A41-4746-9E16-FCAA280BDA95,MATCHED_LITE_EXACT_NAME; attendance exists
EXISTING_SESSION,2025-12-02,Bahu Trust,Men's Know Your Number,Men's sessions (FFF Know your numbers) Zaheers (1).xlsx,June 2025 - March 2026,COL-AT,15470,,,,Reused SessionId=15470; CRM time=13:30:00-14:30:00
ALREADY_IN_CRM,2025-12-02,Bahu Trust,Men's Know Your Number,Men's sessions (FFF Know your numbers) Zaheers (1).xlsx,June 2025 - March 2026,COL-AT,15470,,Qurban Ali,LITE:A6595BF2-167D-4A4A-AE1F-81F7100EAEFD,MATCHED_LITE_PROGRAM_HISTORY_OVERRIDE; attendance exists
ALREADY_IN_CRM,2025-12-02,Bahu Trust,Men's Know Your Number,Men's sessions (FFF Know your numbers) Zaheers (1).xlsx,June 2025 - March 2026,COL-AT,15470,,Khadim Hussain,LITE:F137B8E5-D567-4D00-8207-7E704C4A3D33,MATCHED_LITE_EXACT_NAME; attendance exists
ALREADY_IN_CRM,2025-12-02,Bahu Trust,Men's Know Your Number,Men's sessions (FFF Know your numbers) Zaheers (1).xlsx,June 2025 - March 2026,COL-AT,15470,,Mohammed Bashir,LITE:AAE2A64D-24EE-42C7-8FAF-CE5410CA0FE6,MATCHED_LITE_PROGRAM_HISTORY_OVERRIDE; attendance exists
ALREADY_IN_CRM,2025-12-02,Bahu Trust,Men's Know Your Number,Men's sessions (FFF Know your numbers) Zaheers (1).xlsx,June 2025 - March 2026,COL-AT,15470,,Ishfaq Shah,LITE:63FCB4CE-7F0E-4132-89F2-10F3C51159CC,MATCHED_LITE_EXACT_NAME; attendance exists
ALREADY_IN_CRM,2025-12-02,Bahu Trust,Men's Know Your Number,Men's sessions (FFF Know your numbers) Zaheers (1).xlsx,June 2025 - March 2026,COL-AT,15470,,Mohammed Malik,LITE:BC6EFA2A-5753-4309-887A-0DD4FA651E1E,MATCHED_LITE_EXACT_NAME; attendance exists
ALREADY_IN_CRM,2025-12-02,Bahu Trust,Men's Know Your Number,Men's sessions (FFF Know your numbers) Zaheers (1).xlsx,June 2025 - March 2026,COL-AT,15470,,Abdulah Reham,LITE:04FA0349-910C-4586-B389-217684D30475,MATCHED_LITE_EXACT_NAME; attendance exists
ALREADY_IN_CRM,2025-12-02,Bahu Trust,Men's Know Your Number,Men's sessions (FFF Know your numbers) Zaheers (1).xlsx,June 2025 - March 2026,COL-AT,15470,,Mohammed Mahroof,LITE:15B937AF-153F-4745-9EF1-C8FF70FD08EB,MATCHED_LITE_EXACT_NAME; attendance exists
ALREADY_IN_CRM,2025-12-02,Bahu Trust,Men's Know Your Number,Men's sessions (FFF Know your numbers) Zaheers (1).xlsx,June 2025 - March 2026,COL-AT,15470,,Mohammed Usman,LITE:DB7BBC89-DCD0-4EE2-95BB-954B2BD44D20,MATCHED_LITE_EXACT_NAME; attendance exists
ALREADY_IN_CRM,2025-12-02,Bahu Trust,Men's Know Your Number,Men's sessions (FFF Know your numbers) Zaheers (1).xlsx,June 2025 - March 2026,COL-AT,15470,,Barket Ali,LITE:B7600943-CCE9-4CAF-9B5C-77501C481F71,MATCHED_LITE_EXACT_NAME; attendance exists
ALREADY_IN_CRM,2025-12-02,Bahu Trust,Men's Know Your Number,Men's sessions (FFF Know your numbers) Zaheers (1).xlsx,June 2025 - March 2026,COL-AT,15470,,Hafiz Mohammed Shakoor,LITE:5C893BFD-66C9-42F1-8419-DDC74DC2AC95,MATCHED_LITE_EXACT_NAME; attendance exists
ALREADY_IN_CRM,2025-12-02,Bahu Trust,Men's Know Your Number,Men's sessions (FFF Know your numbers) Zaheers (1).xlsx,June 2025 - March 2026,COL-AT,15470,,Zain Ali,LITE:80DDD7E8-8337-4E06-8ED2-01764E7619CB,MATCHED_LITE_EXACT_NAME; attendance exists
ALREADY_IN_CRM,2025-12-02,Bahu Trust,Men's Know Your Number,Men's sessions (FFF Know your numbers) Zaheers (1).xlsx,June 2025 - March 2026,COL-AT,15470,,Mohammed Asis (Mufti Saab),LITE:E729BD8F-18DF-4C72-8491-5AFBB605961D,MATCHED_LITE_EXACT_NAME; attendance exists
ALREADY_IN_CRM,2025-12-02,Bahu Trust,Men's Know Your Number,Men's sessions (FFF Know your numbers) Zaheers (1).xlsx,June 2025 - March 2026,COL-AT,15470,,Asif Hussain,LITE:F93F5891-A658-44F1-9240-EC39C179AC58,MATCHED_LITE_EXACT_NAME; attendance exists
EXISTING_SESSION,2025-12-04,Parkfield Centre,Men's Know Your Number,Men's sessions (FFF Know your numbers) Zaheers (1).xlsx,June 2025 - March 2026,COL-AU,15471,,,,Reused SessionId=15471; CRM time=07:00:00-07:45:00
ALREADY_IN_CRM,2025-12-04,Parkfield Centre,Men's Know Your Number,Men's sessions (FFF Know your numbers) Zaheers (1).xlsx,June 2025 - March 2026,COL-AU,15471,,Wahida Aziz,LITE:25063E5C-E632-40F4-8F4C-DEC91C7D775A,MATCHED_LITE_EXACT_NAME; attendance exists
ALREADY_IN_CRM,2025-12-04,Parkfield Centre,Men's Know Your Number,Men's sessions (FFF Know your numbers) Zaheers (1).xlsx,June 2025 - March 2026,COL-AU,15471,,Zubeda GUl,LITE:470FABF6-E3DF-402C-99A4-543834831A90,MATCHED_LITE_EXACT_NAME; attendance exists
ALREADY_IN_CRM,2025-12-04,Parkfield Centre,Men's Know Your Number,Men's sessions (FFF Know your numbers) Zaheers (1).xlsx,June 2025 - March 2026,COL-AU,15471,,Fatima Younis,LITE:EE741BD5-C75A-4FCA-86BC-1DA01420D381,MATCHED_LITE_EXACT_NAME; attendance exists
ALREADY_IN_CRM,2025-12-04,Parkfield Centre,Men's Know Your Number,Men's sessions (FFF Know your numbers) Zaheers (1).xlsx,June 2025 - March 2026,COL-AU,15471,,Naila Bi,LITE:C2CF74C4-23D6-42C5-A202-C22049F29B81,MATCHED_LITE_EXACT_NAME; attendance exists
ALREADY_IN_CRM,2025-12-04,Parkfield Centre,Men's Know Your Number,Men's sessions (FFF Know your numbers) Zaheers (1).xlsx,June 2025 - March 2026,COL-AU,15471,,Tayyaba Nazir,LITE:69B36318-86E9-45F5-B204-A046486FCA72,MATCHED_LITE_EXACT_NAME; attendance exists
ALREADY_IN_CRM,2025-12-04,Parkfield Centre,Men's Know Your Number,Men's sessions (FFF Know your numbers) Zaheers (1).xlsx,June 2025 - March 2026,COL-AU,15471,,Maida Zahid,LITE:E56BF0DA-7227-4872-9C16-9491BB3F3907,MATCHED_LITE_EXACT_NAME; attendance exists
ALREADY_IN_CRM,2025-12-04,Parkfield Centre,Men's Know Your Number,Men's sessions (FFF Know your numbers) Zaheers (1).xlsx,June 2025 - March 2026,COL-AU,15471,,Aqsa Hamza,LITE:8A8E46D9-7A02-4023-B935-6D46A081E8F2,MATCHED_LITE_EXACT_NAME; attendance exists
ALREADY_IN_CRM,2025-12-04,Parkfield Centre,Men's Know Your Number,Men's sessions (FFF Know your numbers) Zaheers (1).xlsx,June 2025 - March 2026,COL-AU,15471,,Shler Mahmood,LITE:0DFD8232-7FD4-4044-A584-AB23ABC7B1C8,MATCHED_LITE_EXACT_NAME; attendance exists
EXISTING_SESSION,2025-12-09,Sparkbrook Community Centre,Men's Know Your Number,Men's sessions (FFF Know your numbers) Zaheers (1).xlsx,June 2025 - March 2026,COL-AV,15472,,,,Reused SessionId=15472; CRM time=07:00:00-07:45:00
ALREADY_IN_CRM,2025-12-09,Sparkbrook Community Centre,Men's Know Your Number,Men's sessions (FFF Know your numbers) Zaheers (1).xlsx,June 2025 - March 2026,COL-AV,15472,,Hamdi Sharif,LITE:7EF5EE23-31EE-4BAF-A0AD-F79F2EBD2CF3,MATCHED_LITE_EXACT_NAME; attendance exists
ALREADY_IN_CRM,2025-12-09,Sparkbrook Community Centre,Men's Know Your Number,Men's sessions (FFF Know your numbers) Zaheers (1).xlsx,June 2025 - March 2026,COL-AV,15472,,Khadija Hussan,LITE:784976D2-EEF3-4A47-B6D2-98F8B797ADFD,MATCHED_LITE_EXACT_NAME; attendance exists
ALREADY_IN_CRM,2025-12-09,Sparkbrook Community Centre,Men's Know Your Number,Men's sessions (FFF Know your numbers) Zaheers (1).xlsx,June 2025 - March 2026,COL-AV,15472,,Kim Cunningham (2nd visit),LITE:ADF8F271-48CA-4C2C-A9DF-AE4D9F9830C2,MATCHED_LITE_EXACT_NAME; attendance exists
EXISTING_SESSION,2025-12-09,Bahu Trust,Men's Know Your Number,Men's sessions (FFF Know your numbers) Zaheers (1).xlsx,June 2025 - March 2026,COL-AV,15473,,,,Reused SessionId=15473; CRM time=13:30:00-14:30:00
ALREADY_IN_CRM,2025-12-09,Bahu Trust,Men's Know Your Number,Men's sessions (FFF Know your numbers) Zaheers (1).xlsx,June 2025 - March 2026,COL-AV,15473,,Mohammed Bashir,LITE:AAE2A64D-24EE-42C7-8FAF-CE5410CA0FE6,MATCHED_LITE_PROGRAM_HISTORY_OVERRIDE; attendance exists
ALREADY_IN_CRM,2025-12-09,Bahu Trust,Men's Know Your Number,Men's sessions (FFF Know your numbers) Zaheers (1).xlsx,June 2025 - March 2026,COL-AV,15473,,Khadim Hussain,LITE:F137B8E5-D567-4D00-8207-7E704C4A3D33,MATCHED_LITE_EXACT_NAME; attendance exists
ALREADY_IN_CRM,2025-12-09,Bahu Trust,Men's Know Your Number,Men's sessions (FFF Know your numbers) Zaheers (1).xlsx,June 2025 - March 2026,COL-AV,15473,,Mohammed Malik,LITE:BC6EFA2A-5753-4309-887A-0DD4FA651E1E,MATCHED_LITE_EXACT_NAME; attendance exists
ALREADY_IN_CRM,2025-12-09,Bahu Trust,Men's Know Your Number,Men's sessions (FFF Know your numbers) Zaheers (1).xlsx,June 2025 - March 2026,COL-AV,15473,,Ashfaq Shah,LITE:DB40DDA8-F82A-4DA4-98D1-874D00EAE559,MATCHED_LITE_EXACT_NAME; attendance exists
ALREADY_IN_CRM,2025-12-09,Bahu Trust,Men's Know Your Number,Men's sessions (FFF Know your numbers) Zaheers (1).xlsx,June 2025 - March 2026,COL-AV,15473,,Abdulla Rehman,LITE:CBA57AC5-7231-4CA9-8651-BC70532ECCAC,MATCHED_LITE_EXACT_NAME; attendance exists
ALREADY_IN_CRM,2025-12-09,Bahu Trust,Men's Know Your Number,Men's sessions (FFF Know your numbers) Zaheers (1).xlsx,June 2025 - March 2026,COL-AV,15473,,Hafiz Mohammed Jamil,LITE:EA52A7D2-7CB0-4AA5-863F-6216097BA475,MATCHED_LITE_EXACT_NAME; attendance exists
ALREADY_IN_CRM,2025-12-09,Bahu Trust,Men's Know Your Number,Men's sessions (FFF Know your numbers) Zaheers (1).xlsx,June 2025 - March 2026,COL-AV,15473,,Mohammed Usman,LITE:DB7BBC89-DCD0-4EE2-95BB-954B2BD44D20,MATCHED_LITE_EXACT_NAME; attendance exists
ALREADY_IN_CRM,2025-12-09,Bahu Trust,Men's Know Your Number,Men's sessions (FFF Know your numbers) Zaheers (1).xlsx,June 2025 - March 2026,COL-AV,15473,,Barkit Ali,LITE:DA955DF4-2F4B-4B51-B318-38B32BA1545F,MATCHED_LITE_EXACT_NAME; attendance exists
ALREADY_IN_CRM,2025-12-09,Bahu Trust,Men's Know Your Number,Men's sessions (FFF Know your numbers) Zaheers (1).xlsx,June 2025 - March 2026,COL-AV,15473,,Asif Hussain,LITE:F93F5891-A658-44F1-9240-EC39C179AC58,MATCHED_LITE_EXACT_NAME; attendance exists
EXISTING_SESSION,2025-12-16,Bahu Trust,Men's Know Your Number,Men's sessions (FFF Know your numbers) Zaheers (1).xlsx,June 2025 - March 2026,COL-AW,15474,,,,Reused SessionId=15474; CRM time=13:30:00-14:30:00
ALREADY_IN_CRM,2025-12-16,Bahu Trust,Men's Know Your Number,Men's sessions (FFF Know your numbers) Zaheers (1).xlsx,June 2025 - March 2026,COL-AW,15474,,Mohammed Bashir,LITE:AAE2A64D-24EE-42C7-8FAF-CE5410CA0FE6,MATCHED_LITE_PROGRAM_HISTORY_OVERRIDE; attendance exists
ALREADY_IN_CRM,2025-12-16,Bahu Trust,Men's Know Your Number,Men's sessions (FFF Know your numbers) Zaheers (1).xlsx,June 2025 - March 2026,COL-AW,15474,,Mohammed Malik,LITE:BC6EFA2A-5753-4309-887A-0DD4FA651E1E,MATCHED_LITE_EXACT_NAME; attendance exists
ALREADY_IN_CRM,2025-12-16,Bahu Trust,Men's Know Your Number,Men's sessions (FFF Know your numbers) Zaheers (1).xlsx,June 2025 - March 2026,COL-AW,15474,,Ishfaq Shah,LITE:63FCB4CE-7F0E-4132-89F2-10F3C51159CC,MATCHED_LITE_EXACT_NAME; attendance exists
ALREADY_IN_CRM,2025-12-16,Bahu Trust,Men's Know Your Number,Men's sessions (FFF Know your numbers) Zaheers (1).xlsx,June 2025 - March 2026,COL-AW,15474,,Qurban Ali,LITE:A6595BF2-167D-4A4A-AE1F-81F7100EAEFD,MATCHED_LITE_PROGRAM_HISTORY_OVERRIDE; attendance exists
ALREADY_IN_CRM,2025-12-16,Bahu Trust,Men's Know Your Number,Men's sessions (FFF Know your numbers) Zaheers (1).xlsx,June 2025 - March 2026,COL-AW,15474,,Khadim Hussain,LITE:F137B8E5-D567-4D00-8207-7E704C4A3D33,MATCHED_LITE_EXACT_NAME; attendance exists
ALREADY_IN_CRM,2025-12-16,Bahu Trust,Men's Know Your Number,Men's sessions (FFF Know your numbers) Zaheers (1).xlsx,June 2025 - March 2026,COL-AW,15474,,Qari Mohammed Asif,LITE:29B8932E-2037-4187-B1A0-EF51A5AE8775,MATCHED_LITE_EXACT_NAME; attendance exists
ALREADY_IN_CRM,2025-12-16,Bahu Trust,Men's Know Your Number,Men's sessions (FFF Know your numbers) Zaheers (1).xlsx,June 2025 - March 2026,COL-AW,15474,,Qari Mohammed Afzal,LITE:4F339F25-7923-48CD-AFBF-E9643A4C38E1,MATCHED_LITE_EXACT_NAME; attendance exists
ALREADY_IN_CRM,2025-12-16,Bahu Trust,Men's Know Your Number,Men's sessions (FFF Know your numbers) Zaheers (1).xlsx,June 2025 - March 2026,COL-AW,15474,,Mohammed Usman,LITE:DB7BBC89-DCD0-4EE2-95BB-954B2BD44D20,MATCHED_LITE_EXACT_NAME; attendance exists
ALREADY_IN_CRM,2025-12-16,Bahu Trust,Men's Know Your Number,Men's sessions (FFF Know your numbers) Zaheers (1).xlsx,June 2025 - March 2026,COL-AW,15474,,Mohammed Nazir,LITE:D018C1AB-1C59-4A12-9C53-BD7BBA8CBC8D,MATCHED_LITE_EXACT_NAME; attendance exists
ALREADY_IN_CRM,2025-12-16,Bahu Trust,Men's Know Your Number,Men's sessions (FFF Know your numbers) Zaheers (1).xlsx,June 2025 - March 2026,COL-AW,15474,,Mohammed Ramzan,LITE:ED1C4B17-E73B-4D6A-ACC3-F3ECACE8BF2C,MATCHED_LITE_EXACT_NAME; attendance exists
ALREADY_IN_CRM,2025-12-16,Bahu Trust,Men's Know Your Number,Men's sessions (FFF Know your numbers) Zaheers (1).xlsx,June 2025 - March 2026,COL-AW,15474,,Shahid,LITE:F60D814B-835F-489E-B2BA-91688C9D584B,MATCHED_LITE_EXACT_NAME; attendance exists
EXISTING_SESSION,2026-01-13,Alum Rock Community Centre,Men's Exercise,Mens Sessions 2026 (4).xlsx,Men's Exercise ARCC,DATE-2026-01-13-0915,15475,,,,Reused SessionId=15475; CRM time=09:15:00-10:30:00
ALREADY_IN_CRM,2026-01-13,Alum Rock Community Centre,Men's Exercise,Mens Sessions 2026 (4).xlsx,Men's Exercise ARCC,DATE-2026-01-13-0915,15475,97,Mohammed Saleem,FULL:4443,MATCHED_FULL; attendance exists
ALREADY_IN_CRM,2026-01-13,Alum Rock Community Centre,Men's Exercise,Mens Sessions 2026 (4).xlsx,Men's Exercise ARCC,DATE-2026-01-13-0915,15475,160,Mark Reid,FULL:4669,MATCHED_FULL; attendance exists
EXISTING_SESSION,2026-01-19,Alum Rock Community Centre,Digital Skills,Mens Sessions 2026 (4).xlsx,Digital Skills,DATE-2026-01-19-1000,15476,,,,Reused SessionId=15476; CRM time=10:00:00-11:00:00
ALREADY_IN_CRM,2026-01-19,Alum Rock Community Centre,Digital Skills,Mens Sessions 2026 (4).xlsx,Digital Skills,DATE-2026-01-19-1000,15476,265,Kamran Khan,FULL:4456,MATCHED_FULL; attendance exists
ALREADY_IN_CRM,2026-01-19,Alum Rock Community Centre,Digital Skills,Mens Sessions 2026 (4).xlsx,Digital Skills,DATE-2026-01-19-1000,15476,259,Abdul Majid,FULL:4441,MATCHED_FULL; attendance exists
ALREADY_IN_CRM,2026-01-19,Alum Rock Community Centre,Digital Skills,Mens Sessions 2026 (4).xlsx,Digital Skills,DATE-2026-01-19-1000,15476,176,Noel MCMANAMON,FULL:4800,MATCHED_FULL; attendance exists
ALREADY_IN_CRM,2026-01-19,Alum Rock Community Centre,Digital Skills,Mens Sessions 2026 (4).xlsx,Digital Skills,DATE-2026-01-19-1000,15476,1307,Mohammed Akram,FULL:5128,MATCHED_FULL; attendance exists
ALREADY_IN_CRM,2026-01-19,Alum Rock Community Centre,Digital Skills,Mens Sessions 2026 (4).xlsx,Digital Skills,DATE-2026-01-19-1000,15476,1371,,FULL:5261,MATCHED_FULL; attendance exists
ALREADY_IN_CRM,2026-01-19,Alum Rock Community Centre,Digital Skills,Mens Sessions 2026 (4).xlsx,Digital Skills,DATE-2026-01-19-1000,15476,1357,Arshad Mahmood,FULL:5240,MATCHED_FULL; attendance exists
ALREADY_IN_CRM,2026-01-19,Alum Rock Community Centre,Digital Skills,Mens Sessions 2026 (4).xlsx,Digital Skills,DATE-2026-01-19-1000,15476,1247,Hayat Ali,FULL:4960,MATCHED_FULL; attendance exists
ALREADY_IN_CRM,2026-01-19,Alum Rock Community Centre,Digital Skills,Mens Sessions 2026 (4).xlsx,Digital Skills,DATE-2026-01-19-1000,15476,280,Halal Uddin Ahmed,FULL:4489,MATCHED_FULL; attendance exists
ALREADY_IN_CRM,2026-01-19,Alum Rock Community Centre,Digital Skills,Mens Sessions 2026 (4).xlsx,Digital Skills,DATE-2026-01-19-1000,15476,1203,Sabir Hussain,FULL:4874,MATCHED_FULL; attendance exists
EXISTING_SESSION,2026-01-20,Alum Rock Community Centre,Men's Exercise,Mens Sessions 2026 (4).xlsx,Men's Exercise ARCC,DATE-2026-01-20-0915,15477,,,,Reused SessionId=15477; CRM time=09:15:00-10:30:00
ALREADY_IN_CRM,2026-01-20,Alum Rock Community Centre,Men's Exercise,Mens Sessions 2026 (4).xlsx,Men's Exercise ARCC,DATE-2026-01-20-0915,15477,1231,Abdul Kadir,FULL:4928,MATCHED_FULL; attendance exists
ALREADY_IN_CRM,2026-01-20,Alum Rock Community Centre,Men's Exercise,Mens Sessions 2026 (4).xlsx,Men's Exercise ARCC,DATE-2026-01-20-0915,15477,160,Mark Reid,FULL:4669,MATCHED_FULL; attendance exists
ALREADY_IN_CRM,2026-01-20,Alum Rock Community Centre,Men's Exercise,Mens Sessions 2026 (4).xlsx,Men's Exercise ARCC,DATE-2026-01-20-0915,15477,1357,Arshad Mahmood,FULL:5240,MATCHED_FULL; attendance exists
ALREADY_IN_CRM,2026-01-20,Alum Rock Community Centre,Men's Exercise,Mens Sessions 2026 (4).xlsx,Men's Exercise ARCC,DATE-2026-01-20-0915,15477,1049,Mohammed Hanif Moosa,FULL:4662,MATCHED_FULL; attendance exists
ALREADY_IN_CRM,2026-01-20,Alum Rock Community Centre,Men's Exercise,Mens Sessions 2026 (4).xlsx,Men's Exercise ARCC,DATE-2026-01-20-0915,15477,111,Ghiyas-Ul-Haq Ahmed,FULL:4613,MATCHED_FULL; attendance exists
EXISTING_SESSION,2026-01-26,Alum Rock Community Centre,Digital Skills,Mens Sessions 2026 (4).xlsx,Digital Skills,DATE-2026-01-26-1000,15478,,,,Reused SessionId=15478; CRM time=10:00:00-11:00:00
ALREADY_IN_CRM,2026-01-26,Alum Rock Community Centre,Digital Skills,Mens Sessions 2026 (4).xlsx,Digital Skills,DATE-2026-01-26-1000,15478,1307,Mohammed Akram,FULL:5128,MATCHED_FULL; attendance exists
ALREADY_IN_CRM,2026-01-26,Alum Rock Community Centre,Digital Skills,Mens Sessions 2026 (4).xlsx,Digital Skills,DATE-2026-01-26-1000,15478,265,Kamran Khan,FULL:4456,MATCHED_FULL; attendance exists
ALREADY_IN_CRM,2026-01-26,Alum Rock Community Centre,Digital Skills,Mens Sessions 2026 (4).xlsx,Digital Skills,DATE-2026-01-26-1000,15478,259,Abdul Majid,FULL:4441,MATCHED_FULL; attendance exists
ALREADY_IN_CRM,2026-01-26,Alum Rock Community Centre,Digital Skills,Mens Sessions 2026 (4).xlsx,Digital Skills,DATE-2026-01-26-1000,15478,1330,Aisha Khan,FULL:5182,MATCHED_FULL; attendance exists
ALREADY_IN_CRM,2026-01-26,Alum Rock Community Centre,Digital Skills,Mens Sessions 2026 (4).xlsx,Digital Skills,DATE-2026-01-26-1000,15478,176,Noel MCMANAMON,FULL:4800,MATCHED_FULL; attendance exists
ALREADY_IN_CRM,2026-01-26,Alum Rock Community Centre,Digital Skills,Mens Sessions 2026 (4).xlsx,Digital Skills,DATE-2026-01-26-1000,15478,1357,Arshad Mahmood,FULL:5240,MATCHED_FULL; attendance exists
ALREADY_IN_CRM,2026-01-26,Alum Rock Community Centre,Digital Skills,Mens Sessions 2026 (4).xlsx,Digital Skills,DATE-2026-01-26-1000,15478,280,Halal Uddin Ahmed,FULL:4489,MATCHED_FULL; attendance exists
EXISTING_SESSION,2026-01-27,Alum Rock Community Centre,Men's Exercise,Mens Sessions 2026 (4).xlsx,Men's Exercise ARCC,DATE-2026-01-27-0915,15479,,,,Reused SessionId=15479; CRM time=09:15:00-10:30:00
ALREADY_IN_CRM,2026-01-27,Alum Rock Community Centre,Men's Exercise,Mens Sessions 2026 (4).xlsx,Men's Exercise ARCC,DATE-2026-01-27-0915,15479,97,Mohammed Saleem,FULL:4443,MATCHED_FULL; attendance exists
ALREADY_IN_CRM,2026-01-27,Alum Rock Community Centre,Men's Exercise,Mens Sessions 2026 (4).xlsx,Men's Exercise ARCC,DATE-2026-01-27-0915,15479,1357,Arshad Mahmood,FULL:5240,MATCHED_FULL; attendance exists
ALREADY_IN_CRM,2026-01-27,Alum Rock Community Centre,Men's Exercise,Mens Sessions 2026 (4).xlsx,Men's Exercise ARCC,DATE-2026-01-27-0915,15479,160,Mark Reid,FULL:4669,MATCHED_FULL; attendance exists
ALREADY_IN_CRM,2026-01-27,Alum Rock Community Centre,Men's Exercise,Mens Sessions 2026 (4).xlsx,Men's Exercise ARCC,DATE-2026-01-27-0915,15479,1231,Abdul Kadir,FULL:4928,MATCHED_FULL; attendance exists
ALREADY_IN_CRM,2026-01-27,Alum Rock Community Centre,Men's Exercise,Mens Sessions 2026 (4).xlsx,Men's Exercise ARCC,DATE-2026-01-27-0915,15479,1049,Mohammed Hanif Moosa,FULL:4662,MATCHED_FULL; attendance exists
EXISTING_SESSION,2026-01-27,Bahu Trust,Men's Know Your Number,Men's sessions (FFF Know your numbers) Zaheers (1).xlsx,June 2025 - March 2026,COL-AX,15480,,,,Reused SessionId=15480; CRM time=13:30:00-14:30:00
ALREADY_IN_CRM,2026-01-27,Bahu Trust,Men's Know Your Number,Men's sessions (FFF Know your numbers) Zaheers (1).xlsx,June 2025 - March 2026,COL-AX,15480,,Mohammed Bashir,LITE:AAE2A64D-24EE-42C7-8FAF-CE5410CA0FE6,MATCHED_LITE_PROGRAM_HISTORY_OVERRIDE; attendance exists
ALREADY_IN_CRM,2026-01-27,Bahu Trust,Men's Know Your Number,Men's sessions (FFF Know your numbers) Zaheers (1).xlsx,June 2025 - March 2026,COL-AX,15480,,Ishfaq Shah,LITE:63FCB4CE-7F0E-4132-89F2-10F3C51159CC,MATCHED_LITE_EXACT_NAME; attendance exists
ALREADY_IN_CRM,2026-01-27,Bahu Trust,Men's Know Your Number,Men's sessions (FFF Know your numbers) Zaheers (1).xlsx,June 2025 - March 2026,COL-AX,15480,,Mohammed Malik,LITE:BC6EFA2A-5753-4309-887A-0DD4FA651E1E,MATCHED_LITE_EXACT_NAME; attendance exists
ALREADY_IN_CRM,2026-01-27,Bahu Trust,Men's Know Your Number,Men's sessions (FFF Know your numbers) Zaheers (1).xlsx,June 2025 - March 2026,COL-AX,15480,,Qurban Ali,LITE:A6595BF2-167D-4A4A-AE1F-81F7100EAEFD,MATCHED_LITE_PROGRAM_HISTORY_OVERRIDE; attendance exists
ALREADY_IN_CRM,2026-01-27,Bahu Trust,Men's Know Your Number,Men's sessions (FFF Know your numbers) Zaheers (1).xlsx,June 2025 - March 2026,COL-AX,15480,,Tasadiq Hussain,LITE:26A5EA46-D1C4-45BD-A48B-5E4DBE371DAF,MATCHED_LITE_EXACT_NAME; attendance exists
ALREADY_IN_CRM,2026-01-27,Bahu Trust,Men's Know Your Number,Men's sessions (FFF Know your numbers) Zaheers (1).xlsx,June 2025 - March 2026,COL-AX,15480,,Khadim Hussain,LITE:F137B8E5-D567-4D00-8207-7E704C4A3D33,MATCHED_LITE_EXACT_NAME; attendance exists
ALREADY_IN_CRM,2026-01-27,Bahu Trust,Men's Know Your Number,Men's sessions (FFF Know your numbers) Zaheers (1).xlsx,June 2025 - March 2026,COL-AX,15480,,Abdulla Rehman,LITE:CBA57AC5-7231-4CA9-8651-BC70532ECCAC,MATCHED_LITE_EXACT_NAME; attendance exists
ALREADY_IN_CRM,2026-01-27,Bahu Trust,Men's Know Your Number,Men's sessions (FFF Know your numbers) Zaheers (1).xlsx,June 2025 - March 2026,COL-AX,15480,,Mohammed Jamil,LITE:432EFB1B-C6B3-4D28-9A50-3851E36B1EBE,MATCHED_LITE_EXACT_NAME; attendance exists
ALREADY_IN_CRM,2026-01-27,Bahu Trust,Men's Know Your Number,Men's sessions (FFF Know your numbers) Zaheers (1).xlsx,June 2025 - March 2026,COL-AX,15480,,Mohammed Usman,LITE:DB7BBC89-DCD0-4EE2-95BB-954B2BD44D20,MATCHED_LITE_EXACT_NAME; attendance exists
ALREADY_IN_CRM,2026-01-27,Bahu Trust,Men's Know Your Number,Men's sessions (FFF Know your numbers) Zaheers (1).xlsx,June 2025 - March 2026,COL-AX,15480,,Sheikh Mohammed Kasim,LITE:F3385594-57DF-4A7B-8AEF-45C64F166F60,MATCHED_LITE_EXACT_NAME; attendance exists
EXISTING_SESSION,2026-02-02,Alum Rock Community Centre,Digital Skills,Mens Sessions 2026 (4).xlsx,Digital Skills,DATE-2026-02-02-1000,15481,,,,Reused SessionId=15481; CRM time=10:00:00-11:00:00
ALREADY_IN_CRM,2026-02-02,Alum Rock Community Centre,Digital Skills,Mens Sessions 2026 (4).xlsx,Digital Skills,DATE-2026-02-02-1000,15481,1390,,FULL:5314,MATCHED_FULL; attendance exists
ALREADY_IN_CRM,2026-02-02,Alum Rock Community Centre,Digital Skills,Mens Sessions 2026 (4).xlsx,Digital Skills,DATE-2026-02-02-1000,15481,1307,Mohammed Akram,FULL:5128,MATCHED_FULL; attendance exists
ALREADY_IN_CRM,2026-02-02,Alum Rock Community Centre,Digital Skills,Mens Sessions 2026 (4).xlsx,Digital Skills,DATE-2026-02-02-1000,15481,265,Kamran Khan,FULL:4456,MATCHED_FULL; attendance exists
ALREADY_IN_CRM,2026-02-02,Alum Rock Community Centre,Digital Skills,Mens Sessions 2026 (4).xlsx,Digital Skills,DATE-2026-02-02-1000,15481,176,Noel MCMANAMON,FULL:4800,MATCHED_FULL; attendance exists
ALREADY_IN_CRM,2026-02-02,Alum Rock Community Centre,Digital Skills,Mens Sessions 2026 (4).xlsx,Digital Skills,DATE-2026-02-02-1000,15481,1247,Hayat Ali,FULL:4960,MATCHED_FULL; attendance exists
ALREADY_IN_CRM,2026-02-02,Alum Rock Community Centre,Digital Skills,Mens Sessions 2026 (4).xlsx,Digital Skills,DATE-2026-02-02-1000,15481,1357,Arshad Mahmood,FULL:5240,MATCHED_FULL; attendance exists
EXISTING_SESSION,2026-02-03,Alum Rock Community Centre,Men's Exercise,Mens Sessions 2026 (4).xlsx,Men's Exercise ARCC,DATE-2026-02-03-0915,15482,,,,Reused SessionId=15482; CRM time=09:15:00-10:30:00
ALREADY_IN_CRM,2026-02-03,Alum Rock Community Centre,Men's Exercise,Mens Sessions 2026 (4).xlsx,Men's Exercise ARCC,DATE-2026-02-03-0915,15482,1231,Abdul Kadir,FULL:4928,MATCHED_FULL; attendance exists
ALREADY_IN_CRM,2026-02-03,Alum Rock Community Centre,Men's Exercise,Mens Sessions 2026 (4).xlsx,Men's Exercise ARCC,DATE-2026-02-03-0915,15482,97,Mohammed Saleem,FULL:4443,MATCHED_FULL; attendance exists
ALREADY_IN_CRM,2026-02-03,Alum Rock Community Centre,Men's Exercise,Mens Sessions 2026 (4).xlsx,Men's Exercise ARCC,DATE-2026-02-03-0915,15482,1390,,FULL:5314,MATCHED_FULL; attendance exists
ALREADY_IN_CRM,2026-02-03,Alum Rock Community Centre,Men's Exercise,Mens Sessions 2026 (4).xlsx,Men's Exercise ARCC,DATE-2026-02-03-0915,15482,160,Mark Reid,FULL:4669,MATCHED_FULL; attendance exists
ALREADY_IN_CRM,2026-02-03,Alum Rock Community Centre,Men's Exercise,Mens Sessions 2026 (4).xlsx,Men's Exercise ARCC,DATE-2026-02-03-0915,15482,1049,Mohammed Hanif Moosa,FULL:4662,MATCHED_FULL; attendance exists
ALREADY_IN_CRM,2026-02-03,Alum Rock Community Centre,Men's Exercise,Mens Sessions 2026 (4).xlsx,Men's Exercise ARCC,DATE-2026-02-03-0915,15482,309,Bernard McLaughlin,FULL:4556,MATCHED_FULL; attendance exists
ALREADY_IN_CRM,2026-02-03,Alum Rock Community Centre,Men's Exercise,Mens Sessions 2026 (4).xlsx,Men's Exercise ARCC,DATE-2026-02-03-0915,15482,111,Ghiyas-Ul-Haq Ahmed,FULL:4613,MATCHED_FULL; attendance exists
ALREADY_IN_CRM,2026-02-03,Alum Rock Community Centre,Men's Exercise,Mens Sessions 2026 (4).xlsx,Men's Exercise ARCC,DATE-2026-02-03-0915,15482,5,Abdul Hafiz,FULL:4672,MATCHED_FULL; attendance exists
EXISTING_SESSION,2026-02-03,Bahu Trust,Men's Know Your Number,Men's sessions (FFF Know your numbers) Zaheers (1).xlsx,June 2025 - March 2026,COL-AY,15483,,,,Reused SessionId=15483; CRM time=13:30:00-14:30:00
ALREADY_IN_CRM,2026-02-03,Bahu Trust,Men's Know Your Number,Men's sessions (FFF Know your numbers) Zaheers (1).xlsx,June 2025 - March 2026,COL-AY,15483,,Asif Hussain,LITE:F93F5891-A658-44F1-9240-EC39C179AC58,MATCHED_LITE_EXACT_NAME; attendance exists
ALREADY_IN_CRM,2026-02-03,Bahu Trust,Men's Know Your Number,Men's sessions (FFF Know your numbers) Zaheers (1).xlsx,June 2025 - March 2026,COL-AY,15483,,Mohammed Bashir,LITE:AAE2A64D-24EE-42C7-8FAF-CE5410CA0FE6,MATCHED_LITE_PROGRAM_HISTORY_OVERRIDE; attendance exists
ALREADY_IN_CRM,2026-02-03,Bahu Trust,Men's Know Your Number,Men's sessions (FFF Know your numbers) Zaheers (1).xlsx,June 2025 - March 2026,COL-AY,15483,,Mohammed Malik,LITE:BC6EFA2A-5753-4309-887A-0DD4FA651E1E,MATCHED_LITE_EXACT_NAME; attendance exists
ALREADY_IN_CRM,2026-02-03,Bahu Trust,Men's Know Your Number,Men's sessions (FFF Know your numbers) Zaheers (1).xlsx,June 2025 - March 2026,COL-AY,15483,,Qurban Ali,LITE:A6595BF2-167D-4A4A-AE1F-81F7100EAEFD,MATCHED_LITE_PROGRAM_HISTORY_OVERRIDE; attendance exists
ALREADY_IN_CRM,2026-02-03,Bahu Trust,Men's Know Your Number,Men's sessions (FFF Know your numbers) Zaheers (1).xlsx,June 2025 - March 2026,COL-AY,15483,,Ishfaq Shah,LITE:63FCB4CE-7F0E-4132-89F2-10F3C51159CC,MATCHED_LITE_EXACT_NAME; attendance exists
ALREADY_IN_CRM,2026-02-03,Bahu Trust,Men's Know Your Number,Men's sessions (FFF Know your numbers) Zaheers (1).xlsx,June 2025 - March 2026,COL-AY,15483,,Khadim Hussain,LITE:F137B8E5-D567-4D00-8207-7E704C4A3D33,MATCHED_LITE_EXACT_NAME; attendance exists
ALREADY_IN_CRM,2026-02-03,Bahu Trust,Men's Know Your Number,Men's sessions (FFF Know your numbers) Zaheers (1).xlsx,June 2025 - March 2026,COL-AY,15483,,Tasidiq Hussain,LITE:0D91A012-58E8-4983-B607-A6AF2078F1B6,MATCHED_LITE_EXACT_NAME; attendance exists
ALREADY_IN_CRM,2026-02-03,Bahu Trust,Men's Know Your Number,Men's sessions (FFF Know your numbers) Zaheers (1).xlsx,June 2025 - March 2026,COL-AY,15483,,Mohammed Sadiq,LITE:ED3B3B79-C615-4532-813D-3417CC76BD38,MATCHED_LITE_EXACT_NAME; attendance exists
ALREADY_IN_CRM,2026-02-03,Bahu Trust,Men's Know Your Number,Men's sessions (FFF Know your numbers) Zaheers (1).xlsx,June 2025 - March 2026,COL-AY,15483,,Abdulla Rehaman,LITE:6D057AE8-7506-4318-82BF-A1382AFC3AB2,MATCHED_LITE_EXACT_NAME; attendance exists
ALREADY_IN_CRM,2026-02-03,Bahu Trust,Men's Know Your Number,Men's sessions (FFF Know your numbers) Zaheers (1).xlsx,June 2025 - March 2026,COL-AY,15483,,Qari Mohammed Asif,LITE:29B8932E-2037-4187-B1A0-EF51A5AE8775,MATCHED_LITE_EXACT_NAME; attendance exists
EXISTING_SESSION,2026-02-09,Alum Rock Community Centre,Digital Skills,Mens Sessions 2026 (4).xlsx,Digital Skills,DATE-2026-02-09-1000,15484,,,,Reused SessionId=15484; CRM time=10:00:00-11:00:00
ALREADY_IN_CRM,2026-02-09,Alum Rock Community Centre,Digital Skills,Mens Sessions 2026 (4).xlsx,Digital Skills,DATE-2026-02-09-1000,15484,1307,Mohammed Akram,FULL:5128,MATCHED_FULL; attendance exists
ALREADY_IN_CRM,2026-02-09,Alum Rock Community Centre,Digital Skills,Mens Sessions 2026 (4).xlsx,Digital Skills,DATE-2026-02-09-1000,15484,265,Kamran Khan,FULL:4456,MATCHED_FULL; attendance exists
ALREADY_IN_CRM,2026-02-09,Alum Rock Community Centre,Digital Skills,Mens Sessions 2026 (4).xlsx,Digital Skills,DATE-2026-02-09-1000,15484,1357,Arshad Mahmood,FULL:5240,MATCHED_FULL; attendance exists
ALREADY_IN_CRM,2026-02-09,Alum Rock Community Centre,Digital Skills,Mens Sessions 2026 (4).xlsx,Digital Skills,DATE-2026-02-09-1000,15484,1390,,FULL:5314,MATCHED_FULL; attendance exists
ALREADY_IN_CRM,2026-02-09,Alum Rock Community Centre,Digital Skills,Mens Sessions 2026 (4).xlsx,Digital Skills,DATE-2026-02-09-1000,15484,176,Noel MCMANAMON,FULL:4800,MATCHED_FULL; attendance exists
ALREADY_IN_CRM,2026-02-09,Alum Rock Community Centre,Digital Skills,Mens Sessions 2026 (4).xlsx,Digital Skills,DATE-2026-02-09-1000,15484,1247,Hayat Ali,FULL:4960,MATCHED_FULL; attendance exists
ALREADY_IN_CRM,2026-02-09,Alum Rock Community Centre,Digital Skills,Mens Sessions 2026 (4).xlsx,Digital Skills,DATE-2026-02-09-1000,15484,259,Abdul Majid,FULL:4441,MATCHED_FULL; attendance exists
ALREADY_IN_CRM,2026-02-09,Alum Rock Community Centre,Digital Skills,Mens Sessions 2026 (4).xlsx,Digital Skills,DATE-2026-02-09-1000,15484,280,Halal Uddin Ahmed,FULL:4489,MATCHED_FULL; attendance exists
EXISTING_SESSION,2026-02-10,Alum Rock Community Centre,Men's Exercise,Mens Sessions 2026 (4).xlsx,Men's Exercise ARCC,DATE-2026-02-10-0915,15485,,,,Reused SessionId=15485; CRM time=09:15:00-10:30:00
ALREADY_IN_CRM,2026-02-10,Alum Rock Community Centre,Men's Exercise,Mens Sessions 2026 (4).xlsx,Men's Exercise ARCC,DATE-2026-02-10-0915,15485,97,Mohammed Saleem,FULL:4443,MATCHED_FULL; attendance exists
ALREADY_IN_CRM,2026-02-10,Alum Rock Community Centre,Men's Exercise,Mens Sessions 2026 (4).xlsx,Men's Exercise ARCC,DATE-2026-02-10-0915,15485,160,Mark Reid,FULL:4669,MATCHED_FULL; attendance exists
ALREADY_IN_CRM,2026-02-10,Alum Rock Community Centre,Men's Exercise,Mens Sessions 2026 (4).xlsx,Men's Exercise ARCC,DATE-2026-02-10-0915,15485,1049,Mohammed Hanif Moosa,FULL:4662,MATCHED_FULL; attendance exists
ALREADY_IN_CRM,2026-02-10,Alum Rock Community Centre,Men's Exercise,Mens Sessions 2026 (4).xlsx,Men's Exercise ARCC,DATE-2026-02-10-0915,15485,1390,,FULL:5314,MATCHED_FULL; attendance exists
ALREADY_IN_CRM,2026-02-10,Alum Rock Community Centre,Men's Exercise,Mens Sessions 2026 (4).xlsx,Men's Exercise ARCC,DATE-2026-02-10-0915,15485,309,Bernard McLaughlin,FULL:4556,MATCHED_FULL; attendance exists
EXISTING_SESSION,2026-02-10,Bahu Trust,Men's Know Your Number,Men's sessions (FFF Know your numbers) Zaheers (1).xlsx,June 2025 - March 2026,COL-AZ,15486,,,,Reused SessionId=15486; CRM time=13:30:00-14:30:00
ALREADY_IN_CRM,2026-02-10,Bahu Trust,Men's Know Your Number,Men's sessions (FFF Know your numbers) Zaheers (1).xlsx,June 2025 - March 2026,COL-AZ,15486,,Mohammed Malik,LITE:BC6EFA2A-5753-4309-887A-0DD4FA651E1E,MATCHED_LITE_EXACT_NAME; attendance exists
ALREADY_IN_CRM,2026-02-10,Bahu Trust,Men's Know Your Number,Men's sessions (FFF Know your numbers) Zaheers (1).xlsx,June 2025 - March 2026,COL-AZ,15486,,Nazir Hussain,LITE:1D2B4A31-DB27-4D30-8931-08F9445576C7,MATCHED_LITE_EXACT_NAME; attendance exists
ALREADY_IN_CRM,2026-02-10,Bahu Trust,Men's Know Your Number,Men's sessions (FFF Know your numbers) Zaheers (1).xlsx,June 2025 - March 2026,COL-AZ,15486,,Qurban Ali,LITE:A6595BF2-167D-4A4A-AE1F-81F7100EAEFD,MATCHED_LITE_PROGRAM_HISTORY_OVERRIDE; attendance exists
ALREADY_IN_CRM,2026-02-10,Bahu Trust,Men's Know Your Number,Men's sessions (FFF Know your numbers) Zaheers (1).xlsx,June 2025 - March 2026,COL-AZ,15486,,Khadim Hussain,LITE:F137B8E5-D567-4D00-8207-7E704C4A3D33,MATCHED_LITE_EXACT_NAME; attendance exists
ALREADY_IN_CRM,2026-02-10,Bahu Trust,Men's Know Your Number,Men's sessions (FFF Know your numbers) Zaheers (1).xlsx,June 2025 - March 2026,COL-AZ,15486,,Mohammed Usman,LITE:DB7BBC89-DCD0-4EE2-95BB-954B2BD44D20,MATCHED_LITE_EXACT_NAME; attendance exists
ALREADY_IN_CRM,2026-02-10,Bahu Trust,Men's Know Your Number,Men's sessions (FFF Know your numbers) Zaheers (1).xlsx,June 2025 - March 2026,COL-AZ,15486,,Ishfaq Shah,LITE:63FCB4CE-7F0E-4132-89F2-10F3C51159CC,MATCHED_LITE_EXACT_NAME; attendance exists
ALREADY_IN_CRM,2026-02-10,Bahu Trust,Men's Know Your Number,Men's sessions (FFF Know your numbers) Zaheers (1).xlsx,June 2025 - March 2026,COL-AZ,15486,,Surfaraz Ahmed,LITE:F0910866-4399-4B00-8827-FCCBF2C2A634,MATCHED_LITE_EXACT_NAME; attendance exists
ALREADY_IN_CRM,2026-02-10,Bahu Trust,Men's Know Your Number,Men's sessions (FFF Know your numbers) Zaheers (1).xlsx,June 2025 - March 2026,COL-AZ,15486,,Mohammed Asif,LITE:07072B81-3A3A-420C-ADBE-431C428152EF,MATCHED_LITE_EXACT_NAME; attendance exists
EXISTING_SESSION,2026-02-16,Alum Rock Community Centre,Digital Skills,Mens Sessions 2026 (4).xlsx,Digital Skills,DATE-2026-02-16-1000,15487,,,,Reused SessionId=15487; CRM time=10:00:00-11:00:00
ALREADY_IN_CRM,2026-02-16,Alum Rock Community Centre,Digital Skills,Mens Sessions 2026 (4).xlsx,Digital Skills,DATE-2026-02-16-1000,15487,1390,,FULL:5314,MATCHED_FULL; attendance exists
ALREADY_IN_CRM,2026-02-16,Alum Rock Community Centre,Digital Skills,Mens Sessions 2026 (4).xlsx,Digital Skills,DATE-2026-02-16-1000,15487,280,Halal Uddin Ahmed,FULL:4489,MATCHED_FULL; attendance exists
ALREADY_IN_CRM,2026-02-16,Alum Rock Community Centre,Digital Skills,Mens Sessions 2026 (4).xlsx,Digital Skills,DATE-2026-02-16-1000,15487,176,Noel MCMANAMON,FULL:4800,MATCHED_FULL; attendance exists
ALREADY_IN_CRM,2026-02-16,Alum Rock Community Centre,Digital Skills,Mens Sessions 2026 (4).xlsx,Digital Skills,DATE-2026-02-16-1000,15487,1247,Hayat Ali,FULL:4960,MATCHED_FULL; attendance exists
EXISTING_SESSION,2026-02-17,Alum Rock Community Centre,Men's Exercise,Mens Sessions 2026 (4).xlsx,Men's Exercise ARCC,DATE-2026-02-17-0915,15488,,,,Reused SessionId=15488; CRM time=09:15:00-10:30:00
ALREADY_IN_CRM,2026-02-17,Alum Rock Community Centre,Men's Exercise,Mens Sessions 2026 (4).xlsx,Men's Exercise ARCC,DATE-2026-02-17-0915,15488,5,Abdul Hafiz,FULL:4672,MATCHED_FULL; attendance exists
ALREADY_IN_CRM,2026-02-17,Alum Rock Community Centre,Men's Exercise,Mens Sessions 2026 (4).xlsx,Men's Exercise ARCC,DATE-2026-02-17-0915,15488,1049,Mohammed Hanif Moosa,FULL:4662,MATCHED_FULL; attendance exists
ALREADY_IN_CRM,2026-02-17,Alum Rock Community Centre,Men's Exercise,Mens Sessions 2026 (4).xlsx,Men's Exercise ARCC,DATE-2026-02-17-0915,15488,97,Mohammed Saleem,FULL:4443,MATCHED_FULL; attendance exists
ALREADY_IN_CRM,2026-02-17,Alum Rock Community Centre,Men's Exercise,Mens Sessions 2026 (4).xlsx,Men's Exercise ARCC,DATE-2026-02-17-0915,15488,1390,,FULL:5314,MATCHED_FULL; attendance exists
ALREADY_IN_CRM,2026-02-17,Alum Rock Community Centre,Men's Exercise,Mens Sessions 2026 (4).xlsx,Men's Exercise ARCC,DATE-2026-02-17-0915,15488,309,Bernard McLaughlin,FULL:4556,MATCHED_FULL; attendance exists
ALREADY_IN_CRM,2026-02-17,Alum Rock Community Centre,Men's Exercise,Mens Sessions 2026 (4).xlsx,Men's Exercise ARCC,DATE-2026-02-17-0915,15488,1037,Mahesh Patel,FULL:4624,MATCHED_FULL; attendance exists
ALREADY_IN_CRM,2026-02-17,Alum Rock Community Centre,Men's Exercise,Mens Sessions 2026 (4).xlsx,Men's Exercise ARCC,DATE-2026-02-17-0915,15488,111,Ghiyas-Ul-Haq Ahmed,FULL:4613,MATCHED_FULL; attendance exists
EXISTING_SESSION,2026-02-17,Bahu Trust,Men's Know Your Number,Men's sessions (FFF Know your numbers) Zaheers (1).xlsx,June 2025 - March 2026,COL-BA,15489,,,,Reused SessionId=15489; CRM time=13:30:00-14:30:00
ALREADY_IN_CRM,2026-02-17,Bahu Trust,Men's Know Your Number,Men's sessions (FFF Know your numbers) Zaheers (1).xlsx,June 2025 - March 2026,COL-BA,15489,,Qurban Ali,LITE:A6595BF2-167D-4A4A-AE1F-81F7100EAEFD,MATCHED_LITE_PROGRAM_HISTORY_OVERRIDE; attendance exists
ALREADY_IN_CRM,2026-02-17,Bahu Trust,Men's Know Your Number,Men's sessions (FFF Know your numbers) Zaheers (1).xlsx,June 2025 - March 2026,COL-BA,15489,,Khadim Hussain,LITE:F137B8E5-D567-4D00-8207-7E704C4A3D33,MATCHED_LITE_EXACT_NAME; attendance exists
ALREADY_IN_CRM,2026-02-17,Bahu Trust,Men's Know Your Number,Men's sessions (FFF Know your numbers) Zaheers (1).xlsx,June 2025 - March 2026,COL-BA,15489,,Mohammed Malik,LITE:BC6EFA2A-5753-4309-887A-0DD4FA651E1E,MATCHED_LITE_EXACT_NAME; attendance exists
ALREADY_IN_CRM,2026-02-17,Bahu Trust,Men's Know Your Number,Men's sessions (FFF Know your numbers) Zaheers (1).xlsx,June 2025 - March 2026,COL-BA,15489,,Ishfaq Shah,LITE:63FCB4CE-7F0E-4132-89F2-10F3C51159CC,MATCHED_LITE_EXACT_NAME; attendance exists
ALREADY_IN_CRM,2026-02-17,Bahu Trust,Men's Know Your Number,Men's sessions (FFF Know your numbers) Zaheers (1).xlsx,June 2025 - March 2026,COL-BA,15489,,Mohammed Sadiq,LITE:ED3B3B79-C615-4532-813D-3417CC76BD38,MATCHED_LITE_EXACT_NAME; attendance exists
ALREADY_IN_CRM,2026-02-17,Bahu Trust,Men's Know Your Number,Men's sessions (FFF Know your numbers) Zaheers (1).xlsx,June 2025 - March 2026,COL-BA,15489,,Surfraz Ahmed,LITE:700B1B30-1046-45FD-BC23-3FD8CF548B06,MATCHED_LITE_EXACT_NAME; attendance exists
ALREADY_IN_CRM,2026-02-17,Bahu Trust,Men's Know Your Number,Men's sessions (FFF Know your numbers) Zaheers (1).xlsx,June 2025 - March 2026,COL-BA,15489,,Tasidiq Hussain,LITE:0D91A012-58E8-4983-B607-A6AF2078F1B6,MATCHED_LITE_EXACT_NAME; attendance exists
ALREADY_IN_CRM,2026-02-17,Bahu Trust,Men's Know Your Number,Men's sessions (FFF Know your numbers) Zaheers (1).xlsx,June 2025 - March 2026,COL-BA,15489,,Abdulla rehman,LITE:CBA57AC5-7231-4CA9-8651-BC70532ECCAC,MATCHED_LITE_EXACT_NAME; attendance exists
ALREADY_IN_CRM,2026-02-17,Bahu Trust,Men's Know Your Number,Men's sessions (FFF Know your numbers) Zaheers (1).xlsx,June 2025 - March 2026,COL-BA,15489,,Barkat Ali,LITE:641913E3-BEA8-4CFA-A7E6-173BF887A8E5,MATCHED_LITE_EXACT_NAME; attendance exists
ALREADY_IN_CRM,2026-02-17,Bahu Trust,Men's Know Your Number,Men's sessions (FFF Know your numbers) Zaheers (1).xlsx,June 2025 - March 2026,COL-BA,15489,,Mohammed Bashir,LITE:AAE2A64D-24EE-42C7-8FAF-CE5410CA0FE6,MATCHED_LITE_PROGRAM_HISTORY_OVERRIDE; attendance exists
ALREADY_IN_CRM,2026-02-17,Bahu Trust,Men's Know Your Number,Men's sessions (FFF Know your numbers) Zaheers (1).xlsx,June 2025 - March 2026,COL-BA,15489,,Mohammed Usman,LITE:DB7BBC89-DCD0-4EE2-95BB-954B2BD44D20,MATCHED_LITE_EXACT_NAME; attendance exists
ALREADY_IN_CRM,2026-02-17,Bahu Trust,Men's Know Your Number,Men's sessions (FFF Know your numbers) Zaheers (1).xlsx,June 2025 - March 2026,COL-BA,15489,,Imran Ishaq,LITE:F0A9FA1E-CBDD-4557-AB52-5681B87C7E12,MATCHED_LITE_EXACT_NAME; attendance exists
EXISTING_SESSION,2026-02-24,Bahu Trust,Men's Know Your Number,Men's sessions (FFF Know your numbers) Zaheers (1).xlsx,June 2025 - March 2026,COL-BB,15490,,,,Reused SessionId=15490; CRM time=13:30:00-14:30:00
ALREADY_IN_CRM,2026-02-24,Bahu Trust,Men's Know Your Number,Men's sessions (FFF Know your numbers) Zaheers (1).xlsx,June 2025 - March 2026,COL-BB,15490,,Qurban Ali,LITE:A6595BF2-167D-4A4A-AE1F-81F7100EAEFD,MATCHED_LITE_PROGRAM_HISTORY_OVERRIDE; attendance exists
ALREADY_IN_CRM,2026-02-24,Bahu Trust,Men's Know Your Number,Men's sessions (FFF Know your numbers) Zaheers (1).xlsx,June 2025 - March 2026,COL-BB,15490,,Mohammed Malik,LITE:BC6EFA2A-5753-4309-887A-0DD4FA651E1E,MATCHED_LITE_EXACT_NAME; attendance exists
ALREADY_IN_CRM,2026-02-24,Bahu Trust,Men's Know Your Number,Men's sessions (FFF Know your numbers) Zaheers (1).xlsx,June 2025 - March 2026,COL-BB,15490,,Ishfaq Shah,LITE:63FCB4CE-7F0E-4132-89F2-10F3C51159CC,MATCHED_LITE_EXACT_NAME; attendance exists
ALREADY_IN_CRM,2026-02-24,Bahu Trust,Men's Know Your Number,Men's sessions (FFF Know your numbers) Zaheers (1).xlsx,June 2025 - March 2026,COL-BB,15490,,Mohammed Bashir,LITE:AAE2A64D-24EE-42C7-8FAF-CE5410CA0FE6,MATCHED_LITE_PROGRAM_HISTORY_OVERRIDE; attendance exists
ALREADY_IN_CRM,2026-02-24,Bahu Trust,Men's Know Your Number,Men's sessions (FFF Know your numbers) Zaheers (1).xlsx,June 2025 - March 2026,COL-BB,15490,,Imran Ishaq,LITE:F0A9FA1E-CBDD-4557-AB52-5681B87C7E12,MATCHED_LITE_EXACT_NAME; attendance exists
ALREADY_IN_CRM,2026-02-24,Bahu Trust,Men's Know Your Number,Men's sessions (FFF Know your numbers) Zaheers (1).xlsx,June 2025 - March 2026,COL-BB,15490,,Abdulla Rehman,LITE:CBA57AC5-7231-4CA9-8651-BC70532ECCAC,MATCHED_LITE_EXACT_NAME; attendance exists
ALREADY_IN_CRM,2026-02-24,Bahu Trust,Men's Know Your Number,Men's sessions (FFF Know your numbers) Zaheers (1).xlsx,June 2025 - March 2026,COL-BB,15490,,Surfraz Ahmed,LITE:700B1B30-1046-45FD-BC23-3FD8CF548B06,MATCHED_LITE_EXACT_NAME; attendance exists
ALREADY_IN_CRM,2026-02-24,Bahu Trust,Men's Know Your Number,Men's sessions (FFF Know your numbers) Zaheers (1).xlsx,June 2025 - March 2026,COL-BB,15490,,Barkat Ali,LITE:641913E3-BEA8-4CFA-A7E6-173BF887A8E5,MATCHED_LITE_EXACT_NAME; attendance exists
ALREADY_IN_CRM,2026-02-24,Bahu Trust,Men's Know Your Number,Men's sessions (FFF Know your numbers) Zaheers (1).xlsx,June 2025 - March 2026,COL-BB,15490,,Mohammed usman,LITE:DB7BBC89-DCD0-4EE2-95BB-954B2BD44D20,MATCHED_LITE_EXACT_NAME; attendance exists
ALREADY_IN_CRM,2026-02-24,Bahu Trust,Men's Know Your Number,Men's sessions (FFF Know your numbers) Zaheers (1).xlsx,June 2025 - March 2026,COL-BB,15490,,Khadim Hussain,LITE:F137B8E5-D567-4D00-8207-7E704C4A3D33,MATCHED_LITE_EXACT_NAME; attendance exists
ALREADY_IN_CRM,2026-02-24,Bahu Trust,Men's Know Your Number,Men's sessions (FFF Know your numbers) Zaheers (1).xlsx,June 2025 - March 2026,COL-BB,15490,,Mohammed Sadiq,LITE:ED3B3B79-C615-4532-813D-3417CC76BD38,MATCHED_LITE_EXACT_NAME; attendance exists
ALREADY_IN_CRM,2026-02-24,Bahu Trust,Men's Know Your Number,Men's sessions (FFF Know your numbers) Zaheers (1).xlsx,June 2025 - March 2026,COL-BB,15490,,Abdul Ghafar,LITE:68510FE4-683B-4B6E-8557-CDA1E2F5B69C,MATCHED_LITE_EXACT_NAME; attendance exists
EXISTING_SESSION,2026-03-17,Alum Rock Community Centre,Men's Exercise,Mens Sessions 2026 (4).xlsx,Men's Exercise ARCC,DATE-2026-03-17-0915,15491,,,,Reused SessionId=15491; CRM time=09:15:00-10:30:00
ALREADY_IN_CRM,2026-03-17,Alum Rock Community Centre,Men's Exercise,Mens Sessions 2026 (4).xlsx,Men's Exercise ARCC,DATE-2026-03-17-0915,15491,1390,,FULL:5314,MATCHED_FULL; attendance exists
ALREADY_IN_CRM,2026-03-17,Alum Rock Community Centre,Men's Exercise,Mens Sessions 2026 (4).xlsx,Men's Exercise ARCC,DATE-2026-03-17-0915,15491,309,Bernard McLaughlin,FULL:4556,MATCHED_FULL; attendance exists
ALREADY_IN_CRM,2026-03-17,Alum Rock Community Centre,Men's Exercise,Mens Sessions 2026 (4).xlsx,Men's Exercise ARCC,DATE-2026-03-17-0915,15491,160,Mark Reid,FULL:4669,MATCHED_FULL; attendance exists
ALREADY_IN_CRM,2026-03-17,Alum Rock Community Centre,Men's Exercise,Mens Sessions 2026 (4).xlsx,Men's Exercise ARCC,DATE-2026-03-17-0915,15491,1049,Mohammed Hanif Moosa,FULL:4662,MATCHED_FULL; attendance exists
EXISTING_SESSION,2026-03-17,Bahu Trust,Men's Know Your Number,Men's sessions (FFF Know your numbers) Zaheers (1).xlsx,June 2025 - March 2026,COL-BC,15492,,,,Reused SessionId=15492; CRM time=13:30:00-14:30:00
ALREADY_IN_CRM,2026-03-17,Bahu Trust,Men's Know Your Number,Men's sessions (FFF Know your numbers) Zaheers (1).xlsx,June 2025 - March 2026,COL-BC,15492,,Mohammed Malik,LITE:BC6EFA2A-5753-4309-887A-0DD4FA651E1E,MATCHED_LITE_EXACT_NAME; attendance exists
ALREADY_IN_CRM,2026-03-17,Bahu Trust,Men's Know Your Number,Men's sessions (FFF Know your numbers) Zaheers (1).xlsx,June 2025 - March 2026,COL-BC,15492,,Imran Ishaq,LITE:F0A9FA1E-CBDD-4557-AB52-5681B87C7E12,MATCHED_LITE_EXACT_NAME; attendance exists
ALREADY_IN_CRM,2026-03-17,Bahu Trust,Men's Know Your Number,Men's sessions (FFF Know your numbers) Zaheers (1).xlsx,June 2025 - March 2026,COL-BC,15492,,Ishfaq Shah,LITE:63FCB4CE-7F0E-4132-89F2-10F3C51159CC,MATCHED_LITE_EXACT_NAME; attendance exists
ALREADY_IN_CRM,2026-03-17,Bahu Trust,Men's Know Your Number,Men's sessions (FFF Know your numbers) Zaheers (1).xlsx,June 2025 - March 2026,COL-BC,15492,,Qurban Ali,LITE:A6595BF2-167D-4A4A-AE1F-81F7100EAEFD,MATCHED_LITE_PROGRAM_HISTORY_OVERRIDE; attendance exists
ALREADY_IN_CRM,2026-03-17,Bahu Trust,Men's Know Your Number,Men's sessions (FFF Know your numbers) Zaheers (1).xlsx,June 2025 - March 2026,COL-BC,15492,,Abdulla Rehman,LITE:CBA57AC5-7231-4CA9-8651-BC70532ECCAC,MATCHED_LITE_EXACT_NAME; attendance exists
EXISTING_SESSION,2026-03-24,Alum Rock Community Centre,Men's Exercise,Mens Sessions 2026 (4).xlsx,Men's Exercise ARCC,DATE-2026-03-24-0915,15493,,,,Reused SessionId=15493; CRM time=09:15:00-10:30:00
ALREADY_IN_CRM,2026-03-24,Alum Rock Community Centre,Men's Exercise,Mens Sessions 2026 (4).xlsx,Men's Exercise ARCC,DATE-2026-03-24-0915,15493,97,Mohammed Saleem,FULL:4443,MATCHED_FULL; attendance exists
ALREADY_IN_CRM,2026-03-24,Alum Rock Community Centre,Men's Exercise,Mens Sessions 2026 (4).xlsx,Men's Exercise ARCC,DATE-2026-03-24-0915,15493,5,Abdul Hafiz,FULL:4672,MATCHED_FULL; attendance exists
ALREADY_IN_CRM,2026-03-24,Alum Rock Community Centre,Men's Exercise,Mens Sessions 2026 (4).xlsx,Men's Exercise ARCC,DATE-2026-03-24-0915,15493,1049,Mohammed Hanif Moosa,FULL:4662,MATCHED_FULL; attendance exists
ALREADY_IN_CRM,2026-03-24,Alum Rock Community Centre,Men's Exercise,Mens Sessions 2026 (4).xlsx,Men's Exercise ARCC,DATE-2026-03-24-0915,15493,160,Mark Reid,FULL:4669,MATCHED_FULL; attendance exists
ALREADY_IN_CRM,2026-03-24,Alum Rock Community Centre,Men's Exercise,Mens Sessions 2026 (4).xlsx,Men's Exercise ARCC,DATE-2026-03-24-0915,15493,1231,Abdul Kadir,FULL:4928,MATCHED_FULL; attendance exists
EXISTING_SESSION,2026-03-30,Alum Rock Community Centre,Digital Skills,Mens Sessions 2026 (4).xlsx,Digital Skills,DATE-2026-03-30-1000,15494,,,,Reused SessionId=15494; CRM time=10:00:00-11:00:00
ALREADY_IN_CRM,2026-03-30,Alum Rock Community Centre,Digital Skills,Mens Sessions 2026 (4).xlsx,Digital Skills,DATE-2026-03-30-1000,15494,1416,,FULL:9667,MATCHED_FULL; attendance exists
EXISTING_SESSION,2026-03-31,Alum Rock Community Centre,Men's Exercise,Mens Sessions 2026 (4).xlsx,Men's Exercise ARCC,DATE-2026-03-31-0915,15495,,,,Reused SessionId=15495; CRM time=09:15:00-10:30:00
ALREADY_IN_CRM,2026-03-31,Alum Rock Community Centre,Men's Exercise,Mens Sessions 2026 (4).xlsx,Men's Exercise ARCC,DATE-2026-03-31-0915,15495,1326,Mohammed Mahroof,FULL:5171,MATCHED_FULL; attendance exists
ALREADY_IN_CRM,2026-03-31,Alum Rock Community Centre,Men's Exercise,Mens Sessions 2026 (4).xlsx,Men's Exercise ARCC,DATE-2026-03-31-0915,15495,160,Mark Reid,FULL:4669,MATCHED_FULL; attendance exists
ALREADY_IN_CRM,2026-03-31,Alum Rock Community Centre,Men's Exercise,Mens Sessions 2026 (4).xlsx,Men's Exercise ARCC,DATE-2026-03-31-0915,15495,309,Bernard McLaughlin,FULL:4556,MATCHED_FULL; attendance exists
ALREADY_IN_CRM,2026-03-31,Alum Rock Community Centre,Men's Exercise,Mens Sessions 2026 (4).xlsx,Men's Exercise ARCC,DATE-2026-03-31-0915,15495,97,Mohammed Saleem,FULL:4443,MATCHED_FULL; attendance exists
ALREADY_IN_CRM,2026-03-31,Alum Rock Community Centre,Men's Exercise,Mens Sessions 2026 (4).xlsx,Men's Exercise ARCC,DATE-2026-03-31-0915,15495,1390,,FULL:5314,MATCHED_FULL; attendance exists
EXISTING_SESSION,2026-03-31,Bahu Trust,Men's Know Your Number,Men's sessions (FFF Know your numbers) Zaheers (1).xlsx,June 2025 - March 2026,COL-BE,15496,,,,Reused SessionId=15496; CRM time=13:30:00-14:30:00
ALREADY_IN_CRM,2026-03-31,Bahu Trust,Men's Know Your Number,Men's sessions (FFF Know your numbers) Zaheers (1).xlsx,June 2025 - March 2026,COL-BE,15496,,Mohammed Malik,LITE:BC6EFA2A-5753-4309-887A-0DD4FA651E1E,MATCHED_LITE_EXACT_NAME; attendance exists
ALREADY_IN_CRM,2026-03-31,Bahu Trust,Men's Know Your Number,Men's sessions (FFF Know your numbers) Zaheers (1).xlsx,June 2025 - March 2026,COL-BE,15496,,Imran Ishaq,LITE:F0A9FA1E-CBDD-4557-AB52-5681B87C7E12,MATCHED_LITE_EXACT_NAME; attendance exists
ALREADY_IN_CRM,2026-03-31,Bahu Trust,Men's Know Your Number,Men's sessions (FFF Know your numbers) Zaheers (1).xlsx,June 2025 - March 2026,COL-BE,15496,,Ishfaq Shah,LITE:63FCB4CE-7F0E-4132-89F2-10F3C51159CC,MATCHED_LITE_EXACT_NAME; attendance exists
ALREADY_IN_CRM,2026-03-31,Bahu Trust,Men's Know Your Number,Men's sessions (FFF Know your numbers) Zaheers (1).xlsx,June 2025 - March 2026,COL-BE,15496,,Qurban Ali,LITE:A6595BF2-167D-4A4A-AE1F-81F7100EAEFD,MATCHED_LITE_PROGRAM_HISTORY_OVERRIDE; attendance exists
ALREADY_IN_CRM,2026-03-31,Bahu Trust,Men's Know Your Number,Men's sessions (FFF Know your numbers) Zaheers (1).xlsx,June 2025 - March 2026,COL-BE,15496,,Abdulla Rehman,LITE:CBA57AC5-7231-4CA9-8651-BC70532ECCAC,MATCHED_LITE_EXACT_NAME; attendance exists
ALREADY_IN_CRM,2026-03-31,Bahu Trust,Men's Know Your Number,Men's sessions (FFF Know your numbers) Zaheers (1).xlsx,June 2025 - March 2026,COL-BE,15496,,Mohammed Ijaz,LITE:4C99F885-3C8D-4324-8633-FE5EBBFFD0EB,MATCHED_LITE_EXACT_NAME; attendance exists
ALREADY_IN_CRM,2026-03-31,Bahu Trust,Men's Know Your Number,Men's sessions (FFF Know your numbers) Zaheers (1).xlsx,June 2025 - March 2026,COL-BE,15496,,Mohammed Sadiq,LITE:ED3B3B79-C615-4532-813D-3417CC76BD38,MATCHED_LITE_EXACT_NAME; attendance exists
ALREADY_IN_CRM,2026-03-31,Bahu Trust,Men's Know Your Number,Men's sessions (FFF Know your numbers) Zaheers (1).xlsx,June 2025 - March 2026,COL-BE,15496,,Mohammed Jameel,LITE:2E9F9D14-9927-407B-81B1-DABC041860F7,MATCHED_LITE_EXACT_NAME; attendance exists
ALREADY_IN_CRM,2026-03-31,Bahu Trust,Men's Know Your Number,Men's sessions (FFF Know your numbers) Zaheers (1).xlsx,June 2025 - March 2026,COL-BE,15496,,Mohammed Nazir,LITE:D018C1AB-1C59-4A12-9C53-BD7BBA8CBC8D,MATCHED_LITE_EXACT_NAME; attendance exists
ALREADY_IN_CRM,2026-03-31,Bahu Trust,Men's Know Your Number,Men's sessions (FFF Know your numbers) Zaheers (1).xlsx,June 2025 - March 2026,COL-BE,15496,,Asif Hussain,LITE:F93F5891-A658-44F1-9240-EC39C179AC58,MATCHED_LITE_EXACT_NAME; attendance exists
ALREADY_IN_CRM,2026-03-31,Bahu Trust,Men's Know Your Number,Men's sessions (FFF Know your numbers) Zaheers (1).xlsx,June 2025 - March 2026,COL-BE,15496,,Malik Qamqr,LITE:E6320CEA-4B0F-4166-906E-79E0A38C7B56,MATCHED_LITE_EXACT_NAME; attendance exists
